Workbook

Sheet Index
A1: f | B1: Dedicated Freight Corridor Corporation of India
A2: Index
A3: Sr.No. | B3: Particular | C3: Page No. | D3: izkfIr Receipt | E3: LFkkukarj.k Transfer | F3: fuxZe Issues | G3: 'ks"k Balance | H3: Remarks | I3: QR
A4: 1 | B4: Grease Nipple 8mm | C4: 1001 | D4: ='1001'!E6 -> 100 | E4: ='1001'!F6 -> 0 | F4: ='1001'!G6 -> 100 | G4: ='1001'!H6 -> 0
A5: 2 | B5: Grease Nipple 10mm | C5: 1003 | D5: ='1003'!E6 -> 100 | E5: ='1003'!F6 -> 0 | F5: ='1003'!G6 -> 100 | G5: ='1003'!H6 -> 0
A6: 3 | B6: Hex bolt & Nut For Roller P&C | C6: 1005 | D6: ='1005'!E6 -> 50 | E6: ='1005'!F6 -> 0 | F6: ='1005'!G6 -> 50 | G6: ='1005'!H6 -> 0
A7: 4 | B7: L&Key bolt for back drive | C7: 1007 | D7: ='1007'!E6 -> 400 | E7: ='1007'!F6 -> 0 | F7: ='1007'!G6 -> 100 | G7: ='1007'!H6 -> 300
A8: 5 | B8: Crockery Items | C8: 1009 | D8: ='1009'!E6 -> 9 | E8: ='1009'!F6 -> 0 | F8: ='1009'!G6 -> 0 | G8: ='1009'!H6 -> 9
A9: 6 | B9: Sumer seabll pipe(3/4 inch) | C9: 1012 | D9: ='1012'!E6 -> 1 | E9: ='1012'!F6 -> 0 | F9: ='1012'!G6 -> 0 | G9: ='1012'!H6 -> 1
A10: 7 | B10: M.S Angle | C10: 1014 | D10: ='1014'!E6 -> 137.7 | E10: ='1014'!F6 -> 0 | F10: ='1014'!G6 -> 74 | G10: ='1014'!H6 -> 63.7 | H10: NOS. | I10: =_xlfn.IMAGE("https://quickchart.io/qr?text="&_xlfn.ENCODEURL("Sr No: "&A2&" | Item: "&B2&" | Page No: "&C2&" | Receipt: "&D2&" | Transfer: "&E2&" | Issues: "&F2&" | Balance: "&G2&" | Remarks: "&H2)) -> #VALUE!
A11: 8 | B11: Pipe Wrinch | C11: 1015 | D11: ='1015'!E6 -> 1 | E11: ='1015'!F6 -> 0 | F11: ='1015'!G6 -> 0 | G11: ='1015'!H6 -> 1
A12: 9 | B12: Lime Powder | C12: 1016 | D12: ='1016'!E6 -> 120 | E12: ='1016'!F6 -> 0 | F12: ='1016'!G6 -> 100 | G12: ='1016'!H6 -> 20
A13: 10 | B13: MS Bolt Chaker Plate | C13: 1019 | D13: ='1019'!E6 -> 3 | E13: ='1019'!F6 -> 0 | F13: ='1019'!G6 -> 3 | G13: ='1019'!H6 -> 0
A14: 11 | B14: Plastic Tripal | C14: 1022 | D14: ='1022'!E6 -> 4 | E14: ='1022'!F6 -> 0 | F14: ='1022'!G6 -> 0 | G14: ='1022'!H6 -> 4
A15: 12 | B15: Power Exetenter Board | C15: 1024 | D15: ='1024'!E6 -> 1 | E15: ='1024'!F6 -> 0 | F15: ='1024'!G6 -> 0 | G15: ='1024'!H6 -> 1
A16: 13 | B16: Sprey Pump | C16: 1025 | D16: ='1025'!E6 -> 1 | E16: ='1025'!F6 -> 0 | F16: ='1025'!G6 -> 0 | G16: ='1025'!H6 -> 1
A17: 14
A18: 15
A19: 16
A20: 17
A21: 18
A22: 19
A23: 20
A24: 1

Sheet Sheet8

Sheet 1001
A1: ` | B1: foHkkxh; [kkrk feyku iqLrd DEPARTMENTAL LEDGER AND TALLY BOOK
A2: ewY; lwph@dwV la[;k Price List / Code No. | D2: 7 | E2: feyku i= la[;k Tally Code No. | H2: 1 | I2: ;wfuV Unit | J2: 1
A3: oLrq dk fooj.k Description of the Article | D3: Grease Nipple | E3: ys[kk dk;kZy; i`"B la[;k Accounts Office File No. | I3: 1001
A4: ekg vkSj rkjh[k Month and Date | B4: izkfIr ;k fuxZe okmpj la[;k vkSj rkjh[k No. and Date of Receiot or issue Voucher | C4: fdlls izkIr gqvk ;k fdls tkjh fd;k From Whom received or to whom issued | D4: izkfIr ;k fuxZe dk mn~ns'; Purpose for which received or issue | E4: izkfIr Receipt | F4: LFkkukarj.k Transfer | G4: fuxZe Issues | H4: 'ks"k Balance | I4: vk|{kj Signature
E5: ux No. Vu Tonnes fd-xzk-Kgs. | F5: ux No. Vu Tonnes fd-xzk-Kgs. | G5: ux No. Vu Tonnes fd-xzk-Kgs. | H5: ux No. Vu Tonnes fd-xzk-Kgs.
E6: =SUM(E7:E998) -> 100 | F6: =SUM(F7:F998) -> 0 | G6: =SUM(G7:G998) -> 100 | H6: =+E6-F6-G6 -> 0
A7: 45880 | B7: TMS/CA-11421 dt. 11.08.2025 | C7: Thukral Machinery store | D7: For track Maintence & Related works | E7: 100 | F7: 0 | G7: 0 | H7: =SUM(E7:G7) -> 100
A8: 45922 | B8: GP/25/000112 DATE.22.09.2025 | C8: BLACK SMITH JR.EXE/C/SMUN | D8: P-WAY WORK | E8: 0 | F8: 0 | G8: 50 | H8: 50
A9: 31-09-2026 | B9: GP/26/000004 DATE.31.01.2026 | C9: BLACK SMITH JR.EXE/C/SMUN | D9: P-WAY WORK | E9: 0 | F9: 0 | G9: 50 | H9: NILL

Sheet 1003
B1: foHkkxh; [kkrk feyku iqLrd DEPARTMENTAL LEDGER AND TALLY BOOK
A2: ewY; lwph@dwV la[;k Price List / Code No. | D2: 7 | E2: feyku i= la[;k Tally Code No. | H2: 1 | I2: ;wfuV Unit | J2: 1
A3: oLrq dk fooj.k Description of the Article | D3: Grease Nipple 10mm | E3: ys[kk dk;kZy; i`"B la[;k Accounts Office File No. | I3: 1003
A4: ekg vkSj rkjh[k Month and Date | B4: izkfIr ;k fuxZe okmpj la[;k vkSj rkjh[k No. and Date of Receiot or issue Voucher | C4: fdlls izkIr gqvk ;k fdls tkjh fd;k From Whom received or to whom issued | D4: izkfIr ;k fuxZe dk mn~ns'; Purpose for which received or issue | E4: izkfIr Receipt | F4: LFkkukarj.k Transfer | G4: fuxZe Issues | H4: 'ks"k Balance | I4: vk|{kj Signature
E5: ux No. Vu Tonnes fd-xzk-Kgs. | F5: ux No. Vu Tonnes fd-xzk-Kgs. | G5: ux No. Vu Tonnes fd-xzk-Kgs. | H5: ux No. Vu Tonnes fd-xzk-Kgs.
E6: =SUM(E7:E998) -> 100 | F6: =SUM(F7:F998) -> 0 | G6: =SUM(G7:G998) -> 100 | H6: =+E6-F6-G6 -> 0
A7: 45880 | B7: TMS/CA-11421 dt. 11.08.2025 | C7: Thukral Machinery store | D7: For track Maintence & Related works | E7: 100 | F7: 0 | G7: 0 | H7: =SUM(E7:G7) -> 100
A8: 22.09.2025 | B8: GP/25/000112 DATE.22.09.2025 | C8: BLACK SMITH JR.EXE/C/SMUN | D8: P-WAY WORK | E8: 0 | F8: 0 | G8: 50 | H8: 50
A9: 31.01.2026 | B9: GP/26/000004 DATE.31.01.2026 | C9: BLACK SMITH JR.EXE/C/SMUN | D9: P-WAY WORK | E9: 0 | F9: 0 | G9: 50 | H9: NILL

Sheet 1005
B1: foHkkxh; [kkrk feyku iqLrd DEPARTMENTAL LEDGER AND TALLY BOOK
A2: ewY; lwph@dwV la[;k Price List / Code No. | D2: 7 | E2: feyku i= la[;k Tally Code No. | H2: 1 | I2: ;wfuV Unit | J2: 1
A3: oLrq dk fooj.k Description of the Article | D3: Hex bolt & Nut For Roller P&C | E3: ys[kk dk;kZy; i`"B la[;k Accounts Office File No. | I3: 1005
A4: ekg vkSj rkjh[k Month and Date | B4: izkfIr ;k fuxZe okmpj la[;k vkSj rkjh[k No. and Date of Receiot or issue Voucher | C4: fdlls izkIr gqvk ;k fdls tkjh fd;k From Whom received or to whom issued | D4: izkfIr ;k fuxZe dk mn~ns'; Purpose for which received or issue | E4: izkfIr Receipt | F4: LFkkukarj.k Transfer | G4: fuxZe Issues | H4: 'ks"k Balance | I4: vk|{kj Signature
E5: ux No. Vu Tonnes fd-xzk-Kgs. | F5: ux No. Vu Tonnes fd-xzk-Kgs. | G5: ux No. Vu Tonnes fd-xzk-Kgs. | H5: ux No. Vu Tonnes fd-xzk-Kgs.
E6: =SUM(E7:E998) -> 50 | F6: =SUM(F7:F998) -> 0 | G6: =SUM(G7:G998) -> 50 | H6: =+E6-F6-G6 -> 0
A7: 45880 | B7: TMS/CA-11421 dt. 11.08.2025 | C7: Thukral Machinery store | D7: For track Maintence & Related works | E7: 50 | F7: 0 | G7: 0 | H7: =SUM(E7:G7) -> 50
A8: 22.09.2025 | B8: NUT&BOLT FOR ROLE GP/25/000112 DATE.22.09.2025 | C8: BLACK SMITH JR.EXE./C/SMUN | D8: P-WAY WORK | E8: 0 | F8: 0 | G8: 50 | H8: NILL

Sheet 1007
B1: foHkkxh; [kkrk feyku iqLrd DEPARTMENTAL LEDGER AND TALLY BOOK
A2: ewY; lwph@dwV la[;k Price List / Code No. | D2: 7 | E2: feyku i= la[;k Tally Code No. | H2: 1 | I2: ;wfuV Unit | J2: 1
A3: oLrq dk fooj.k Description of the Article | D3: L&Key bolt for back drive | E3: ys[kk dk;kZy; i`"B la[;k Accounts Office File No. | I3: 1005
A4: ekg vkSj rkjh[k Month and Date | B4: izkfIr ;k fuxZe okmpj la[;k vkSj rkjh[k No. and Date of Receiot or issue Voucher | C4: fdlls izkIr gqvk ;k fdls tkjh fd;k From Whom received or to whom issued | D4: izkfIr ;k fuxZe dk mn~ns'; Purpose for which received or issue | E4: izkfIr Receipt | F4: LFkkukarj.k Transfer | G4: fuxZe Issues | H4: 'ks"k Balance | I4: vk|{kj Signature
E5: ux No. Vu Tonnes fd-xzk-Kgs. | F5: ux No. Vu Tonnes fd-xzk-Kgs. | G5: ux No. Vu Tonnes fd-xzk-Kgs. | H5: ux No. Vu Tonnes fd-xzk-Kgs.
E6: =SUM(E7:E998) -> 400 | F6: =SUM(F7:F998) -> 0 | G6: =SUM(G7:G998) -> 100 | H6: =+E6-F6-G6 -> 300
A7: 45880 | B7: TMS/CA-11421 dt. 11.08.2025 | C7: Thukral Machinery store | D7: For track Maintence & Related works | E7: 200 | F7: 0 | G7: 0 | H7: =SUM(E7:G7) -> 200
A8: 06.08.2025 | B8: INVOICE NO.300 DATE.06.8.2025 | C8: VINOD MOTORS | D8: P-WAY WORK | E8: 200 | F8: 0 | G8: 0 | H8: 200
A9: 22.09.2025 | B9: GP/25/000112 DATE.22.09.2025 | C9: BLACK SMITH JR.EXE/C/SMUN | D9: P-WAY WORK | E9: 0 | F9: 0 | G9: 100 | H9: 100

Sheet 1009
B1: foHkkxh; [kkrk feyku iqLrd DEPARTMENTAL LEDGER AND TALLY BOOK
A2: ewY; lwph@dwV la[;k Price List / Code No. | D2: 49 | E2: feyku i= la[;k Tally Code No. | H2: 1 | I2: ;wfuV Unit | J2: 3
A3: oLrq dk fooj.k Description of the Article | D3: Crockery Items | E3: ys[kk dk;kZy; i`"B la[;k Accounts Office File No. | I3: 1009
A4: ekg vkSj rkjh[k Month and Date | B4: izkfIr ;k fuxZe okmpj la[;k vkSj rkjh[k No. and Date of Receiot or issue Voucher | C4: fdlls izkIr gqvk ;k fdls tkjh fd;k From Whom received or to whom issued | D4: izkfIr ;k fuxZe dk mn~ns'; Purpose for which received or issue | E4: izkfIr Receipt | F4: LFkkukarj.k Transfer | G4: fuxZe Issues | H4: 'ks"k Balance | I4: 3
E5: ux No. Vu Tonnes fd-xzk-Kgs. | F5: ux No. Vu Tonnes fd-xzk-Kgs. | G5: ux No. Vu Tonnes fd-xzk-Kgs. | H5: ux No. Vu Tonnes fd-xzk-Kgs.
E6: =SUM(E7:E1000) -> 9 | F6: =SUM(F7:F1000) -> 0 | G6: =SUM(G7:G1000) -> 0 | H6: =+E6-F6-G6 -> 9
A7: 18-09-2024 | B7: Dinner Set /771 Dated: 18.09.2024 | C7: CIODW Ami Bartan Bhandar/ | D7: IMSD/USED | E7: 1 | F7: 0 | G7: 0 | H7: 1
A8: 18-09-2024 | B8: Glass/771 Dated 10.09.2024 | C8: CIODW Ami Bartan Bhandar/ | D8: IMSD/USED | E8: 2 | F8: 0 | G8: 0 | H8: =+H7+E8-F8-G8 -> 3
A9: 18-09-2024 | B9: Multi Tray/771 18.09.2024 | C9: CIODW Ami Bartan Bhandar/ | D9: IMSD/USED | E9: 1 | F9: 0 | G9: 0 | H9: =+H8+E9-F9-G9 -> 4
A10: 18-09-2024 | B10: Multi Cup/771 18.09.2024 | C10: CIODW Ami Bartan Bhandar/ | D10: IMSD/USED | E10: 2 | F10: 0 | G10: 0 | H10: =+H9+E10-F10-G10 -> 6
A11: 18-09-2024 | B11: SS Vtensets pcs 771 18.09.2024 | C11: CIODW Ami Bartan Bhandar/ | D11: IMSD/USED | E11: 1 | F11: 0 | G11: 0 | H11: =+H10+E11-F11-G11 -> 7
A12: 19-09-2024 | B12: SS U Temsets /771 19.09.2024 | C12: CIODW Ami Bartan Bhandar/ | D12: IMSD/USED | E12: 1 | F12: 0 | G12: 0 | H12: =+H11+E12-F12-G12 -> 8
A13: 19-09-2024 | B13: In Ductoon /177 19.09.2024 | C13: CIODW Ami Bartan Bhandar/ | D13: IMSD/USED | E13: 1 | F13: 0 | G13: 0 | H13: =+H12+E13-F13-G13 -> 9

Sheet 1012
B1: foHkkxh; [kkrk feyku iqLrd DEPARTMENTAL LEDGER AND TALLY BOOK
A2: ewY; lwph@dwV la[;k Price List / Code No. | D2: 50 | E2: feyku i= la[;k Tally Code No. | H2: 1 | I2: ;wfuV Unit | J2: 3
A3: oLrq dk fooj.k Description of the Article | D3: 3/4 inch pipe sumerseable | E3: ys[kk dk;kZy; i`"B la[;k Accounts Office File No. | I3: 1012
A4: ekg vkSj rkjh[k Month and Date | B4: izkfIr ;k fuxZe okmpj la[;k vkSj rkjh[k No. and Date of Receiot or issue Voucher | C4: fdlls izkIr gqvk ;k fdls tkjh fd;k From Whom received or to whom issued | D4: izkfIr ;k fuxZe dk mn~ns'; Purpose for which received or issue | E4: izkfIr Receipt | F4: LFkkukarj.k Transfer | G4: fuxZe Issues | H4: 'ks"k Balance | I4: 3
E5: ux No. Vu Tonnes fd-xzk-Kgs. | F5: ux No. Vu Tonnes fd-xzk-Kgs. | G5: ux No. Vu Tonnes fd-xzk-Kgs. | H5: ux No. Vu Tonnes fd-xzk-Kgs.
E6: =SUM(E7:E1000) -> 1 | F6: =SUM(F7:F1000) -> 0 | G6: =SUM(G7:G1000) -> 0 | H6: =+E6-F6-G6 -> 1
A7: 18/09/2024 | B7: 130 / 18-04-2024 | C7: Sharma Sainetry Store/ Rajpura | D7: IMDS used | E7: 1 | F7: 0 | G7: 0 | H7: =SUM(E7:G7) -> 1

Sheet 1014
B1: foHkkxh; [kkrk feyku iqLrd DEPARTMENTAL LEDGER AND TALLY BOOK
A2: ewY; lwph@dwV la[;k Price List / Code No. | D2: 52 | E2: feyku i= la[;k Tally Code No. | H2: 1 | I2: ;wfuV Unit | J2: 3
A3: oLrq dk fooj.k Description of the Article | D3: M.S Angle | E3: ys[kk dk;kZy; i`"B la[;k Accounts Office File No. | I3: 1014
A4: ekg vkSj rkjh[k Month and Date | B4: izkfIr ;k fuxZe okmpj la[;k vkSj rkjh[k No. and Date of Receiot or issue Voucher | C4: fdlls izkIr gqvk ;k fdls tkjh fd;k From Whom received or to whom issued | D4: izkfIr ;k fuxZe dk mn~ns'; Purpose for which received or issue | E4: izkfIr Receipt | F4: LFkkukarj.k Transfer | G4: fuxZe Issues | H4: 'ks"k Balance | I4: 3
E5: ux No. Vu Tonnes fd-xzk-Kgs. | F5: ux No. Vu Tonnes fd-xzk-Kgs. | G5: ux No. Vu Tonnes fd-xzk-Kgs. | H5: ux No. Vu Tonnes fd-xzk-Kgs.
E6: =SUM(E7:E1000) -> 137.7 | F6: =SUM(F7:F1000) -> 0 | G6: =SUM(G7:G1000) -> 74 | H6: =+E6-F6-G6 -> 63.7
A7: 21.09.2024 | B7: 284 Date 18.09.2024 Imprest | C7: M/S Singla Traders | D7: P-way work | E7: 63.7 | F7: 0 | G7: 0 | H7: =SUM(E7:G7) -> 63.7
A8: 46044 | B8: Bill N0. 113 dt. 22.01.2026 | C8: Prem Industris | D8: P-way work | E8: 19.5 | F8: 0 | G8: 0 | H8: =H7+E8-F8-G8 -> 83.2
A9: 46045 | B9: Bill N0. 114 dt. 23.01.2026 | C9: Prem Industris | D9: P-way work | E9: 18 | F9: 0 | G9: 0 | H9: =H8+E9-F9-G9 -> 101.2
A10: 46047 | B10: Bill N0. 115 dt. 25.01.2026 | C10: Prem Industris | D10: P-way work | E10: 19.5 | F10: 0 | G10: 0 | H10: =H9+E10-F10-G10 -> 120.7
A11: 46049 | B11: Bill N0. 116 dt. 27.01.2026 | C11: Prem Industris | D11: P-way work | E11: 17 | F11: 0 | G11: 0 | H11: =H10+E11-F11-G11 -> 137.7
A12: 46058 | B12: GP/DFC/Ambala sr.no.1173 | C12: Lc gate metal staff | D12: P-way work | E12: 0 | F12: 0 | G12: 74 | H12: =H11+E12-F12-G12 -> 63.7

Sheet 1015
B1: foHkkxh; [kkrk feyku iqLrd DEPARTMENTAL LEDGER AND TALLY BOOK
A2: ewY; lwph@dwV la[;k Price List / Code No. | D2: 52 | E2: feyku i= la[;k Tally Code No. | H2: 1 | I2: ;wfuV Unit | J2: 3
A3: oLrq dk fooj.k Description of the Article | D3: Pipe Wrinch | E3: ys[kk dk;kZy; i`"B la[;k Accounts Office File No. | I3: 1015
A4: ekg vkSj rkjh[k Month and Date | B4: izkfIr ;k fuxZe okmpj la[;k vkSj rkjh[k No. and Date of Receiot or issue Voucher | C4: fdlls izkIr gqvk ;k fdls tkjh fd;k From Whom received or to whom issued | D4: izkfIr ;k fuxZe dk mn~ns'; Purpose for which received or issue | E4: izkfIr Receipt | F4: LFkkukarj.k Transfer | G4: fuxZe Issues | H4: 'ks"k Balance | I4: 3
E5: ux No. Vu Tonnes fd-xzk-Kgs. | F5: ux No. Vu Tonnes fd-xzk-Kgs. | G5: ux No. Vu Tonnes fd-xzk-Kgs. | H5: ux No. Vu Tonnes fd-xzk-Kgs.
E6: =SUM(E7:E1000) -> 1 | F6: =SUM(F7:F1000) -> 0 | G6: =SUM(G7:G1000) -> 0 | H6: =+E6-F6-G6 -> 1
A7: 45922 | B7: Invoice No.10235 dt. 22.09.2025 | C7: New Agriculture machinery store | D7: P-way work | E7: 1 | F7: 0 | G7: 0 | H7: =SUM(E7:G7) -> 1

Sheet 1016
B1: foHkkxh; [kkrk feyku iqLrd DEPARTMENTAL LEDGER AND TALLY BOOK
A2: ewY; lwph@dwV la[;k Price List / Code No. | D2: 52 | E2: feyku i= la[;k Tally Code No. | H2: 1 | I2: ;wfuV Unit | J2: 3
A3: oLrq dk fooj.k Description of the Article | D3: Lime Powder | E3: ys[kk dk;kZy; i`"B la[;k Accounts Office File No. | I3: 1016
A4: ekg vkSj rkjh[k Month and Date | B4: izkfIr ;k fuxZe okmpj la[;k vkSj rkjh[k No. and Date of Receiot or issue Voucher | C4: fdlls izkIr gqvk ;k fdls tkjh fd;k From Whom received or to whom issued | D4: izkfIr ;k fuxZe dk mn~ns'; Purpose for which received or issue | E4: izkfIr Receipt | F4: LFkkukarj.k Transfer | G4: fuxZe Issues | H4: 'ks"k Balance | I4: 3
E5: ux No. Vu Tonnes fd-xzk-Kgs. | F5: ux No. Vu Tonnes fd-xzk-Kgs. | G5: ux No. Vu Tonnes fd-xzk-Kgs. | H5: ux No. Vu Tonnes fd-xzk-Kgs.
E6: =SUM(E7:E1001) -> 120 | F6: =SUM(F7:F1001) -> 0 | G6: =SUM(G7:G1001) -> 100 | H6: =+E6-F6-G6 -> 20
A7: 45958 | B7: Invoice No.2289 dt. 28.10.2025 | C7: Shiva Paints & hardware Rajpura | D7: P-way work | E7: 10 | F7: 0 | G7: 0 | H7: =SUM(E7:G7) -> 10
A8: 45959 | B8: Invoice No.11 dt. 29.10.2025 | C8: Dev hardware Sadhograh | D8: P-way work | E8: 20 | F8: 0 | G8: 0 | H8: =H7+E8-F8-G8 -> 30
A9: 45959 | B9: Invoice No.BPS-5430 dt. 29.10.2025 | C9: Bagga Paint store Khanna | D9: P-way work | E9: 20 | F9: 0 | G9: 0 | H9: =H8+E9-F9-G9 -> 50
A10: 45961 | B10: GP/DFC/Ambala sr. 1155 dt. 31.10.2025 | C10: making of distance signal | D10: P-way work | E10: 0 | F10: 0 | G10: 20 | H10: =H9+E10-F10-G10 -> 30
A11: 45979 | B11: GP/DFC/Ambala sr. | C11: making of distance signal | D11: P-way work | E11: 0 | F11: 0 | G11: 30 | H11: =H10+E11-F11-G11 -> 0
A12: 46021 | B12: BPS- 6985 DT. 30.12.2025 | C12: Bagga Paint store Khanna | D12: P-way work | E12: 30 | F12: 0 | G12: 0 | H12: =H11+E12-F12-G12 -> 30
A13: 46022 | B13: Bill. No. 80 dt. 31.12.2025 | C13: Suresh Iron store | D13: P-way work | E13: 20 | F13: 0 | G13: 0 | H13: =H12+E13-F13-G13 -> 50
A14: 46022 | B14: Demand note | C14: making of distance signal | D14: P-way work | E14: 0 | F14: 0 | G14: 50 | H14: =H13+E14-F14-G14 -> 0
A15: 46086 | B15: Inv 665 dt. 05.03.2026 | C15: Pritam Singh and sons | D15: P-way work | E15: 20 | F15: 0 | G15: 0 | H15: =H14+E15-F15-G15 -> 20

Sheet 1019
B1: foHkkxh; [kkrk feyku iqLrd DEPARTMENTAL LEDGER AND TALLY BOOK
A2: ewY; lwph@dwV la[;k Price List / Code No. | D2: 52 | E2: feyku i= la[;k Tally Code No. | H2: 1 | I2: ;wfuV Unit | J2: 3
A3: oLrq dk fooj.k Description of the Article | D3: MS Bolt Chaker Plate | E3: ys[kk dk;kZy; i`"B la[;k Accounts Office File No. | I3: 1019
A4: ekg vkSj rkjh[k Month and Date | B4: izkfIr ;k fuxZe okmpj la[;k vkSj rkjh[k No. and Date of Receiot or issue Voucher | C4: fdlls izkIr gqvk ;k fdls tkjh fd;k From Whom received or to whom issued | D4: izkfIr ;k fuxZe dk mn~ns'; Purpose for which received or issue | E4: izkfIr Receipt | F4: LFkkukarj.k Transfer | G4: fuxZe Issues | H4: 'ks"k Balance | I4: 3
E5: ux No. Vu Tonnes fd-xzk-Kgs. | F5: ux No. Vu Tonnes fd-xzk-Kgs. | G5: ux No. Vu Tonnes fd-xzk-Kgs. | H5: ux No. Vu Tonnes fd-xzk-Kgs.
E6: =SUM(E7:E1001) -> 3 | F6: =SUM(F7:F1001) -> 0 | G6: =SUM(G7:G1001) -> 3 | H6: =+E6-F6-G6 -> 0
A7: 46086 | B7: TMS/CA-28459 dt 05.03.2026 | C7: Thukral Machinery store | D7: P-way work | E7: 3 | F7: 0 | G7: 0 | H7: =SUM(E7:G7) -> 3
A8: 46112 | B8: GP/DFC/Ambala sr.2204 dt. 31.03.2026 | C8: br.199 | D8: P-way work | E8: 0 | F8: 0 | G8: 3 | H8: =H7+E8-F8-G8 -> 0

Sheet 1022
B1: foHkkxh; [kkrk feyku iqLrd DEPARTMENTAL LEDGER AND TALLY BOOK
A2: ewY; lwph@dwV la[;k Price List / Code No. | D2: 46 | E2: feyku i= la[;k Tally Code No. | H2: 1 | I2: ;wfuV Unit | J2: 3
A3: oLrq dk fooj.k Description of the Article | D3: Plastic Tripal | E3: ys[kk dk;kZy; i`"B la[;k Accounts Office File No. | I3: 1022
A4: ekg vkSj rkjh[k Month and Date | B4: izkfIr ;k fuxZe okmpj la[;k vkSj rkjh[k No. and Date of Receiot or issue Voucher | C4: fdlls izkIr gqvk ;k fdls tkjh fd;k From Whom received or to whom issued | D4: izkfIr ;k fuxZe dk mn~ns'; Purpose for which received or issue | E4: izkfIr Receipt | F4: LFkkukarj.k Transfer | G4: fuxZe Issues | H4: 'ks"k Balance | I4: 3
E5: ux No. Vu Tonnes fd-xzk-Kgs. | F5: ux No. Vu Tonnes fd-xzk-Kgs. | G5: ux No. Vu Tonnes fd-xzk-Kgs. | H5: ux No. Vu Tonnes fd-xzk-Kgs.
E6: =SUM(E7:E1000) -> 4 | F6: =SUM(F7:F1000) -> 0 | G6: =SUM(G7:G1000) -> 0 | H6: =+E6-F6-G6 -> 4
A7: 27-08-2024 | B7: Bill No. 1347 Ram Singh sukhpal singh Ambala | C7: Ram singh Sukhpal singh (Ambala cantt) | D7: Track Related work | E7: 2 | F7: 0 | G7: 0 | H7: =SUM(E7:G7) -> 2
A8: 20-09-2024 | B8: 1369 Dated : 20.01.2024 | C8: Ram singh Sukhpal singh (Ambala cantt) | D8: Track Related work | E8: 2 | F8: 0 | G8: 0 | H8: =+H7+E8-F8-G8 -> 4

Sheet 1024
B1: foHkkxh; [kkrk feyku iqLrd DEPARTMENTAL LEDGER AND TALLY BOOK
A2: ewY; lwph@dwV la[;k Price List / Code No. | D2: 47 | E2: feyku i= la[;k Tally Code No. | H2: 1 | I2: ;wfuV Unit | J2: 3
A3: oLrq dk fooj.k Description of the Article | D3: Power Exetenter Board | E3: ys[kk dk;kZy; i`"B la[;k Accounts Office File No. | I3: 3193
A4: ekg vkSj rkjh[k Month and Date | B4: izkfIr ;k fuxZe okmpj la[;k vkSj rkjh[k No. and Date of Receiot or issue Voucher | C4: fdlls izkIr gqvk ;k fdls tkjh fd;k From Whom received or to whom issued | D4: izkfIr ;k fuxZe dk mn~ns'; Purpose for which received or issue | E4: izkfIr Receipt | F4: LFkkukarj.k Transfer | G4: fuxZe Issues | H4: 'ks"k Balance | I4: 3
E5: ux No. Vu Tonnes fd-xzk-Kgs. | F5: ux No. Vu Tonnes fd-xzk-Kgs. | G5: ux No. Vu Tonnes fd-xzk-Kgs. | H5: ux No. Vu Tonnes fd-xzk-Kgs.
E6: =SUM(E7:E1000) -> 1 | F6: =SUM(F7:F1000) -> 0 | G6: =SUM(G7:G1000) -> 0 | H6: =+E6-F6-G6 -> 1
A7: 45481 | B7: Invoice No. 11393 dated 04/08/2024 | C7: Punjab computer | D7: TMS Related work at PC IMSD SMUN | E7: 1 | F7: 0 | G7: 0 | H7: =SUM(E7:G7) -> 1

Sheet 1025
B1: foHkkxh; [kkrk feyku iqLrd DEPARTMENTAL LEDGER AND TALLY BOOK
A2: ewY; lwph@dwV la[;k Price List / Code No. | D2: 53 | E2: feyku i= la[;k Tally Code No. | H2: 1 | I2: ;wfuV Unit | J2: 3
A3: oLrq dk fooj.k Description of the Article | D3: Sprey Pump /Manual | E3: ys[kk dk;kZy; i`"B la[;k Accounts Office File No. | I3: 3200
A4: ekg vkSj rkjh[k Month and Date | B4: izkfIr ;k fuxZe okmpj la[;k vkSj rkjh[k No. and Date of Receiot or issue Voucher | C4: fdlls izkIr gqvk ;k fdls tkjh fd;k From Whom received or to whom issued | D4: izkfIr ;k fuxZe dk mn~ns'; Purpose for which received or issue | E4: izkfIr Receipt | F4: LFkkukarj.k Transfer | G4: fuxZe Issues | H4: 'ks"k Balance | I4: 3
E5: ux No. Vu Tonnes fd-xzk-Kgs. | F5: ux No. Vu Tonnes fd-xzk-Kgs. | G5: ux No. Vu Tonnes fd-xzk-Kgs. | H5: ux No. Vu Tonnes fd-xzk-Kgs.
E6: =SUM(E7:E1000) -> 1 | F6: =SUM(F7:F1000) -> 0 | G6: =SUM(G7:G1000) -> 0 | H6: =+E6-F6-G6 -> 1
A7: 10.07.2025 | B7: Invoice No. 775 Date 10.07.2025 | C7: M/S Dawra seeds | D7: P-way work | E7: 1 | F7: 0 | G7: 0 | H7: =SUM(E7:G7) -> 1
