Workbook

Sheet Index 
A1: f | B1: Dedicated Freight Corridor Corporation of India
A2: Index
A3: Sr.No. | B3: Particular | C3: Page No. | D3: izkfIr Receipt | E3: LFkkukarj.k Transfer | F3: fuxZe Issues | G3: 'ks"k Balance | H3: Remarks | I3: QR
A4: =ROW(A1) -> 1 | B4: GFN Liner RT-8223 and 8222 | C4: ='GFN Liner'!I3 -> 1201 | D4: ='GFN Liner'!E6 -> 19754 | E4: ='GFN Liner'!F6 -> 0 | F4: ='GFN Liner'!G6 -> 17665 | G4: ='GFN Liner'!H6 -> 2089 | H4: Pair | I4: =_xlfn.IMAGE("https://quickchart.io/qr?text="&_xlfn.ENCODEURL("Sr No: "&A2&" | Item: "&B2&" | Page No: "&C2&" | Receipt: "&D2&" | Transfer: "&E2&" | Issues: "&F2&" | Balance: "&G2&" | Remarks: "&H2)) -> #VALUE!
A5: 2 | B5: GRSP Rubber Pad RT-7010 | C5: 1205 | D5: ='Rubber pad'!E6 -> 19754 | E5: ='Rubber pad'!F6 -> 0 | F5: ='Rubber pad'!G6 -> 16510 | G5: ='Rubber pad'!H6 -> 3244 | H5: NOS. | I5: =_xlfn.IMAGE("https://quickchart.io/qr?text="&_xlfn.ENCODEURL("Sr No: "&A4&" | Item: "&B4&" | Page No: "&C4&" | Receipt: "&D4&" | Transfer: "&E4&" | Issues: "&F4&" | Balance: "&G4&" | Remarks: "&H4)) -> #VALUE!
A6: =ROW(A3) -> 3 | B6: ERC (MK-V) RT-5919 | C6: 1211 | D6: =ERC!E6 -> 39508 | E6: =ERC!F6 -> 0 | F6: =ERC!G6 -> 14335 | G6: =ERC!H6 -> 25173 | H6: NOS. | I6: =_xlfn.IMAGE("https://quickchart.io/qr?text="&_xlfn.ENCODEURL("Sr No: "&#REF!&" | Item: "&#REF!&" | Page No: "&#REF!&" | Receipt: "&#REF!&" | Transfer: "&#REF!&" | Issues: "&#REF!&" | Balance: "&#REF!&" | Remarks: "&#REF!)) -> #REF!
A7: 3 | B7: Rail 60kg | C7: 1216 | D7: =Rail!E6 -> 420 | E7: =Rail!F6 -> 0 | F7: =Rail!G6 -> 37.5 | G7: =Rail!H6 -> 382.5 | H7: NOS. | I7: =_xlfn.IMAGE("https://quickchart.io/qr?text="&_xlfn.ENCODEURL("Sr No: "&A5&" | Item: "&B5&" | Page No: "&C5&" | Receipt: "&D5&" | Transfer: "&E5&" | Issues: "&F5&" | Balance: "&G5&" | Remarks: "&H5)) -> #VALUE!
A8: =ROW(A5) -> 5 | B8: PSC Sleeper(1 in 12 DFCC D/S (trap) | C8: 1220 | D8: ='PSC Sleeper(1 in 12 DFCC D S '!E6 -> 1 | E8: ='PSC Sleeper(1 in 12 DFCC D S '!F6 -> 0 | F8: ='PSC Sleeper(1 in 12 DFCC D S '!H6 -> 1 | G8: ='PSC Sleeper(1 in 12 DFCC D S '!H6 -> 1 | H8: Sets | I8: =_xlfn.IMAGE("https://quickchart.io/qr?text="&_xlfn.ENCODEURL("Sr No: "&A6&" | Item: "&B6&" | Page No: "&C6&" | Receipt: "&D6&" | Transfer: "&E6&" | Issues: "&F6&" | Balance: "&G6&" | Remarks: "&H6)) -> #VALUE!
A9: 4 | B9: Bridge Approach Sleeper(RT-8229-8237) | C9: 1223 | D9: =' Br Sleeper(8229-37)'!E6 -> 6 | E9: =' Br Sleeper(8229-37)'!F6 -> 0 | F9: =' Br Sleeper(8229-37)'!G6 -> 0 | G9: =' Br Sleeper(8229-37)'!H6 -> 6 | H9: Sets | I9: =_xlfn.IMAGE("https://quickchart.io/qr?text="&_xlfn.ENCODEURL("Sr No: "&A7&" | Item: "&B7&" | Page No: "&C7&" | Receipt: "&D7&" | Transfer: "&E7&" | Issues: "&F7&" | Balance: "&G7&" | Remarks: "&H7)) -> #VALUE!
A10: =ROW(A7) -> 7 | B10: Level Crossing Sleeper RT-8225 | C10: 1227 | D10: ='LC Sleeper'!E6 -> 6 | E10: ='LC Sleeper'!F6 -> 0 | F10: ='LC Sleeper'!G6 -> 0 | G10: ='[1]Power Exetenter Board '!H6 -> 1 | H10: NOS. | I10: =_xlfn.IMAGE("https://quickchart.io/qr?text="&_xlfn.ENCODEURL("Sr No: "&A8&" | Item: "&B8&" | Page No: "&C8&" | Receipt: "&D8&" | Transfer: "&E8&" | Issues: "&F8&" | Balance: "&G8&" | Remarks: "&H8)) -> #VALUE!
A11: 5 | B11: Sej Sleeper (T-4149) | C11: 1228 | D11: ='SEJ Sleeper'!E6 -> 12 | E11: ='SEJ Sleeper'!F6 -> 0 | F11: ='SEJ Sleeper'!G6 -> 0 | G11: ='SEJ Sleeper'!H6 -> 12 | H11: NOS. | I11: =_xlfn.IMAGE("https://quickchart.io/qr?text="&_xlfn.ENCODEURL("Sr No: "&A9&" | Item: "&B9&" | Page No: "&C9&" | Receipt: "&D9&" | Transfer: "&E9&" | Issues: "&F9&" | Balance: "&G9&" | Remarks: "&H9)) -> #VALUE!
A12: =ROW(A9) -> 9 | B12: PSC Sleeper Bridge RT-8228 | C12: 1230 | D12: ='Br Sleeper 8228'!E6 -> 36 | E12: ='Br Sleeper 8228'!F6 -> 0 | F12: ='Br Sleeper 8228'!G6 -> 0 | G12: ='Br Sleeper 8228'!H6 -> 36 | H12: NOS.
A13: 6 | B13: PSC Sleeper RT-7008 | C13: 1234 | D13: =' Sleeper7008'!E6 -> 3499 | E13: =' Sleeper7008'!F6 -> 0 | F13: =' Sleeper7008'!G6 -> 20 | G13: =' Sleeper7008'!H6 -> 3479 | H13: NOS. | I13: =_xlfn.IMAGE("https://quickchart.io/qr?text="&_xlfn.ENCODEURL("Sr No: "&A10&" | Item: "&B10&" | Page No: "&C10&" | Receipt: "&D10&" | Transfer: "&E10&" | Issues: "&F10&" | Balance: "&G10&" | Remarks: "&H10)) -> #VALUE!
A14: =ROW(A11) -> 11 | B14: Derailing Switch With out Fitting | C14: 1238 | D14: =' Derailing Switch '!E6 -> 1 | E14: =' Derailing Switch '!F6 -> 0 | F14: =' Derailing Switch '!G6 -> 0 | G14: =' Derailing Switch '!H6 -> 1 | H14: NOS. | I14: =_xlfn.IMAGE("https://quickchart.io/qr?text="&_xlfn.ENCODEURL("Sr No: "&A11&" | Item: "&B12&" | Page No: "&C12&" | Receipt: "&D11&" | Transfer: "&E11&" | Issues: "&F11&" | Balance: "&G11&" | Remarks: "&H11)) -> #VALUE!
A15: 7 | B15: Sej with Fitting only Chair plate (Improved Single Gap) | C15: 1242 | D15: ='SEJ '!E6 -> 1 | E15: ='SEJ '!F6 -> 0 | F15: ='SEJ '!G6 -> 0 | G15: ='SEJ '!H6 -> 1 | H15: NOS. | I15: =_xlfn.IMAGE("https://quickchart.io/qr?text="&_xlfn.ENCODEURL("Sr No: "&A13&" | Item: "&B13&" | Page No: "&C13&" | Receipt: "&D13&" | Transfer: "&E13&" | Issues: "&F13&" | Balance: "&G13&" | Remarks: "&H13)) -> #VALUE!
A16: =ROW(A13) -> 13 | B16: Hook Bolt 288 x 310 mm | C16: 1245 | D16: ='Hook Bolt '!E6 -> 140 | E16: ='Hook Bolt '!F6 -> 0 | F16: ='Hook Bolt '!G6 -> 10 | G16: ='Hook Bolt '!H6 -> 130 | H16: NOS. | I16: =_xlfn.IMAGE("https://quickchart.io/qr?text="&_xlfn.ENCODEURL("Sr No: "&A14&" | Item: "&B14&" | Page No: "&C14&" | Receipt: "&D14&" | Transfer: "&E14&" | Issues: "&F14&" | Balance: "&G14&" | Remarks: "&H14)) -> #VALUE!
A17: 8 | B17: Nut Lock 24 mm | C17: 1248 | D17: ='Nut lock'!E6 -> 140 | E17: ='Nut lock'!F6 -> 0 | F17: ='Nut lock'!G6 -> 0 | G17: ='Nut lock'!H6 -> 140 | H17: NOS. | I17: =_xlfn.IMAGE("https://quickchart.io/qr?text="&_xlfn.ENCODEURL("Sr No: "&A15&" | Item: "&B15&" | Page No: "&C15&" | Receipt: "&D15&" | Transfer: "&E15&" | Issues: "&F15&" | Balance: "&G15&" | Remarks: "&H15)) -> #VALUE!
A18: =ROW(A15) -> 15 | B18: Guard Rail Galvanised RDSO T-5163 | C18: 1250 | D18: ='Gaurd Rail Rubber pad'!E6 -> 140 | E18: ='Gaurd Rail Rubber pad'!F6 -> 0 | F18: ='Gaurd Rail Rubber pad'!G6 -> 0 | G18: ='Gaurd Rail Rubber pad'!H6 -> 140 | H18: NOS. | I18: =_xlfn.IMAGE("https://quickchart.io/qr?text="&_xlfn.ENCODEURL("Sr No: "&A16&" | Item: "&B16&" | Page No: "&C16&" | Receipt: "&D16&" | Transfer: "&E16&" | Issues: "&F16&" | Balance: "&G16&" | Remarks: "&H16)) -> #VALUE!
A19: 9 | B19: Round Washer Plain 8mm | C19: 1252 | D19: ='Round Washer Plan 8mm'!E6 -> 60 | E19: ='Round Washer Plan 8mm'!F6 -> 0 | F19: ='Round Washer Plan 8mm'!G6 -> 0 | G19: ='Round Washer Plan 8mm'!H6 -> 60 | H19: NOS. | I19: =_xlfn.IMAGE("https://quickchart.io/qr?text="&_xlfn.ENCODEURL("Sr No: "&A17&" | Item: "&B17&" | Page No: "&C17&" | Receipt: "&D17&" | Transfer: "&E17&" | Issues: "&F17&" | Balance: "&G17&" | Remarks: "&H17)) -> #VALUE!
A20: =ROW(A17) -> 17 | B20: Washer Plain 10mm | C20: 1254 | D20: =' Washer Plan 10mm '!E6 -> 60 | E20: =' Washer Plan 10mm '!F6 -> 0 | F20: =' Washer Plan 10mm '!G6 -> 0 | G20: =' Washer Plan 10mm '!H6 -> 60 | H20: NOS. | I20: =_xlfn.IMAGE("https://quickchart.io/qr?text="&_xlfn.ENCODEURL("Sr No: "&A18&" | Item: "&B18&" | Page No: "&C18&" | Receipt: "&D18&" | Transfer: "&E18&" | Issues: "&F18&" | Balance: "&G18&" | Remarks: "&H18)) -> #VALUE!
A21: 10 | B21: Square Washer flat 10mm | C21: 1256 | D21: =' Square Washer 10mm'!E6 -> 60 | E21: =' Square Washer 10mm'!F6 -> 0 | F21: =' Square Washer 10mm'!G6 -> 0 | G21: =' Square Washer 10mm'!H6 -> 60 | H21: NOS. | I21: =_xlfn.IMAGE("https://quickchart.io/qr?text="&_xlfn.ENCODEURL("Sr No: "&A19&" | Item: "&B19&" | Page No: "&C19&" | Receipt: "&D19&" | Transfer: "&E19&" | Issues: "&F19&" | Balance: "&G19&" | Remarks: "&H19)) -> #VALUE!
A22: =ROW(A19) -> 19 | B22: Single Coil Washer T Bolt | C22: 1258 | D22: ='Single coil washer '!E6 -> 130 | E22: ='Single coil washer '!F6 -> 0 | F22: ='Single coil washer '!G6 -> 0 | G22: ='Single coil washer '!H6 -> 130 | H22: NOS. | I22: =_xlfn.IMAGE("https://quickchart.io/qr?text="&_xlfn.ENCODEURL("Sr No: "&A20&" | Item: "&B20&" | Page No: "&C20&" | Receipt: "&D20&" | Transfer: "&E20&" | Issues: "&F20&" | Balance: "&G20&" | Remarks: "&H20)) -> #VALUE!
A23: 11 | B23: Pad 25mm Rubber | C23: 1260 | D23: ='Rubber Pad 25 mm'!E6 -> 60 | E23: ='Rubber Pad 25 mm'!F6 -> 0 | F23: ='Rubber Pad 25 mm'!G6 -> 13 | G23: ='Rubber Pad 25 mm'!H6 -> 47 | H23: NOS. | I23: =_xlfn.IMAGE("https://quickchart.io/qr?text="&_xlfn.ENCODEURL("Sr No: "&A21&" | Item: "&B21&" | Page No: "&C21&" | Receipt: "&D21&" | Transfer: "&E21&" | Issues: "&F21&" | Balance: "&G21&" | Remarks: "&H21)) -> #VALUE!
A24: =ROW(A21) -> 21 | B24: Clip Outer RDSO/T-5157 | C24: 1262 | D24: ='MS Clip 5157'!E6 -> 80 | E24: ='MS Clip 5157'!F6 -> 0 | F24: ='MS Clip 5157'!G6 -> 0 | G24: ='MS Clip 5157'!H6 -> 80 | H24: NOS. | I24: =_xlfn.IMAGE("https://quickchart.io/qr?text="&_xlfn.ENCODEURL("Sr No: "&A22&" | Item: "&B22&" | Page No: "&C22&" | Receipt: "&D22&" | Transfer: "&E22&" | Issues: "&F22&" | Balance: "&G22&" | Remarks: "&H22)) -> #VALUE!
A25: 12 | B25: Clip Iner RDSO/T-5158 | C25: 1264 | D25: ='MS Clip 5158'!E6 -> 80 | E25: ='MS Clip 5158'!F6 -> 0 | F25: ='MS Clip 5158'!G6 -> 0 | G25: ='MS Clip 5158'!H6 -> 80 | H25: NOS. | I25: =_xlfn.IMAGE("https://quickchart.io/qr?text="&_xlfn.ENCODEURL("Sr No: "&A23&" | Item: "&B23&" | Page No: "&C23&" | Receipt: "&D23&" | Transfer: "&E23&" | Issues: "&F23&" | Balance: "&G23&" | Remarks: "&H23)) -> #VALUE!
A26: =ROW(A23) -> 23 | B26: Cap Angular as per RDSO/T-5159 | C26: 1266 | D26: ='Angular cap 5159'!E6 -> 140 | E26: ='Angular cap 5159'!F6 -> 0 | F26: ='Angular cap 5159'!G6 -> 0 | G26: ='Angular cap 5159'!H6 -> 140 | H26: NOS. | I26: =_xlfn.IMAGE("https://quickchart.io/qr?text="&_xlfn.ENCODEURL("Sr No: "&A24&" | Item: "&B24&" | Page No: "&C24&" | Receipt: "&D24&" | Transfer: "&E24&" | Issues: "&F24&" | Balance: "&G24&" | Remarks: "&H24)) -> #VALUE!
A27: 13 | B27: Spring Single Coil Hook Bolt | C27: 1267 | D27: ='Spring washer Sinle coil '!E6 -> 140 | E27: ='Spring washer Sinle coil '!F6 -> 0 | F27: ='Spring washer Sinle coil '!G6 -> 0 | G27: ='Spring washer Sinle coil '!H6 -> 140 | H27: NOS. | I27: =_xlfn.IMAGE("https://quickchart.io/qr?text="&_xlfn.ENCODEURL("Sr No: "&A25&" | Item: "&B25&" | Page No: "&C25&" | Receipt: "&D25&" | Transfer: "&E25&" | Issues: "&F25&" | Balance: "&G25&" | Remarks: "&H25)) -> #VALUE!
A28: =ROW(A25) -> 25 | B28: Split Pin | C28: 1269 | D28: ='Spilt Pin '!E6 -> 200 | E28: ='Spilt Pin '!F6 -> 0 | F28: ='Spilt Pin '!G6 -> 0 | G28: ='Spilt Pin '!H6 -> 200 | H28: NOS. | I28: =_xlfn.IMAGE("https://quickchart.io/qr?text="&_xlfn.ENCODEURL("Sr No: "&A26&" | Item: "&B26&" | Page No: "&C26&" | Receipt: "&D26&" | Transfer: "&E26&" | Issues: "&F26&" | Balance: "&G26&" | Remarks: "&H26)) -> #VALUE!
A29: 14 | B29: Bolt, T-Galvanized as per RDSO/T-5160 | C29: 1271 | D29: ='T-Bolt 5160'!E6 -> 130 | E29: ='T-Bolt 5160'!F6 -> 0 | F29: ='T-Bolt 5160'!G6 -> 0 | G29: ='T-Bolt 5160'!H6 -> 130 | H29: NOS. | I29: =_xlfn.IMAGE("https://quickchart.io/qr?text="&_xlfn.ENCODEURL("Sr No: "&A27&" | Item: "&B27&" | Page No: "&C27&" | Receipt: "&D27&" | Transfer: "&E27&" | Issues: "&F27&" | Balance: "&G27&" | Remarks: "&H27)) -> #VALUE!
A30: =ROW(A27) -> 27 | B30: D Grooved 10mm Rubber as per RDSO/T-5156 | C30: 1273 | D30: ='Channel Sleeper pad '!E7 -> 60 | E30: ='Channel Sleeper pad '!F6 -> 0 | F30: ='Channel Sleeper pad '!G6 -> 35 | G30: ='Channel Sleeper pad '!H6 -> 25 | H30: NOS. | I30: =_xlfn.IMAGE("https://quickchart.io/qr?text="&_xlfn.ENCODEURL("Sr No: "&A28&" | Item: "&B28&" | Page No: "&C28&" | Receipt: "&D28&" | Transfer: "&E28&" | Issues: "&F28&" | Balance: "&G28&" | Remarks: "&H28)) -> #VALUE!
A31: 15 | B31: Joggled Fish Plate | C31: 1275 | D31: ='Joggled Fish plate'!E6 -> 440 | E31: ='Joggled Fish plate'!F6 -> 0 | F31: ='Joggled Fish plate'!G6 -> 416 | G31: ='Joggled Fish plate'!H6 -> 24 | H31: NOS. | I31: =_xlfn.IMAGE("https://quickchart.io/qr?text="&_xlfn.ENCODEURL("Sr No: "&A29&" | Item: "&B29&" | Page No: "&C29&" | Receipt: "&D29&" | Transfer: "&E29&" | Issues: "&F29&" | Balance: "&G29&" | Remarks: "&H29)) -> #VALUE!
A32: =ROW(A29) -> 29 | B32: Fish Plate 1 Mtr | C32: 1277 | D32: ='Fish Plate 1 Mtr'!E6 -> 100 | E32: ='Fish Plate 1 Mtr'!F6 -> 0 | F32: ='Fish Plate 1 Mtr'!G6 -> 64 | G32: ='Fish Plate 1 Mtr'!H6 -> 36 | H32: NOS. | I32: =_xlfn.IMAGE("https://quickchart.io/qr?text="&_xlfn.ENCODEURL("Sr No: "&A30&" | Item: "&B30&" | Page No: "&C30&" | Receipt: "&D30&" | Transfer: "&E30&" | Issues: "&F30&" | Balance: "&G30&" | Remarks: "&H30)) -> #VALUE!
A33: 16 | B33: C-Clamp (Two Piece Clamp) | C33: 1279 | D33: ='C-Clamp '!E6 -> 880 | E33: ='C-Clamp '!F6 -> 0 | F33: ='C-Clamp '!G6 -> 832 | G33: ='C-Clamp '!H6 -> 48 | H33: NOS. | I33: =_xlfn.IMAGE("https://quickchart.io/qr?text="&_xlfn.ENCODEURL("Sr No: "&A31&" | Item: "&B31&" | Page No: "&C31&" | Receipt: "&D31&" | Transfer: "&E31&" | Issues: "&F31&" | Balance: "&G31&" | Remarks: "&H31)) -> #VALUE!
A34: =ROW(A31) -> 31 | B34: C-Clamp (Two Piece Clamp) Bolt & Nut | C34: 1281 | D34: ='C-Clamp bolt & nut'!E6 -> 400 | E34: ='C-Clamp bolt & nut'!F6 -> 0 | F34: ='C-Clamp bolt & nut'!G6 -> 400 | G34: ='C-Clamp bolt & nut'!H6 -> 0 | H34: NOS. | I34: =_xlfn.IMAGE("https://quickchart.io/qr?text="&_xlfn.ENCODEURL("Sr No: "&A32&" | Item: "&B32&" | Page No: "&C32&" | Receipt: "&D32&" | Transfer: "&E32&" | Issues: "&F32&" | Balance: "&G32&" | Remarks: "&H32)) -> #VALUE!
A35: 17 | B35: Joggled Fish Plate Bolt & Nut | C35: 1283 | D35: ='Joggled fish bolt & nut'!E6 -> 400 | E35: ='Joggled fish bolt & nut'!F6 -> 0 | F35: ='Joggled fish bolt & nut'!G6 -> 100 | G35: ='Joggled fish bolt & nut'!H6 -> 300 | H35: NOS. | I35: =_xlfn.IMAGE("https://quickchart.io/qr?text="&_xlfn.ENCODEURL("Sr No: "&A33&" | Item: "&B33&" | Page No: "&C33&" | Receipt: "&D33&" | Transfer: "&E33&" | Issues: "&F33&" | Balance: "&G33&" | Remarks: "&H33)) -> #VALUE!
A36: =ROW(A33) -> 33 | B36: Nut & Bolt 1 Mtr Fish Plate | C36: 1285 | D36: ='1 mtr fish bolt & nut (2)'!E6 -> 300 | E36: ='1 mtr fish bolt & nut (2)'!F6 -> 0 | F36: ='1 mtr fish bolt & nut (2)'!G6 -> 256 | G36: ='1 mtr fish bolt & nut (2)'!H6 -> 44 | H36: NOS. | I36: =_xlfn.IMAGE("https://quickchart.io/qr?text="&_xlfn.ENCODEURL("Sr No: "&A34&" | Item: "&B34&" | Page No: "&C34&" | Receipt: "&D34&" | Transfer: "&E34&" | Issues: "&F34&" | Balance: "&G34&" | Remarks: "&H34)) -> #VALUE!
A37: 18 | B37: C-Clamp RT-5856 (Screw Type) | C37: 1287 | D37: ='C-Clamp RT-5856 '!E6 -> 50 | E37: ='C-Clamp RT-5856 '!F6 -> 0 | F37: ='C-Clamp RT-5856 '!G6 -> 25 | G37: ='C-Clamp RT-5856 '!H6 -> 25 | H37: NOS. | I37: =_xlfn.IMAGE("https://quickchart.io/qr?text="&_xlfn.ENCODEURL("Sr No: "&A35&" | Item: "&B35&" | Page No: "&C35&" | Receipt: "&D35&" | Transfer: "&E35&" | Issues: "&F35&" | Balance: "&G35&" | Remarks: "&H35)) -> #VALUE!
A38: =ROW(A35) -> 35 | B38: ACD PIN For VAE VKN Made | C38: 1288 | D38: ='[1]PHOWRA SPADE'!E6 -> 50 | E38: ='[1]PHOWRA SPADE'!F6 -> 0 | F38: ='[1]PHOWRA SPADE'!G6 -> 25 | G38: ='[1]PHOWRA SPADE'!H6 -> 25 | H38: NOS. | I38: =_xlfn.IMAGE("https://quickchart.io/qr?text="&_xlfn.ENCODEURL("Sr No: "&A36&" | Item: "&B36&" | Page No: "&C36&" | Receipt: "&D36&" | Transfer: "&E36&" | Issues: "&F36&" | Balance: "&G36&" | Remarks: "&H36)) -> #VALUE!
A39: 19 | B39: ACD Fork For VAE VKN Made | C39: 1289 | D39: ='Fork ACD'!E6 -> 7 | E39: ='Fork ACD'!F6 -> 0 | F39: ='Fork ACD'!G6 -> 4 | G39: ='Fork ACD'!H6 -> 3 | H39: NOS. | I39: =_xlfn.IMAGE("https://quickchart.io/qr?text="&_xlfn.ENCODEURL("Sr No: "&A37&" | Item: "&B37&" | Page No: "&C37&" | Receipt: "&D37&" | Transfer: "&E37&" | Issues: "&F37&" | Balance: "&G37&" | Remarks: "&H37)) -> #VALUE!
A40: =ROW(A37) -> 37 | B40: Bolt M27*140N for ACD PIN For VAE VKN Made | C40: 1290 | D40: ='BOLT ACD PIN'!E6 -> 40 | E40: ='BOLT ACD PIN'!F6 -> 0 | F40: ='BOLT ACD PIN'!G6 -> 16 | G40: ='BOLT ACD PIN'!H6 -> 24 | H40: NOS. | I40: =_xlfn.IMAGE("https://quickchart.io/qr?text="&_xlfn.ENCODEURL("Sr No: "&A38&" | Item: "&B38&" | Page No: "&C38&" | Receipt: "&D38&" | Transfer: "&E38&" | Issues: "&F38&" | Balance: "&G38&" | Remarks: "&H38)) -> #VALUE!
A41: 20 | B41: Bolt M27*140N for ACD FORK For VAE VKN Made | C41: 1291 | D41: ='BOLT ACD Fork'!E6 -> 14 | E41: ='BOLT ACD Fork'!F6 -> 0 | F41: ='BOLT ACD Fork'!G6 -> 0 | G41: ='BOLT ACD Fork'!H6 -> 14 | H41: NOS. | I41: =_xlfn.IMAGE("https://quickchart.io/qr?text="&_xlfn.ENCODEURL("Sr No: "&A39&" | Item: "&B39&" | Page No: "&C39&" | Receipt: "&D39&" | Transfer: "&E39&" | Issues: "&F39&" | Balance: "&G39&" | Remarks: "&H39)) -> #VALUE!
A42: =ROW(A39) -> 39 | B42: HEX NUT for ACD For VAE VKN Made | C42: 1292 | D42: ='HEX Nut ACD'!E6 -> 54 | E42: ='HEX Nut ACD'!F6 -> 0 | F42: ='HEX Nut ACD'!G6 -> 16 | G42: ='HEX Nut ACD'!H6 -> 38 | H42: NOS. | I42: =_xlfn.IMAGE("https://quickchart.io/qr?text="&_xlfn.ENCODEURL("Sr No: "&A40&" | Item: "&B40&" | Page No: "&C40&" | Receipt: "&D40&" | Transfer: "&E40&" | Issues: "&F40&" | Balance: "&G40&" | Remarks: "&H40)) -> #VALUE!
A43: 21 | B43: US Rail ( UN Serviceable Rail) | C43: 1295 | D43: ='US Rail'!E6 -> 426.295 | E43: ='US Rail'!F6 -> 0 | F43: ='US Rail'!G6 -> 153.995 | G43: ='US Rail'!H6 -> 272.3 | H43: NOS. | I43: =_xlfn.IMAGE("https://quickchart.io/qr?text="&_xlfn.ENCODEURL("Sr No: "&A41&" | Item: "&B41&" | Page No: "&C41&" | Receipt: "&D41&" | Transfer: "&E41&" | Issues: "&F41&" | Balance: "&G41&" | Remarks: "&H41)) -> #VALUE!
A44: =ROW(A41) -> 41 | B44: WCMS Crossing with Extened Leg RH | C44: 1297 | D44: ='WCMS RH'!E6 -> 3 | E44: ='WCMS RH'!F6 -> 0 | F44: ='WCMS RH'!G6 -> 3 | G44: ='WCMS RH'!H6 -> 0 | H44: NOS. | I44: =_xlfn.IMAGE("https://quickchart.io/qr?text="&_xlfn.ENCODEURL("Sr No: "&A42&" | Item: "&B42&" | Page No: "&C42&" | Receipt: "&D42&" | Transfer: "&E42&" | Issues: "&F42&" | Balance: "&G42&" | Remarks: "&H42)) -> #VALUE!
A45: 22 | B45: Fish Plate 610mm 52kg with nut and bolt | C45: 1298 | D45: ='Fish Plate 610mm '!E6 -> 55 | E45: ='Fish Plate 610mm '!F6 -> 0 | F45: ='Fish Plate 610mm '!G6 -> 48 | G45: ='Fish Plate 610mm '!H6 -> 7 | H45: NOS. | I45: =_xlfn.IMAGE("https://quickchart.io/qr?text="&_xlfn.ENCODEURL("Sr No: "&A43&" | Item: "&B43&" | Page No: "&C43&" | Receipt: "&D43&" | Transfer: "&E43&" | Issues: "&F43&" | Balance: "&G43&" | Remarks: "&H43)) -> #VALUE!
A46: =ROW(A43) -> 43 | B46: WCMS Crossing with Extened Leg LH | C46: 1299 | D46: ='WCMS LH'!E6 -> 1 | E46: ='WCMS LH'!F6 -> 0 | F46: ='WCMS LH'!G6 -> 0 | G46: ='WCMS LH'!H6 -> 1 | H46: NOS. | I46: =_xlfn.IMAGE("https://quickchart.io/qr?text="&_xlfn.ENCODEURL("Sr No: "&A44&" | Item: "&B44&" | Page No: "&C44&" | Receipt: "&D44&" | Transfer: "&E44&" | Issues: "&F44&" | Balance: "&G44&" | Remarks: "&H44)) -> #VALUE!
A47: 23 | B47: 1 in 12 Turnout WITh Fitting RH DLP | D47: 2 | E47: ='[1]RAIL PROFILE WELD GRINDER '!F6 -> 0 | F47: 0 | G47: ='[1]RAIL PROFILE WELD GRINDER '!H6 -> 2 | H47: NOS. | I47: =_xlfn.IMAGE("https://quickchart.io/qr?text="&_xlfn.ENCODEURL("Sr No: "&A45&" | Item: "&B45&" | Page No: "&C45&" | Receipt: "&D45&" | Transfer: "&E45&" | Issues: "&F45&" | Balance: "&G45&" | Remarks: "&H45)) -> #VALUE!
A48: =ROW(A45) -> 45 | B48: 1 in 12 Turnout WITh Fitting LH DLP | D48: 1 | E48: ='[1]THERMIT WELDING TOOL SET'!F6 -> 0 | F48: 0 | G48: 1 | H48: NOS. | I48: =_xlfn.IMAGE("https://quickchart.io/qr?text="&_xlfn.ENCODEURL("Sr No: "&A46&" | Item: "&B46&" | Page No: "&C46&" | Receipt: "&D46&" | Transfer: "&E46&" | Issues: "&F46&" | Balance: "&G46&" | Remarks: "&H46)) -> #VALUE!
A49: 24 | B49: Plate Screw RT-3912 | C49: 9201 | D49: ='Plate Screw 3912'!E6 -> 1000 | E49: ='Plate Screw 3912'!F6 -> 0 | F49: ='Plate Screw 3912'!G6 -> 0 | G49: ='Plate Screw 3912'!H6 -> 1000 | H49: NOS. | I49: =_xlfn.IMAGE("https://quickchart.io/qr?text="&_xlfn.ENCODEURL("Sr No: "&A47&" | Item: "&B47&" | Page No: "&C47&" | Receipt: "&D47&" | Transfer: "&E47&" | Issues: "&F47&" | Balance: "&G47&" | Remarks: "&H47)) -> #VALUE!
A50: =ROW(A47) -> 47 | B50: IBAV Leaf Spring (VAENK04195) | C50: 9203 | D50: ='IBAV Leaf Spring (VAENK04195)'!E6 -> 100 | E50: ='IBAV Leaf Spring (VAENK04195)'!F6 -> 0 | F50: ='IBAV Leaf Spring (VAENK04195)'!G6 -> 0 | G50: ='IBAV Leaf Spring (VAENK04195)'!H6 -> 100 | H50: NOS. | I50: =_xlfn.IMAGE("https://quickchart.io/qr?text="&_xlfn.ENCODEURL("Sr No: "&A48&" | Item: "&B48&" | Page No: "&C49&" | Receipt: "&D48&" | Transfer: "&E48&" | Issues: "&F48&" | Balance: "&G48&" | Remarks: "&H48)) -> #VALUE!
A51: 25 | B51: IBAV Leaf Spring (VAENK04196) | C51: 9205 | D51: ='IBAV Leaf Spring (VAENK04196)'!E6 -> 100 | E51: ='IBAV Leaf Spring (VAENK04196)'!F6 -> 0 | F51: ='IBAV Leaf Spring (VAENK04196)'!G6 -> 0 | G51: ='IBAV Leaf Spring (VAENK04196)'!H6 -> 100 | H51: NOS. | I51: =_xlfn.IMAGE("https://quickchart.io/qr?text="&_xlfn.ENCODEURL("Sr No: "&A49&" | Item: "&B49&" | Page No: "&#REF!&" | Receipt: "&D49&" | Transfer: "&E49&" | Issues: "&F49&" | Balance: "&G49&" | Remarks: "&H49)) -> #REF!
A52: =ROW(A49) -> 49 | B52: IBAV Wedge D18/1111;5*157 (VAENK04196A) | C52: 9207 | D52: ='IBAV Wedge '!E6 -> 100 | E52: ='IBAV Wedge '!F6 -> 0 | F52: ='IBAV Wedge '!G6 -> 0 | G52: ='IBAV Wedge '!H6 -> 100 | H52: NOS. | I52: =_xlfn.IMAGE("https://quickchart.io/qr?text="&_xlfn.ENCODEURL("Sr No: "&A50&" | Item: "&B50&" | Page No: "&C50&" | Receipt: "&D50&" | Transfer: "&E50&" | Issues: "&F50&" | Balance: "&G50&" | Remarks: "&H50)) -> #VALUE!
A53: 26 | B53: HEX NUT M24 (VAEKN 05072) | C53: 9209 | D53: ='HEX NUT M24'!E6 -> 200 | E53: ='HEX NUT M24'!F6 -> 0 | F53: ='HEX NUT M24'!G6 -> 0 | G53: ='HEX NUT M24'!H6 -> 200 | H53: NOS. | I53: =_xlfn.IMAGE("https://quickchart.io/qr?text="&_xlfn.ENCODEURL("Sr No: "&A51&" | Item: "&B51&" | Page No: "&C51&" | Receipt: "&D51&" | Transfer: "&E51&" | Issues: "&F51&" | Balance: "&G51&" | Remarks: "&H51)) -> #VALUE!
A54: =ROW(A51) -> 51 | B54: Square Head Bolt M24*90 (VAEVKN 05073) | C54: 9211 | D54: ='Square Head Bolt '!E6 -> 200 | E54: ='Square Head Bolt '!F6 -> 0 | F54: ='Square Head Bolt '!G6 -> 0 | G54: ='Square Head Bolt '!H6 -> 200 | H54: NOS. | I54: =_xlfn.IMAGE("https://quickchart.io/qr?text="&_xlfn.ENCODEURL("Sr No: "&A52&" | Item: "&B52&" | Page No: "&C52&" | Receipt: "&D52&" | Transfer: "&E52&" | Issues: "&F52&" | Balance: "&G52&" | Remarks: "&H52)) -> #VALUE!
A55: 27 | B55: T- Head Bolt with nut for clip (VAEVKN 04311) | C55: 9213 | D55: ='T- Head Bolt'!E6 -> 200 | E55: ='T- Head Bolt'!F6 -> 0 | F55: ='T- Head Bolt'!G6 -> 0 | G55: ='T- Head Bolt'!H6 -> 200 | H55: NOS. | I55: =_xlfn.IMAGE("https://quickchart.io/qr?text="&_xlfn.ENCODEURL("Sr No: "&A53&" | Item: "&B53&" | Page No: "&C53&" | Receipt: "&D53&" | Transfer: "&E53&" | Issues: "&F53&" | Balance: "&G53&" | Remarks: "&H53)) -> #VALUE!
A56: =ROW(A53) -> 53 | B56: Plain Washer (VAEVKN) | C56: 9215 | D56: ='Plain Washer '!E6 -> 1000 | E56: ='Plain Washer '!F6 -> 0 | F56: ='Plain Washer '!G6 -> 0 | G56: ='Plain Washer '!H6 -> 1000 | H56: NOS. | I56: =_xlfn.IMAGE("https://quickchart.io/qr?text="&_xlfn.ENCODEURL("Sr No: "&A54&" | Item: "&B54&" | Page No: "&C54&" | Receipt: "&D54&" | Transfer: "&E54&" | Issues: "&F54&" | Balance: "&G54&" | Remarks: "&H54)) -> #VALUE!
A57: 28 | B57: Piroller with Doble roller (VAEVKN05519) | C57: 9217 | D57: ='Piroller with Doble '!E6 -> 110 | E57: ='Piroller with Doble '!F6 -> 0 | F57: ='Piroller with Doble '!G6 -> 0 | G57: ='Piroller with Doble '!H6 -> 110 | H57: NOS. | I57: =_xlfn.IMAGE("https://quickchart.io/qr?text="&_xlfn.ENCODEURL("Sr No: "&A55&" | Item: "&B55&" | Page No: "&C55&" | Receipt: "&D55&" | Transfer: "&E55&" | Issues: "&F55&" | Balance: "&G55&" | Remarks: "&H55)) -> #VALUE!
A58: =ROW(A55) -> 55 | B58: Piroller with Doble roller (VAEVKN07565) | C58: 9219 | D58: ='Piroller with Doble 07565'!E6 -> 50 | E58: ='Piroller with Doble 07565'!F6 -> 0 | F58: ='Piroller with Doble 07565'!G6 -> 0 | G58: ='Piroller with Doble 07565'!H6 -> 50 | H58: NOS. | I58: =_xlfn.IMAGE("https://quickchart.io/qr?text="&_xlfn.ENCODEURL("Sr No: "&A56&" | Item: "&B56&" | Page No: "&C56&" | Receipt: "&D56&" | Transfer: "&E56&" | Issues: "&F56&" | Balance: "&G56&" | Remarks: "&H56)) -> #VALUE!
A59: 29 | B59: Piroller with Single roller (VAEVKN05520) | C59: 9221 | D59: ='Piroller with Single roller'!E6 -> 50 | E59: ='Piroller with Single roller'!F6 -> 0 | F59: ='Piroller with Single roller'!G6 -> 0 | G59: ='Piroller with Single roller'!H6 -> 50 | H59: NOS. | I59: =_xlfn.IMAGE("https://quickchart.io/qr?text="&_xlfn.ENCODEURL("Sr No: "&A57&" | Item: "&B57&" | Page No: "&C57&" | Receipt: "&D57&" | Transfer: "&E57&" | Issues: "&F57&" | Balance: "&G57&" | Remarks: "&H57)) -> #VALUE!
A60: =ROW(A57) -> 57 | B60: Piroller with Spring Loaded roller (VAEVKN05521) | C60: 9223 | D60: ='Piroller with Spring Loaded '!E6 -> 50 | E60: ='Piroller with Spring Loaded '!F6 -> 0 | F60: ='Piroller with Spring Loaded '!G6 -> 0 | G60: ='Piroller with Spring Loaded '!H6 -> 50 | H60: NOS. | I60: =_xlfn.IMAGE("https://quickchart.io/qr?text="&_xlfn.ENCODEURL("Sr No: "&A58&" | Item: "&B58&" | Page No: "&C58&" | Receipt: "&D58&" | Transfer: "&E58&" | Issues: "&F58&" | Balance: "&G58&" | Remarks: "&H58)) -> #VALUE!
A61: 30 | B61: Helical Spring (VAEVKN05552-00) | C61: 9225 | D61: ='Helical Spring'!E6 -> 50 | E61: ='Helical Spring'!F6 -> 0 | F61: ='Helical Spring'!G6 -> 0 | G61: ='Helical Spring'!H6 -> 50 | H61: NOS. | I61: =_xlfn.IMAGE("https://quickchart.io/qr?text="&_xlfn.ENCODEURL("Sr No: "&A59&" | Item: "&B59&" | Page No: "&C59&" | Receipt: "&D59&" | Transfer: "&E59&" | Issues: "&F59&" | Balance: "&G59&" | Remarks: "&H59)) -> #VALUE!
A62: =ROW(A59) -> 59 | B62: HEX Bolt With Flang M16*40 | C62: 9227 | D62: ='HEX Bolt With Flang'!E6 -> 100 | E62: ='HEX Bolt With Flang'!F6 -> 0 | F62: ='HEX Bolt With Flang'!G6 -> 0 | G62: ='HEX Bolt With Flang'!H6 -> 100 | H62: NOS. | I62: =_xlfn.IMAGE("https://quickchart.io/qr?text="&_xlfn.ENCODEURL("Sr No: "&A60&" | Item: "&B60&" | Page No: "&C60&" | Receipt: "&D60&" | Transfer: "&E60&" | Issues: "&F60&" | Balance: "&G60&" | Remarks: "&H60)) -> #VALUE!
A63: 31 | B63: Key Locking Washer Bonded NL 16-F | C63: 9229 | D63: ='Key Locking Washer '!E6 -> 100 | E63: ='Key Locking Washer '!F6 -> 0 | F63: ='Key Locking Washer '!G6 -> 0 | G63: ='Key Locking Washer '!H6 -> 100 | H63: NOS. | I63: =_xlfn.IMAGE("https://quickchart.io/qr?text="&_xlfn.ENCODEURL("Sr No: "&A61&" | Item: "&B61&" | Page No: "&C61&" | Receipt: "&D61&" | Transfer: "&E61&" | Issues: "&F61&" | Balance: "&G61&" | Remarks: "&H61)) -> #VALUE!
A64: =ROW(A61) -> 61 | B64: Alen Bolt M8*25 | C64: 9231 | D64: ='Alen Bolt '!E6 -> 1000 | E64: ='Alen Bolt '!F6 -> 0 | F64: ='Alen Bolt '!G6 -> 0 | G64: ='Alen Bolt '!H6 -> 1000 | H64: NOS. | I64: =_xlfn.IMAGE("https://quickchart.io/qr?text="&_xlfn.ENCODEURL("Sr No: "&A62&" | Item: "&B62&" | Page No: "&C62&" | Receipt: "&D62&" | Transfer: "&E62&" | Issues: "&F62&" | Balance: "&G62&" | Remarks: "&H62)) -> #VALUE!
A65: 32 | B65: Plate Screw RT-3913 | C65: 9233 | D65: ='Plate Screw RT-3913'!E6 -> 1000 | E65: ='Plate Screw RT-3913'!F6 -> 0 | F65: ='Plate Screw RT-3913'!G6 -> 0 | G65: ='Plate Screw RT-3913'!H6 -> 1000 | H65: NOS. | I65: =_xlfn.IMAGE("https://quickchart.io/qr?text="&_xlfn.ENCODEURL("Sr No: "&A63&" | Item: "&B63&" | Page No: "&C63&" | Receipt: "&D63&" | Transfer: "&E63&" | Issues: "&F63&" | Balance: "&G63&" | Remarks: "&H63)) -> #VALUE!
A66: =ROW(A63) -> 63 | B66: Single coil Spring washer T-10773 | C66: 9235 | D66: ='Single coil Spring washer'!E6 -> 4000 | E66: ='Single coil Spring washer'!F6 -> 0 | F66: ='Single coil Spring washer'!G6 -> 0 | G66: ='Single coil Spring washer'!H6 -> 4000 | H66: NOS. | I66: =_xlfn.IMAGE("https://quickchart.io/qr?text="&_xlfn.ENCODEURL("Sr No: "&A64&" | Item: "&B64&" | Page No: "&C64&" | Receipt: "&D64&" | Transfer: "&E64&" | Issues: "&F64&" | Balance: "&G64&" | Remarks: "&H64)) -> #VALUE!
A67: 33 | B67: SPL K-Clip (VAEVKN05177) | C67: 9237 | D67: =' SPL K-Clip (VAEVKN05177)'!E6 -> 50 | E67: =' SPL K-Clip (VAEVKN05177)'!F6 -> 0 | F67: =' SPL K-Clip (VAEVKN05177)'!G6 -> 0 | G67: =' SPL K-Clip (VAEVKN05177)'!H6 -> 50 | H67: NOS. | I67: =_xlfn.IMAGE("https://quickchart.io/qr?text="&_xlfn.ENCODEURL("Sr No: "&A65&" | Item: "&B65&" | Page No: "&C65&" | Receipt: "&D65&" | Transfer: "&E65&" | Issues: "&F65&" | Balance: "&G65&" | Remarks: "&H65)) -> #VALUE!
A68: =ROW(A65) -> 65 | B68: SPL K-Clip (VAEVKN05178) | C68: 9239 | D68: =' SPL K-Clip (VAEVKN05178)'!E6 -> 50 | E68: =' SPL K-Clip (VAEVKN05178)'!F6 -> 0 | F68: =' SPL K-Clip (VAEVKN05178)'!G6 -> 0 | G68: =' SPL K-Clip (VAEVKN05178)'!H6 -> 50 | H68: NOS. | I68: =_xlfn.IMAGE("https://quickchart.io/qr?text="&_xlfn.ENCODEURL("Sr No: "&A66&" | Item: "&B66&" | Page No: "&C66&" | Receipt: "&D66&" | Transfer: "&E66&" | Issues: "&F66&" | Balance: "&G66&" | Remarks: "&H66)) -> #VALUE!
A69: 34 | B69: SPL K-Clip (VAEVKN05179) | C69: 9241 | D69: =' SPL K-Clip (VAEVKN05179)'!E6 -> 50 | E69: =' SPL K-Clip (VAEVKN05179)'!F6 -> 0 | F69: =' SPL K-Clip (VAEVKN05179)'!G6 -> 0 | G69: =' SPL K-Clip (VAEVKN05179)'!H6 -> 50 | H69: NOS. | I69: =_xlfn.IMAGE("https://quickchart.io/qr?text="&_xlfn.ENCODEURL("Sr No: "&A67&" | Item: "&B67&" | Page No: "&C67&" | Receipt: "&D67&" | Transfer: "&E67&" | Issues: "&F67&" | Balance: "&G67&" | Remarks: "&H67)) -> #VALUE!
A70: =ROW(A67) -> 67 | B70: SPL K-Clip (VAEVKN05180) | C70: 9243 | D70: =' SPL K-Clip (VAEVKN05180)'!E6 -> 50 | E70: =' SPL K-Clip (VAEVKN05180)'!F6 -> 0 | F70: =' SPL K-Clip (VAEVKN05180)'!G6 -> 0 | G70: =' SPL K-Clip (VAEVKN05180)'!H6 -> 50 | H70: NOS. | I70: =_xlfn.IMAGE("https://quickchart.io/qr?text="&_xlfn.ENCODEURL("Sr No: "&A68&" | Item: "&B68&" | Page No: "&C68&" | Receipt: "&D68&" | Transfer: "&E68&" | Issues: "&F68&" | Balance: "&G68&" | Remarks: "&H68)) -> #VALUE!

Sheet GFN Liner
A1: 744 | B1: foHkkxh; [kkrk feyku iqLrd DEPARTMENTAL LEDGER AND TALLY BOOK
A2: ewY; lwph@dwV la[;k Price List / Code No. | D2: 5 | E2: feyku i= la[;k Tally Code No. | I2: ;wfuV Unit
A3: oLrq dk fooj.k Description of the Article | D3: GFN Liner | E3: ys[kk dk;kZy; i`"B la[;k Accounts Office File No. | I3: 1201
A4: ekg vkSj rkjh[k Month and Date | B4: izkfIr ;k fuxZe okmpj la[;k vkSj rkjh[k No. and Date of Receiot or issue Voucher | C4: fdlls izkIr gqvk ;k fdls tkjh fd;k From Whom received or to whom issued | D4: izkfIr ;k fuxZe dk mn~ns'; Purpose for which received or issue | E4: izkfIr Receipt | F4: LFkkukarj.k Transfer | G4: fuxZe Issues | H4: 'ks"k Balance | I4: vk|{kj Signature
E5: ux No. Vu Tonnes fd-xzk-Kgs. Ltr. | F5: ux No. Vu Tonnes fd-xzk-Kgs. | G5: ux No. Vu Tonnes fd-xzk-Kgs. | H5: ux No. Vu Tonnes fd-xzk-Kgs.
E6: =SUM(E7:E963) -> 19754 | F6: =SUM(F7:F963) -> 0 | G6: =SUM(G7:G963) -> 17665 | H6: =SUM(E6-F6-G6) -> 2089
A7: 46113 | B7: GIL-TPL JV /EDFC / 301/2023/ LON/6547 04.03.2024 | C7: TPL-GIL JV | D7: Track work | E7: 19754 | F7: 0 | G7: 0 | H7: =SUM(E7-F7-G7) -> 19754
A8: 45677 | B8: GP/DFC/AMBALA / SR. 1186 Dt. 20.01.2025 | C8: Surendra Kumar/sr.Ex/c/KNNN | D8: Track work | E8: 0 | F8: 0 | G8: 130 | H8: =+H7+E8-F8-G8 -> 19624
A9: 45961 | B9: GP/DFC/AMBALA / SR. 1154 Dt. 31.10.2025 | C9: Keyman | D9: Track work | E9: 0 | F9: 0 | G9: 20 | H9: =H8-G9 -> 19604
A10: 45961 | B10: GP/DFC/AMBALA / SR. 1155 Dt. 31.10.2025 | C10: Keyman | D10: Track work | E10: 0 | F10: 0 | G10: 180 | H10: =H9-G10 -> 19424
A11: 45961 | B11: GP/DFC/AMBALA / SR. 1156 Dt. 31.10.2025 | C11: Keyman | D11: Track work | E11: 0 | F11: 0 | G11: 55 | H11: =H10-G11 -> 19369
A12: 45961 | B12: GP/DFC/AMBALA / SR. 1157 Dt. 31.10.2025 | C12: Keyman | D12: Track work | E12: 0 | F12: 0 | G12: 90 | H12: =H11-G12 -> 19279
A13: 46051 | B13: GP/DFC/AMBALA / SR. 1169 Dt. 29.01.2026 | C13: 1208/15-16 | D13: Track work | E13: 0 | F13: 0 | G13: 40 | H13: =H12-G13 -> 19239
A14: 46101 | B14: GP/DFC/AMBALA / SR.2202 Dt. 20.03.2026 | C14: IMD/CHAN | D14: Track work | E14: 0 | F14: 0 | G14: 16750 | H14: =H13-G14 -> 2489
A15: 46101 | B15: GP/DFC/AMBALA / SR.2203 Dt. 20.03.2027 | C15: Section use | D15: Track work | E15: 0 | F15: 0 | G15: 300 | H15: =H14-G15 -> 2189
A16: 46139 | B16: GP/DFC/AMBALA / SR. 2207 Dt. 20.03.2028 | C16: 1174/4-5 | D16: Track work | E16: 0 | F16: 0 | G16: 100 | H16: =H15-G16 -> 2089
E17: 0 | F17: 0 | H17: =H16-G17 -> 2089
H452: =H451-G452-F452+E452 -> 0
H453: =H452-G453-F453+E453 -> 0
H454: =H453-G454-F454+E454 -> 0
H455: =H454-G455-F455+E455 -> 0
H456: =H455-G456-F456+E456 -> 0
H457: =H456-G457-F457+E457 -> 0
H458: =H457-G458-F458+E458 -> 0
H459: =H458-G459-F459+E459 -> 0
H460: =H459-G460-F460+E460 -> 0
H461: =H460-G461-F461+E461 -> 0
H462: =H461-G462-F462+E462 -> 0
H463: =H462-G463-F463+E463 -> 0
... H636: =H635-G636-F636+E636 -> 0
E1048534: 2

Sheet Rubber pad
A1: 744 | B1: foHkkxh; [kkrk feyku iqLrd DEPARTMENTAL LEDGER AND TALLY BOOK
A2: ewY; lwph@dwV la[;k Price List / Code No. | D2: 5 | E2: feyku i= la[;k Tally Code No. | I2: ;wfuV Unit
A3: oLrq dk fooj.k Description of the Article | D3: Rubber pad | E3: ys[kk dk;kZy; i`"B la[;k Accounts Office File No. | I3: 1205
A4: ekg vkSj rkjh[k Month and Date | B4: izkfIr ;k fuxZe okmpj la[;k vkSj rkjh[k No. and Date of Receiot or issue Voucher | C4: fdlls izkIr gqvk ;k fdls tkjh fd;k From Whom received or to whom issued | D4: izkfIr ;k fuxZe dk mn~ns'; Purpose for which received or issue | E4: izkfIr Receipt | F4: LFkkukarj.k Transfer | G4: fuxZe Issues | H4: 'ks"k Balance | I4: vk|{kj Signature
E5: ux No. Vu Tonnes fd-xzk-Kgs. Ltr. | F5: ux No. Vu Tonnes fd-xzk-Kgs. | G5: ux No. Vu Tonnes fd-xzk-Kgs. | H5: ux No. Vu Tonnes fd-xzk-Kgs.
E6: =SUM(E7:E958) -> 19754 | F6: =SUM(F7:F958) -> 0 | G6: =SUM(G7:G958) -> 16510 | H6: =SUM(E6-F6-G6) -> 3244
A7: 46113 | B7: GIL-TPL JV /EDFC / 301/2023/ LON/6547 04.03.2024 | C7: TPL-GIL JV | D7: Track work | E7: 19754 | F7: 0 | G7: 0 | H7: =SUM(E7-F7-G7) -> 19754
A8: 46051 | B8: GP/DFC/AMBALA / SR. 1169 Dt. 29.01.2026 | C8: 1208/15-16 | D8: Track work | E8: 0 | F8: 0 | G8: 10 | H8: =H7-G8 -> 19744
A9: 46099 | B9: GP/DFC/AMBALA / SR.2201 Dt. 20.03.2026 | C9: IMD/CHAN | D9: Track work | E9: 0 | F9: 0 | G9: 12450 | H9: =H8-G9 -> 7294
A10: 46101 | B10: GP/DFC/AMBALA / SR.2202 Dt. 20.03.2027 | C10: IMD/CHAN | D10: Track work | E10: 0 | F10: 0 | G10: 4050 | H10: =H9-G10 -> 3244
H11: =H10-G11 -> 3244
E12: 0 | F12: 0 | H12: =H11-G12 -> 3244
H447: =H446-G447-F447+E447 -> 0
H448: =H447-G448-F448+E448 -> 0
H449: =H448-G449-F449+E449 -> 0
H450: =H449-G450-F450+E450 -> 0
H451: =H450-G451-F451+E451 -> 0
H452: =H451-G452-F452+E452 -> 0
H453: =H452-G453-F453+E453 -> 0
H454: =H453-G454-F454+E454 -> 0
H455: =H454-G455-F455+E455 -> 0
H456: =H455-G456-F456+E456 -> 0
H457: =H456-G457-F457+E457 -> 0
H458: =H457-G458-F458+E458 -> 0
... H631: =H630-G631-F631+E631 -> 0
E1048529: 2

Sheet ERC
A1: 744 | B1: foHkkxh; [kkrk feyku iqLrd DEPARTMENTAL LEDGER AND TALLY BOOK
A2: ewY; lwph@dwV la[;k Price List / Code No. | D2: 5 | E2: feyku i= la[;k Tally Code No. | I2: ;wfuV Unit
A3: oLrq dk fooj.k Description of the Article | D3: ERC mark-V | E3: ys[kk dk;kZy; i`"B la[;k Accounts Office File No. | I3: 1211
A4: ekg vkSj rkjh[k Month and Date | B4: izkfIr ;k fuxZe okmpj la[;k vkSj rkjh[k No. and Date of Receiot or issue Voucher | C4: fdlls izkIr gqvk ;k fdls tkjh fd;k From Whom received or to whom issued | D4: izkfIr ;k fuxZe dk mn~ns'; Purpose for which received or issue | E4: izkfIr Receipt | F4: LFkkukarj.k Transfer | G4: fuxZe Issues | H4: 'ks"k Balance | I4: vk|{kj Signature
E5: ux No. Vu Tonnes fd-xzk-Kgs. Ltr. | F5: ux No. Vu Tonnes fd-xzk-Kgs. | G5: ux No. Vu Tonnes fd-xzk-Kgs. | H5: ux No. Vu Tonnes fd-xzk-Kgs.
E6: =SUM(E7:E963) -> 39508 | F6: =SUM(F7:F963) -> 0 | G6: =SUM(G7:G963) -> 14335 | H6: =SUM(E6-F6-G6) -> 25173
A7: 46121 | B7: GIL-TPL JV /EDFC / 301/2023/ LON/6547 04.03.2024 | C7: TPL-GIL JV | D7: Track work | E7: 39508 | F7: 0 | G7: 0 | H7: =SUM(E7-F7-G7) -> 39508
A8: 46207 | B8: GP/DFC/AMBALA / SR. 1186 Dt. 20.01.2025 | C8: Surendra Kumar/sr.Ex/c/KNNN | D8: Track work | E8: 0 | F8: 0 | G8: 150 | H8: =+H7+E8-F8-G8 -> 39358
A9: 45961 | B9: GP/DFC/AMBALA / SR. 1155 Dt. 31.10.2025 | C9: exe/c/smun Arjun kumar | D9: Track work | E9: 0 | F9: 0 | G9: 450 | H9: =H8-G9 -> 38908
A10: 45961 | B10: GP/DFC/AMBALA / SR. 1156 Dt. 31.10.2025 | C10: Keyman | D10: Track work | E10: 0 | F10: 0 | G10: 97 | H10: =H9-G10 -> 38811
A11: 46051 | B11: GP/DFC/AMBALA / SR.1169 Dt. 29.01.2026 | C11: 1208/15-16 | D11: Track work | E11: 0 | F11: 0 | G11: 20 | H11: =H10-G11 -> 38791
A12: 46091 | B12: GP/DFC/AMBALA / SR. 1175 Dt. 10.03.2026 | C12: section use | D12: Track work | E12: 0 | F12: 0 | G12: 34 | H12: =H11-G12 -> 38757
A13: 46101 | B13: GP/DFC/AMBALA / SR. 2203 Dt. 20.03.2026 | C13: section use | D13: Track work | E13: 0 | F13: 0 | G13: 34 | H13: =H12-G13 -> 38723
A14: 46139 | B14: GP/DFC/AMBALA / SR.2207 Dt. 27.04.2026 | C14: 1174/5-6 | D14: Track work | E14: 0 | F14: 0 | G14: 100 | H14: =H13-G14 -> 38623
A15: 46234 | B15: GP/DFC/AMBALA / SR.2214 Dt. 31.07.2026 | C15: IMD/CHAN | D15: Track work | E15: 0 | F15: 0 | G15: 7950 | H15: =H14-G15 -> 30673
A16: 46238 | B16: GP/DFC/AMBALA / SR.2215 Dt. 04.08.2026 | C16: IMD/CHAN | D16: Track work | E16: 0 | F16: 0 | G16: 5500 | H16: =H15-G16 -> 25173
H452: =H451-G452-F452+E452 -> 0
H453: =H452-G453-F453+E453 -> 0
H454: =H453-G454-F454+E454 -> 0
H455: =H454-G455-F455+E455 -> 0
H456: =H455-G456-F456+E456 -> 0
H457: =H456-G457-F457+E457 -> 0
H458: =H457-G458-F458+E458 -> 0
H459: =H458-G459-F459+E459 -> 0
H460: =H459-G460-F460+E460 -> 0
H461: =H460-G461-F461+E461 -> 0
H462: =H461-G462-F462+E462 -> 0
H463: =H462-G463-F463+E463 -> 0
... H636: =H635-G636-F636+E636 -> 0
E1048534: 2

Sheet Rail
A1: 744 | B1: foHkkxh; [kkrk feyku iqLrd DEPARTMENTAL LEDGER AND TALLY BOOK
A2: ewY; lwph@dwV la[;k Price List / Code No. | D2: 5 | E2: feyku i= la[;k Tally Code No. | I2: ;wfuV Unit
A3: oLrq dk fooj.k Description of the Article | D3: Rail 60 kg | E3: ys[kk dk;kZy; i`"B la[;k Accounts Office File No. | I3: 1216
A4: ekg vkSj rkjh[k Month and Date | B4: izkfIr ;k fuxZe okmpj la[;k vkSj rkjh[k No. and Date of Receiot or issue Voucher | C4: fdlls izkIr gqvk ;k fdls tkjh fd;k From Whom received or to whom issued | D4: izkfIr ;k fuxZe dk mn~ns'; Purpose for which received or issue | E4: izkfIr Receipt | F4: LFkkukarj.k Transfer | G4: fuxZe Issues | H4: 'ks"k Balance | I4: vk|{kj Signature
E5: ux No. Vu Tonnes fd-xzk-Kgs. Ltr. | F5: ux No. Vu Tonnes fd-xzk-Kgs. | G5: ux No. Vu Tonnes fd-xzk-Kgs. | H5: ux No. Vu Tonnes fd-xzk-Kgs.
E6: =SUM(E7:E963) -> 420 | F6: =SUM(F7:F963) -> 0 | G6: =SUM(G7:G963) -> 37.5 | H6: =SUM(E6-F6-G6) -> 382.5
A7: 46121 | B7: GIL-TPL JV /EDFC / 301/2023/ LON/6547 04.03.2024 | C7: TPL-GIL JV | D7: Track work | E7: 400 | F7: 0 | G7: 0 | H7: =SUM(E7-F7-G7) -> 400
A8: 46123 | B8: GIL-TPL JV /EDFC / 301/B1-60023 25.09.2024 | C8: TPL-GIL JV | D8: Track work | E8: 20 | F8: 0 | G8: 0 | H8: =+H7+E8-F8-G8 -> 420
A9: 46123 | B9: GIL-TPL JV /EDFC / 301/B1-60023 25.09.2025 | C9: Dfccil Repertative at NISR | D9: USE for Derailment Site Nsir yard | E9: 0 | F9: 0 | G9: 20 | H9: =H8-G9 -> 400
A10: 45993 | B10: GP/DFC/AMBALA / SR. 1163 Dt. 02.12.2025 | C10: km 1176/925 Rpj line | D10: Track work | E10: 0 | F10: 0 | G10: 0.5 | H10: =H9-G10 -> 399.5
A11: 46134 | B11: GP/DFC/AMBALA / SR.2206 Dt. 22.04.2026 | C11: 1227/10-11 | D11: Track work | E11: 0 | F11: 0 | G11: 14 | H11: =H10-G11 -> 385.5
A12: 27.04.2026 | B12: GP/DFC/AMBALA / SR.2207 Dt. 27.04.2026 | C12: 1174/5 | D12: Track work | E12: 0 | F12: 0 | G12: 3 | H12: =H11-G12 -> 382.5
H452: =H451-G452-F452+E452 -> 0
H453: =H452-G453-F453+E453 -> 0
H454: =H453-G454-F454+E454 -> 0
H455: =H454-G455-F455+E455 -> 0
H456: =H455-G456-F456+E456 -> 0
H457: =H456-G457-F457+E457 -> 0
H458: =H457-G458-F458+E458 -> 0
H459: =H458-G459-F459+E459 -> 0
H460: =H459-G460-F460+E460 -> 0
H461: =H460-G461-F461+E461 -> 0
H462: =H461-G462-F462+E462 -> 0
H463: =H462-G463-F463+E463 -> 0
... H636: =H635-G636-F636+E636 -> 0
E1048534: 2

Sheet PSC Sleeper(1 in 12 DFCC D S 
A1: 744 | B1: foHkkxh; [kkrk feyku iqLrd DEPARTMENTAL LEDGER AND TALLY BOOK
A2: ewY; lwph@dwV la[;k Price List / Code No. | D2: 5 | E2: feyku i= la[;k Tally Code No. | I2: ;wfuV Unit
A3: oLrq dk fooj.k Description of the Article | D3: PSC Sleeper(1 in 12 DFCC D/S (trap) | E3: ys[kk dk;kZy; i`"B la[;k Accounts Office File No. | I3: 1220
A4: ekg vkSj rkjh[k Month and Date | B4: izkfIr ;k fuxZe okmpj la[;k vkSj rkjh[k No. and Date of Receiot or issue Voucher | C4: fdlls izkIr gqvk ;k fdls tkjh fd;k From Whom received or to whom issued | D4: izkfIr ;k fuxZe dk mn~ns'; Purpose for which received or issue | E4: izkfIr Receipt | F4: LFkkukarj.k Transfer | G4: fuxZe Issues | H4: 'ks"k Balance | I4: vk|{kj Signature
E5: ux No. Vu Tonnes fd-xzk-Kgs. Ltr. | F5: ux No. Vu Tonnes fd-xzk-Kgs. | G5: ux No. Vu Tonnes fd-xzk-Kgs. | H5: ux No. Vu Tonnes fd-xzk-Kgs.
E6: =SUM(E7:E963) -> 1 | F6: =SUM(F7:F963) -> 0 | G6: =SUM(G7:G963) -> 0 | H6: =SUM(E6-F6-G6) -> 1
A7: 45428 | B7: GIL-TPL JV /EDFC / 301/2023/ LON/6547 04.03.2024 | C7: TPL-GIL JV | D7: Track work | E7: 1 | F7: 0 | G7: 0 | H7: =SUM(E7-F7-G7) -> 1
H452: =H451-G452-F452+E452 -> 0
H453: =H452-G453-F453+E453 -> 0
H454: =H453-G454-F454+E454 -> 0
H455: =H454-G455-F455+E455 -> 0
H456: =H455-G456-F456+E456 -> 0
H457: =H456-G457-F457+E457 -> 0
H458: =H457-G458-F458+E458 -> 0
H459: =H458-G459-F459+E459 -> 0
H460: =H459-G460-F460+E460 -> 0
H461: =H460-G461-F461+E461 -> 0
H462: =H461-G462-F462+E462 -> 0
H463: =H462-G463-F463+E463 -> 0
... H636: =H635-G636-F636+E636 -> 0
E1048534: 2

Sheet   Br Sleeper(8229-37)
A1: 744 | B1: foHkkxh; [kkrk feyku iqLrd DEPARTMENTAL LEDGER AND TALLY BOOK
A2: ewY; lwph@dwV la[;k Price List / Code No. | D2: 5 | E2: feyku i= la[;k Tally Code No. | I2: ;wfuV Unit
A3: oLrq dk fooj.k Description of the Article | D3: Bridge Approach Sleeper(RT-8229-8237) | E3: ys[kk dk;kZy; i`"B la[;k Accounts Office File No. | I3: 1220
A4: ekg vkSj rkjh[k Month and Date | B4: izkfIr ;k fuxZe okmpj la[;k vkSj rkjh[k No. and Date of Receiot or issue Voucher | C4: fdlls izkIr gqvk ;k fdls tkjh fd;k From Whom received or to whom issued | D4: izkfIr ;k fuxZe dk mn~ns'; Purpose for which received or issue | E4: izkfIr Receipt | F4: LFkkukarj.k Transfer | G4: fuxZe Issues | H4: 'ks"k Balance | I4: vk|{kj Signature
E5: ux No. Vu Tonnes fd-xzk-Kgs. Ltr. | F5: ux No. Vu Tonnes fd-xzk-Kgs. | G5: ux No. Vu Tonnes fd-xzk-Kgs. | H5: ux No. Vu Tonnes fd-xzk-Kgs.
E6: =SUM(E7:E963) -> 6 | F6: =SUM(F7:F963) -> 0 | G6: =SUM(G7:G963) -> 0 | H6: =SUM(E6-F6-G6) -> 6
A7: 45428 | B7: GIL-TPL JV /EDFC / 301/2023/ LON/6547 04.03.2024 | C7: TPL-GIL JV | D7: Track work | E7: 1 | F7: 0 | G7: 0 | H7: =SUM(E7-F7-G7) -> 1
A8: 46078 | B8: VK/2025-26/00410 date 20.02.2026 | C8: VEE KAY Prestressed PVT LTD. | D8: Track work | E8: 5 | F8: 0 | G8: 0 | H8: =H7+E8-G8-F8 -> 6
F9: 0 | G9: 0
F10: 0 | G10: 0
F11: 0 | G11: 0
F12: 0 | G12: 0
F13: 0 | G13: 0
F14: 0 | G14: 0
F15: 0 | G15: 0
F16: 0 | G16: 0
F17: 0 | G17: 0
F18: 0 | G18: 0
F19: 0 | G19: 0
F20: 0 | G20: 0
... F131: 0 | G131: 0
G132: 0
G133: 0
G134: 0
G135: 0
G136: 0 | H136: =H135+E136-G136-F136 -> 0
G137: 0 | H137: =H136+E137-G137-F137 -> 0
G138: 0 | H138: =H137+E138-G138-F138 -> 0
G139: 0
H452: =H451-G452-F452+E452 -> 0
H453: =H452-G453-F453+E453 -> 0
H454: =H453-G454-F454+E454 -> 0
H455: =H454-G455-F455+E455 -> 0
H456: =H455-G456-F456+E456 -> 0
H457: =H456-G457-F457+E457 -> 0
H458: =H457-G458-F458+E458 -> 0
H459: =H458-G459-F459+E459 -> 0
H460: =H459-G460-F460+E460 -> 0
H461: =H460-G461-F461+E461 -> 0
H462: =H461-G462-F462+E462 -> 0
H463: =H462-G463-F463+E463 -> 0
... H636: =H635-G636-F636+E636 -> 0
E1048534: 2

Sheet LC Sleeper
A1: LC | B1: foHkkxh; [kkrk feyku iqLrd DEPARTMENTAL LEDGER AND TALLY BOOK
A2: ewY; lwph@dwV la[;k Price List / Code No. | D2: 5 | E2: feyku i= la[;k Tally Code No. | I2: ;wfuV Unit
A3: oLrq dk fooj.k Description of the Article | D3: Level Crossing Sleeper RT-8225 | E3: ys[kk dk;kZy; i`"B la[;k Accounts Office File No. | I3: 1220
A4: ekg vkSj rkjh[k Month and Date | B4: izkfIr ;k fuxZe okmpj la[;k vkSj rkjh[k No. and Date of Receiot or issue Voucher | C4: fdlls izkIr gqvk ;k fdls tkjh fd;k From Whom received or to whom issued | D4: izkfIr ;k fuxZe dk mn~ns'; Purpose for which received or issue | E4: izkfIr Receipt | F4: LFkkukarj.k Transfer | G4: fuxZe Issues | H4: 'ks"k Balance | I4: vk|{kj Signature
E5: ux No. Vu Tonnes fd-xzk-Kgs. Ltr. | F5: ux No. Vu Tonnes fd-xzk-Kgs. | G5: ux No. Vu Tonnes fd-xzk-Kgs. | H5: ux No. Vu Tonnes fd-xzk-Kgs.
E6: =SUM(E7:E963) -> 6 | F6: =SUM(F7:F963) -> 0 | G6: =SUM(G7:G963) -> 0 | H6: =SUM(E6-F6-G6) -> 6
A7: 45428 | B7: GIL-TPL JV /EDFC / 301/2023/ LON/6547 04.03.2024 | C7: TPL-GIL JV | D7: Track work | E7: 1 | F7: 0 | G7: 0 | H7: =SUM(E7-F7-G7) -> 1
A8: 46078 | B8: VK/2025-26/00409 date 20.02.2026 | C8: VEE KAY Prestressed PVT LTD. | D8: Track work | E8: 5 | F8: 0 | G8: 0 | H8: =H7+E8-G8-F8 -> 6
F9: 0 | G9: 0
F10: 0 | G10: 0
F11: 0 | G11: 0
F12: 0 | G12: 0
F13: 0 | G13: 0
F14: 0 | G14: 0
F15: 0 | G15: 0
F16: 0 | G16: 0
F17: 0 | G17: 0
F18: 0 | G18: 0
F19: 0 | G19: 0
F20: 0 | G20: 0
... F131: 0 | G131: 0
G132: 0
G133: 0
G134: 0
G135: 0
G136: 0 | H136: =H135+E136-G136-F136 -> 0
G137: 0 | H137: =H136+E137-G137-F137 -> 0
G138: 0 | H138: =H137+E138-G138-F138 -> 0
G139: 0
H452: =H451-G452-F452+E452 -> 0
H453: =H452-G453-F453+E453 -> 0
H454: =H453-G454-F454+E454 -> 0
H455: =H454-G455-F455+E455 -> 0
H456: =H455-G456-F456+E456 -> 0
H457: =H456-G457-F457+E457 -> 0
H458: =H457-G458-F458+E458 -> 0
H459: =H458-G459-F459+E459 -> 0
H460: =H459-G460-F460+E460 -> 0
H461: =H460-G461-F461+E461 -> 0
H462: =H461-G462-F462+E462 -> 0
H463: =H462-G463-F463+E463 -> 0
... H636: =H635-G636-F636+E636 -> 0
E1048534: 2

Sheet SEJ Sleeper
A1: LC | B1: foHkkxh; [kkrk feyku iqLrd DEPARTMENTAL LEDGER AND TALLY BOOK
A2: ewY; lwph@dwV la[;k Price List / Code No. | D2: 5 | E2: feyku i= la[;k Tally Code No. | I2: ;wfuV Unit
A3: oLrq dk fooj.k Description of the Article | D3: Sej Sleeper (T-4149) | E3: ys[kk dk;kZy; i`"B la[;k Accounts Office File No. | I3: 1228
A4: ekg vkSj rkjh[k Month and Date | B4: izkfIr ;k fuxZe okmpj la[;k vkSj rkjh[k No. and Date of Receiot or issue Voucher | C4: fdlls izkIr gqvk ;k fdls tkjh fd;k From Whom received or to whom issued | D4: izkfIr ;k fuxZe dk mn~ns'; Purpose for which received or issue | E4: izkfIr Receipt | F4: LFkkukarj.k Transfer | G4: fuxZe Issues | H4: 'ks"k Balance | I4: vk|{kj Signature
E5: ux No. Vu Tonnes fd-xzk-Kgs. Ltr. | F5: ux No. Vu Tonnes fd-xzk-Kgs. | G5: ux No. Vu Tonnes fd-xzk-Kgs. | H5: ux No. Vu Tonnes fd-xzk-Kgs.
E6: =SUM(E7:E963) -> 12 | F6: =SUM(F7:F963) -> 0 | G6: =SUM(G7:G963) -> 0 | H6: =SUM(E6-F6-G6) -> 12
A7: 46078 | B7: VK/2025-26/00408 date 20.02.2026 | C7: VEE KAY Prestressed PVT LTD. | D7: Track work | E7: 12 | F7: 0 | G7: 0 | H7: =SUM(E7-F7-G7) -> 12
F8: 0 | G8: 0
F9: 0 | G9: 0
F10: 0 | G10: 0
F11: 0 | G11: 0
F12: 0 | G12: 0
F13: 0 | G13: 0
F14: 0 | G14: 0
F15: 0 | G15: 0
F16: 0 | G16: 0
F17: 0 | G17: 0
F18: 0 | G18: 0
F19: 0 | G19: 0
... F131: 0 | G131: 0
G132: 0
G133: 0
G134: 0
G135: 0
G136: 0 | H136: =H135+E136-G136-F136 -> 0
G137: 0 | H137: =H136+E137-G137-F137 -> 0
G138: 0 | H138: =H137+E138-G138-F138 -> 0
G139: 0
H452: =H451-G452-F452+E452 -> 0
H453: =H452-G453-F453+E453 -> 0
H454: =H453-G454-F454+E454 -> 0
H455: =H454-G455-F455+E455 -> 0
H456: =H455-G456-F456+E456 -> 0
H457: =H456-G457-F457+E457 -> 0
H458: =H457-G458-F458+E458 -> 0
H459: =H458-G459-F459+E459 -> 0
H460: =H459-G460-F460+E460 -> 0
H461: =H460-G461-F461+E461 -> 0
H462: =H461-G462-F462+E462 -> 0
H463: =H462-G463-F463+E463 -> 0
... H636: =H635-G636-F636+E636 -> 0
E1048534: 2

Sheet Br Sleeper 8228
A1: LC | B1: foHkkxh; [kkrk feyku iqLrd DEPARTMENTAL LEDGER AND TALLY BOOK
A2: ewY; lwph@dwV la[;k Price List / Code No. | D2: 5 | E2: feyku i= la[;k Tally Code No. | I2: ;wfuV Unit
A3: oLrq dk fooj.k Description of the Article | D3: PSC Sleeper Bridge RT-8228 | E3: ys[kk dk;kZy; i`"B la[;k Accounts Office File No. | I3: 1228
A4: ekg vkSj rkjh[k Month and Date | B4: izkfIr ;k fuxZe okmpj la[;k vkSj rkjh[k No. and Date of Receiot or issue Voucher | C4: fdlls izkIr gqvk ;k fdls tkjh fd;k From Whom received or to whom issued | D4: izkfIr ;k fuxZe dk mn~ns'; Purpose for which received or issue | E4: izkfIr Receipt | F4: LFkkukarj.k Transfer | G4: fuxZe Issues | H4: 'ks"k Balance | I4: vk|{kj Signature
E5: ux No. Vu Tonnes fd-xzk-Kgs. Ltr. | F5: ux No. Vu Tonnes fd-xzk-Kgs. | G5: ux No. Vu Tonnes fd-xzk-Kgs. | H5: ux No. Vu Tonnes fd-xzk-Kgs.
E6: =SUM(E7:E963) -> 36 | F6: =SUM(F7:F963) -> 0 | G6: =SUM(G7:G963) -> 0 | H6: =SUM(E6-F6-G6) -> 36
A7: 45441 | B7: GIL-TPL JV /EDFC / 301/2023/ LON/6547 04.03.2024 | C7: TPL-GIL JV | D7: Track work | E7: 36 | F7: 0 | G7: 0 | H7: =SUM(E7-F7-G7) -> 36
F8: 0 | G8: 0
F9: 0 | G9: 0
F10: 0 | G10: 0
F11: 0 | G11: 0
F12: 0 | G12: 0
F13: 0 | G13: 0
F14: 0 | G14: 0
F15: 0 | G15: 0
F16: 0 | G16: 0
F17: 0 | G17: 0
F18: 0 | G18: 0
F19: 0 | G19: 0
... F131: 0 | G131: 0
G132: 0
G133: 0
G134: 0
G135: 0
G136: 0 | H136: =H135+E136-G136-F136 -> 0
G137: 0 | H137: =H136+E137-G137-F137 -> 0
G138: 0 | H138: =H137+E138-G138-F138 -> 0
G139: 0
H452: =H451-G452-F452+E452 -> 0
H453: =H452-G453-F453+E453 -> 0
H454: =H453-G454-F454+E454 -> 0
H455: =H454-G455-F455+E455 -> 0
H456: =H455-G456-F456+E456 -> 0
H457: =H456-G457-F457+E457 -> 0
H458: =H457-G458-F458+E458 -> 0
H459: =H458-G459-F459+E459 -> 0
H460: =H459-G460-F460+E460 -> 0
H461: =H460-G461-F461+E461 -> 0
H462: =H461-G462-F462+E462 -> 0
H463: =H462-G463-F463+E463 -> 0
... H636: =H635-G636-F636+E636 -> 0
E1048534: 2

Sheet  Sleeper7008
A1: LC | B1: foHkkxh; [kkrk feyku iqLrd DEPARTMENTAL LEDGER AND TALLY BOOK
A2: ewY; lwph@dwV la[;k Price List / Code No. | D2: 5 | E2: feyku i= la[;k Tally Code No. | I2: ;wfuV Unit
A3: oLrq dk fooj.k Description of the Article | D3: PSC Sleeper RT-7008 | E3: ys[kk dk;kZy; i`"B la[;k Accounts Office File No. | I3: 1234
A4: ekg vkSj rkjh[k Month and Date | B4: izkfIr ;k fuxZe okmpj la[;k vkSj rkjh[k No. and Date of Receiot or issue Voucher | C4: fdlls izkIr gqvk ;k fdls tkjh fd;k From Whom received or to whom issued | D4: izkfIr ;k fuxZe dk mn~ns'; Purpose for which received or issue | E4: izkfIr Receipt | F4: LFkkukarj.k Transfer | G4: fuxZe Issues | H4: 'ks"k Balance | I4: vk|{kj Signature
E5: ux No. Vu Tonnes fd-xzk-Kgs. Ltr. | F5: ux No. Vu Tonnes fd-xzk-Kgs. | G5: ux No. Vu Tonnes fd-xzk-Kgs. | H5: ux No. Vu Tonnes fd-xzk-Kgs.
E6: =SUM(E7:E963) -> 3499 | F6: =SUM(F7:F963) -> 0 | G6: =SUM(G7:G963) -> 20 | H6: =SUM(E6-F6-G6) -> 3479
A7: 45441 | B7: GIL-TPL JV /EDFC / 301/2023/ LON/6547 04.03.2024 | C7: TPL-GIL JV | D7: Track work | E7: 500 | F7: 0 | G7: 0 | H7: =SUM(E7-F7-G7) -> 500
A8: 46072 | B8: VK/2025-26/00391 date 18.02.2026 | C8: VEE KAY Prestressed PVT LTD. | D8: Track work | E8: 170 | F8: 0 | G8: 0 | H8: =H7+E8-G8-F8 -> 670
A9: 46072 | B9: VK/2025-26/00390 date 18.02.2026 | C9: VEE KAY Prestressed PVT LTD. | D9: Track work | E9: 180 | F9: 0 | G9: 0 | H9: =H8+E9-G9-F9 -> 850
A10: 46072 | B10: VK/2025-26/00392 date 18.02.2026 | C10: VEE KAY Prestressed PVT LTD. | D10: Track work | E10: 170 | F10: 0 | G10: 0 | H10: =H9+E10-G10-F10 -> 1020
A11: 46072 | B11: VK/2025-26/00389 date 18.02.2026 | C11: VEE KAY Prestressed PVT LTD. | D11: Track work | E11: 180 | F11: 0 | G11: 0 | H11: =H10+E11-G11-F11 -> 1200
A12: 46073 | B12: VK/2025-26/00401 date 19.02.2026 | C12: VEE KAY Prestressed PVT LTD. | D12: Track work | E12: 146 | F12: 0 | G12: 0 | H12: =H11+E12-G12-F12 -> 1346
A13: 46073 | B13: VK/2025-26/00402 date 19.02.2026 | C13: VEE KAY Prestressed PVT LTD. | D13: Track work | E13: 118 | F13: 0 | G13: 0 | H13: =H12+E13-G13-F13 -> 1464
A14: 46073 | B14: VK/2025-26/00403 date 19.02.2026 | C14: VEE KAY Prestressed PVT LTD. | D14: Track work | E14: 148 | F14: 0 | G14: 0 | H14: =H13+E14-G14-F14 -> 1612
A15: 46074 | B15: VK/2025-26/00404 date 19.02.2026 | C15: VEE KAY Prestressed PVT LTD. | D15: Track work | E15: 170 | F15: 0 | G15: 0 | H15: =H14+E15-G15-F15 -> 1782
A16: 46074 | B16: VK/2025-26/00405 date 19.02.2026 | C16: VEE KAY Prestressed PVT LTD. | D16: Track work | E16: 170 | F16: 0 | G16: 0 | H16: =H15+E16-G16-F16 -> 1952
A17: 46074 | B17: VK/2025-26/00420 date 19.02.2026 | C17: VEE KAY Prestressed PVT LTD. | D17: Track work | E17: 146 | F17: 0 | G17: 0 | H17: =H16+E17-G17-F17 -> 2098
A18: 46074 | B18: VK/2025-26/00407 date 19.02.2026 | C18: VEE KAY Prestressed PVT LTD. | D18: Track work | E18: 180 | F18: 0 | G18: 0 | H18: =H17+E18-G18-F18 -> 2278
A19: 46074 | B19: VK/2025-26/00406 date 19.02.2026 | C19: VEE KAY Prestressed PVT LTD. | D19: Track work | E19: 180 | F19: 0 | G19: 0 | H19: =H18+E19-G19-F19 -> 2458
... A26: 46139 | B26: GP/DFC/AMBALA / SR. 2207 Dt. 27.04.2026 | C26: 1174/5-6 | D26: Track work | E26: 0 | F26: 0 | G26: 20 | H26: =H25+E26-G26-F26 -> 3479
H452: =H451-G452-F452+E452 -> 0
H453: =H452-G453-F453+E453 -> 0
H454: =H453-G454-F454+E454 -> 0
H455: =H454-G455-F455+E455 -> 0
H456: =H455-G456-F456+E456 -> 0
H457: =H456-G457-F457+E457 -> 0
H458: =H457-G458-F458+E458 -> 0
H459: =H458-G459-F459+E459 -> 0
H460: =H459-G460-F460+E460 -> 0
H461: =H460-G461-F461+E461 -> 0
H462: =H461-G462-F462+E462 -> 0
H463: =H462-G463-F463+E463 -> 0
... H636: =H635-G636-F636+E636 -> 0
E1048534: 2

Sheet  Derailing Switch 
A1: LC | B1: foHkkxh; [kkrk feyku iqLrd DEPARTMENTAL LEDGER AND TALLY BOOK
A2: ewY; lwph@dwV la[;k Price List / Code No. | D2: 5 | E2: feyku i= la[;k Tally Code No. | I2: ;wfuV Unit
A3: oLrq dk fooj.k Description of the Article | D3: Derailing Switch With out Fitting | E3: ys[kk dk;kZy; i`"B la[;k Accounts Office File No. | I3: 1238
A4: ekg vkSj rkjh[k Month and Date | B4: izkfIr ;k fuxZe okmpj la[;k vkSj rkjh[k No. and Date of Receiot or issue Voucher | C4: fdlls izkIr gqvk ;k fdls tkjh fd;k From Whom received or to whom issued | D4: izkfIr ;k fuxZe dk mn~ns'; Purpose for which received or issue | E4: izkfIr Receipt | F4: LFkkukarj.k Transfer | G4: fuxZe Issues | H4: 'ks"k Balance | I4: vk|{kj Signature
E5: ux No. Vu Tonnes fd-xzk-Kgs. Ltr. | F5: ux No. Vu Tonnes fd-xzk-Kgs. | G5: ux No. Vu Tonnes fd-xzk-Kgs. | H5: ux No. Vu Tonnes fd-xzk-Kgs.
E6: =SUM(E7:E963) -> 1 | F6: =SUM(F7:F963) -> 0 | G6: =SUM(G7:G963) -> 0 | H6: =SUM(E6-F6-G6) -> 1
A7: 45441 | B7: GIL-TPL JV /EDFC / 301/2023/ LON/6547 04.03.2024 | C7: TPL-GIL JV | D7: Track work | E7: 1 | F7: 0 | G7: 0 | H7: =SUM(E7-F7-G7) -> 1
H452: =H451-G452-F452+E452 -> 0
H453: =H452-G453-F453+E453 -> 0
H454: =H453-G454-F454+E454 -> 0
H455: =H454-G455-F455+E455 -> 0
H456: =H455-G456-F456+E456 -> 0
H457: =H456-G457-F457+E457 -> 0
H458: =H457-G458-F458+E458 -> 0
H459: =H458-G459-F459+E459 -> 0
H460: =H459-G460-F460+E460 -> 0
H461: =H460-G461-F461+E461 -> 0
H462: =H461-G462-F462+E462 -> 0
H463: =H462-G463-F463+E463 -> 0
... H636: =H635-G636-F636+E636 -> 0
E1048534: 2

Sheet SEJ 
A1: LC | B1: foHkkxh; [kkrk feyku iqLrd DEPARTMENTAL LEDGER AND TALLY BOOK
A2: ewY; lwph@dwV la[;k Price List / Code No. | D2: 5 | E2: feyku i= la[;k Tally Code No. | I2: ;wfuV Unit
A3: oLrq dk fooj.k Description of the Article | D3: Sej | E3: ys[kk dk;kZy; i`"B la[;k Accounts Office File No. | I3: 1242
A4: ekg vkSj rkjh[k Month and Date | B4: izkfIr ;k fuxZe okmpj la[;k vkSj rkjh[k No. and Date of Receiot or issue Voucher | C4: fdlls izkIr gqvk ;k fdls tkjh fd;k From Whom received or to whom issued | D4: izkfIr ;k fuxZe dk mn~ns'; Purpose for which received or issue | E4: izkfIr Receipt | F4: LFkkukarj.k Transfer | G4: fuxZe Issues | H4: 'ks"k Balance | I4: vk|{kj Signature
E5: ux No. Vu Tonnes fd-xzk-Kgs. Ltr. | F5: ux No. Vu Tonnes fd-xzk-Kgs. | G5: ux No. Vu Tonnes fd-xzk-Kgs. | H5: ux No. Vu Tonnes fd-xzk-Kgs.
E6: =SUM(E7:E963) -> 1 | F6: =SUM(F7:F963) -> 0 | G6: =SUM(G7:G963) -> 0 | H6: =SUM(E6-F6-G6) -> 1
A7: 45441 | B7: GIL-TPL JV /EDFC / 301/2023/ LON/6547 04.03.2024 | C7: TPL-GIL JV | D7: Track work | E7: 1 | F7: 0 | G7: 0 | H7: =SUM(E7-F7-G7) -> 1
H452: =H451-G452-F452+E452 -> 0
H453: =H452-G453-F453+E453 -> 0
H454: =H453-G454-F454+E454 -> 0
H455: =H454-G455-F455+E455 -> 0
H456: =H455-G456-F456+E456 -> 0
H457: =H456-G457-F457+E457 -> 0
H458: =H457-G458-F458+E458 -> 0
H459: =H458-G459-F459+E459 -> 0
H460: =H459-G460-F460+E460 -> 0
H461: =H460-G461-F461+E461 -> 0
H462: =H461-G462-F462+E462 -> 0
H463: =H462-G463-F463+E463 -> 0
... H636: =H635-G636-F636+E636 -> 0
E1048534: 2

Sheet Hook Bolt 
A1: LC | B1: foHkkxh; [kkrk feyku iqLrd DEPARTMENTAL LEDGER AND TALLY BOOK
A2: ewY; lwph@dwV la[;k Price List / Code No. | D2: 5 | E2: feyku i= la[;k Tally Code No. | I2: ;wfuV Unit
A3: oLrq dk fooj.k Description of the Article | D3: Hook Bolt 288 x 310 mm | E3: ys[kk dk;kZy; i`"B la[;k Accounts Office File No. | I3: 1245
A4: ekg vkSj rkjh[k Month and Date | B4: izkfIr ;k fuxZe okmpj la[;k vkSj rkjh[k No. and Date of Receiot or issue Voucher | C4: fdlls izkIr gqvk ;k fdls tkjh fd;k From Whom received or to whom issued | D4: izkfIr ;k fuxZe dk mn~ns'; Purpose for which received or issue | E4: izkfIr Receipt | F4: LFkkukarj.k Transfer | G4: fuxZe Issues | H4: 'ks"k Balance | I4: vk|{kj Signature
E5: ux No. Vu Tonnes fd-xzk-Kgs. Ltr. | F5: ux No. Vu Tonnes fd-xzk-Kgs. | G5: ux No. Vu Tonnes fd-xzk-Kgs. | H5: ux No. Vu Tonnes fd-xzk-Kgs.
E6: =SUM(E7:E963) -> 140 | F6: =SUM(F7:F963) -> 0 | G6: =SUM(G7:G963) -> 10 | H6: =SUM(E6-F6-G6) -> 130
A7: 45532 | B7: TCS/24-25/002 dated 27.08.2024 | C7: Uniclimb Enterprises PVT LTD. | D7: Fr Channel sleeper | E7: 140 | F7: 0 | G7: 0 | H7: =SUM(E7-F7-G7) -> 140
A8: 46189 | B8: GP/DFC/Ambala Sr. No. 2212 | C8: JE/C/SMUN | D8: For Bridge work | E8: 0 | F8: 0 | G8: 10 | H8: =H7+E8-F8-G8 -> 130
H452: =H451-G452-F452+E452 -> 0
H453: =H452-G453-F453+E453 -> 0
H454: =H453-G454-F454+E454 -> 0
H455: =H454-G455-F455+E455 -> 0
H456: =H455-G456-F456+E456 -> 0
H457: =H456-G457-F457+E457 -> 0
H458: =H457-G458-F458+E458 -> 0
H459: =H458-G459-F459+E459 -> 0
H460: =H459-G460-F460+E460 -> 0
H461: =H460-G461-F461+E461 -> 0
H462: =H461-G462-F462+E462 -> 0
H463: =H462-G463-F463+E463 -> 0
... H636: =H635-G636-F636+E636 -> 0
E1048534: 2

Sheet Nut lock
A1: LC | B1: foHkkxh; [kkrk feyku iqLrd DEPARTMENTAL LEDGER AND TALLY BOOK
A2: ewY; lwph@dwV la[;k Price List / Code No. | D2: 5 | E2: feyku i= la[;k Tally Code No. | I2: ;wfuV Unit
A3: oLrq dk fooj.k Description of the Article | D3: Nut Lock 24 mm | E3: ys[kk dk;kZy; i`"B la[;k Accounts Office File No. | I3: 1248
A4: ekg vkSj rkjh[k Month and Date | B4: izkfIr ;k fuxZe okmpj la[;k vkSj rkjh[k No. and Date of Receiot or issue Voucher | C4: fdlls izkIr gqvk ;k fdls tkjh fd;k From Whom received or to whom issued | D4: izkfIr ;k fuxZe dk mn~ns'; Purpose for which received or issue | E4: izkfIr Receipt | F4: LFkkukarj.k Transfer | G4: fuxZe Issues | H4: 'ks"k Balance | I4: vk|{kj Signature
E5: ux No. Vu Tonnes fd-xzk-Kgs. Ltr. | F5: ux No. Vu Tonnes fd-xzk-Kgs. | G5: ux No. Vu Tonnes fd-xzk-Kgs. | H5: ux No. Vu Tonnes fd-xzk-Kgs.
E6: =SUM(E7:E963) -> 140 | F6: =SUM(F7:F963) -> 0 | G6: =SUM(G7:G963) -> 0 | H6: =SUM(E6-F6-G6) -> 140
A7: 45532 | B7: TCS/24-25/002 dated 27.08.2024 | C7: Uniclimb Enterprises PVT LTD. | D7: Fr Channel sleeper | E7: 140 | F7: 0 | G7: 0 | H7: =SUM(E7-F7-G7) -> 140
H452: =H451-G452-F452+E452 -> 0
H453: =H452-G453-F453+E453 -> 0
H454: =H453-G454-F454+E454 -> 0
H455: =H454-G455-F455+E455 -> 0
H456: =H455-G456-F456+E456 -> 0
H457: =H456-G457-F457+E457 -> 0
H458: =H457-G458-F458+E458 -> 0
H459: =H458-G459-F459+E459 -> 0
H460: =H459-G460-F460+E460 -> 0
H461: =H460-G461-F461+E461 -> 0
H462: =H461-G462-F462+E462 -> 0
H463: =H462-G463-F463+E463 -> 0
... H636: =H635-G636-F636+E636 -> 0
E1048534: 2

Sheet Gaurd Rail Rubber pad
A1: LC | B1: foHkkxh; [kkrk feyku iqLrd DEPARTMENTAL LEDGER AND TALLY BOOK
A2: ewY; lwph@dwV la[;k Price List / Code No. | D2: 5 | E2: feyku i= la[;k Tally Code No. | I2: ;wfuV Unit
A3: oLrq dk fooj.k Description of the Article | D3: Guard Rail Rubber pad RDSO T-5163 | E3: ys[kk dk;kZy; i`"B la[;k Accounts Office File No. | I3: 1250
A4: ekg vkSj rkjh[k Month and Date | B4: izkfIr ;k fuxZe okmpj la[;k vkSj rkjh[k No. and Date of Receiot or issue Voucher | C4: fdlls izkIr gqvk ;k fdls tkjh fd;k From Whom received or to whom issued | D4: izkfIr ;k fuxZe dk mn~ns'; Purpose for which received or issue | E4: izkfIr Receipt | F4: LFkkukarj.k Transfer | G4: fuxZe Issues | H4: 'ks"k Balance | I4: vk|{kj Signature
E5: ux No. Vu Tonnes fd-xzk-Kgs. Ltr. | F5: ux No. Vu Tonnes fd-xzk-Kgs. | G5: ux No. Vu Tonnes fd-xzk-Kgs. | H5: ux No. Vu Tonnes fd-xzk-Kgs.
E6: =SUM(E7:E963) -> 140 | F6: =SUM(F7:F963) -> 0 | G6: =SUM(G7:G963) -> 0 | H6: =SUM(E6-F6-G6) -> 140
A7: 45532 | B7: TCS/24-25/002 dated 27.08.2024 | C7: Uniclimb Enterprises PVT LTD. | D7: Fr Channel sleeper | E7: 140 | F7: 0 | G7: 0 | H7: =SUM(E7-F7-G7) -> 140
H452: =H451-G452-F452+E452 -> 0
H453: =H452-G453-F453+E453 -> 0
H454: =H453-G454-F454+E454 -> 0
H455: =H454-G455-F455+E455 -> 0
H456: =H455-G456-F456+E456 -> 0
H457: =H456-G457-F457+E457 -> 0
H458: =H457-G458-F458+E458 -> 0
H459: =H458-G459-F459+E459 -> 0
H460: =H459-G460-F460+E460 -> 0
H461: =H460-G461-F461+E461 -> 0
H462: =H461-G462-F462+E462 -> 0
H463: =H462-G463-F463+E463 -> 0
... H636: =H635-G636-F636+E636 -> 0
E1048534: 2

Sheet Round Washer Plan 8mm
A1: LC | B1: foHkkxh; [kkrk feyku iqLrd DEPARTMENTAL LEDGER AND TALLY BOOK
A2: ewY; lwph@dwV la[;k Price List / Code No. | D2: 5 | E2: feyku i= la[;k Tally Code No. | I2: ;wfuV Unit
A3: oLrq dk fooj.k Description of the Article | D3: Round Washer Plain 8mm | E3: ys[kk dk;kZy; i`"B la[;k Accounts Office File No. | I3: 1252
A4: ekg vkSj rkjh[k Month and Date | B4: izkfIr ;k fuxZe okmpj la[;k vkSj rkjh[k No. and Date of Receiot or issue Voucher | C4: fdlls izkIr gqvk ;k fdls tkjh fd;k From Whom received or to whom issued | D4: izkfIr ;k fuxZe dk mn~ns'; Purpose for which received or issue | E4: izkfIr Receipt | F4: LFkkukarj.k Transfer | G4: fuxZe Issues | H4: 'ks"k Balance | I4: vk|{kj Signature
E5: ux No. Vu Tonnes fd-xzk-Kgs. Ltr. | F5: ux No. Vu Tonnes fd-xzk-Kgs. | G5: ux No. Vu Tonnes fd-xzk-Kgs. | H5: ux No. Vu Tonnes fd-xzk-Kgs.
E6: =SUM(E7:E963) -> 60 | F6: =SUM(F7:F963) -> 0 | G6: =SUM(G7:G963) -> 0 | H6: =SUM(E6-F6-G6) -> 60
A7: 45532 | B7: TCS/24-25/002 dated 27.08.2024 | C7: Uniclimb Enterprises PVT LTD. | D7: Fr Channel sleeper | E7: 60 | F7: 0 | G7: 0 | H7: =SUM(E7-F7-G7) -> 60
H452: =H451-G452-F452+E452 -> 0
H453: =H452-G453-F453+E453 -> 0
H454: =H453-G454-F454+E454 -> 0
H455: =H454-G455-F455+E455 -> 0
H456: =H455-G456-F456+E456 -> 0
H457: =H456-G457-F457+E457 -> 0
H458: =H457-G458-F458+E458 -> 0
H459: =H458-G459-F459+E459 -> 0
H460: =H459-G460-F460+E460 -> 0
H461: =H460-G461-F461+E461 -> 0
H462: =H461-G462-F462+E462 -> 0
H463: =H462-G463-F463+E463 -> 0
... H636: =H635-G636-F636+E636 -> 0
E1048534: 2

Sheet  Washer Plan 10mm 
A1: LC | B1: foHkkxh; [kkrk feyku iqLrd DEPARTMENTAL LEDGER AND TALLY BOOK
A2: ewY; lwph@dwV la[;k Price List / Code No. | D2: 5 | E2: feyku i= la[;k Tally Code No. | I2: ;wfuV Unit
A3: oLrq dk fooj.k Description of the Article | D3: Washer Plain 10mm | E3: ys[kk dk;kZy; i`"B la[;k Accounts Office File No. | I3: 1254
A4: ekg vkSj rkjh[k Month and Date | B4: izkfIr ;k fuxZe okmpj la[;k vkSj rkjh[k No. and Date of Receiot or issue Voucher | C4: fdlls izkIr gqvk ;k fdls tkjh fd;k From Whom received or to whom issued | D4: izkfIr ;k fuxZe dk mn~ns'; Purpose for which received or issue | E4: izkfIr Receipt | F4: LFkkukarj.k Transfer | G4: fuxZe Issues | H4: 'ks"k Balance | I4: vk|{kj Signature
E5: ux No. Vu Tonnes fd-xzk-Kgs. Ltr. | F5: ux No. Vu Tonnes fd-xzk-Kgs. | G5: ux No. Vu Tonnes fd-xzk-Kgs. | H5: ux No. Vu Tonnes fd-xzk-Kgs.
E6: =SUM(E7:E963) -> 60 | F6: =SUM(F7:F963) -> 0 | G6: =SUM(G7:G963) -> 0 | H6: =SUM(E6-F6-G6) -> 60
A7: 45532 | B7: TCS/24-25/002 dated 27.08.2024 | C7: Uniclimb Enterprises PVT LTD. | D7: Fr Channel sleeper | E7: 60 | F7: 0 | G7: 0 | H7: =SUM(E7-F7-G7) -> 60
H452: =H451-G452-F452+E452 -> 0
H453: =H452-G453-F453+E453 -> 0
H454: =H453-G454-F454+E454 -> 0
H455: =H454-G455-F455+E455 -> 0
H456: =H455-G456-F456+E456 -> 0
H457: =H456-G457-F457+E457 -> 0
H458: =H457-G458-F458+E458 -> 0
H459: =H458-G459-F459+E459 -> 0
H460: =H459-G460-F460+E460 -> 0
H461: =H460-G461-F461+E461 -> 0
H462: =H461-G462-F462+E462 -> 0
H463: =H462-G463-F463+E463 -> 0
... H636: =H635-G636-F636+E636 -> 0
E1048534: 2

Sheet  Square Washer 10mm
A1: LC | B1: foHkkxh; [kkrk feyku iqLrd DEPARTMENTAL LEDGER AND TALLY BOOK
A2: ewY; lwph@dwV la[;k Price List / Code No. | D2: 5 | E2: feyku i= la[;k Tally Code No. | I2: ;wfuV Unit
A3: oLrq dk fooj.k Description of the Article | D3: Square Washer flat 10mm | E3: ys[kk dk;kZy; i`"B la[;k Accounts Office File No. | I3: 1256
A4: ekg vkSj rkjh[k Month and Date | B4: izkfIr ;k fuxZe okmpj la[;k vkSj rkjh[k No. and Date of Receiot or issue Voucher | C4: fdlls izkIr gqvk ;k fdls tkjh fd;k From Whom received or to whom issued | D4: izkfIr ;k fuxZe dk mn~ns'; Purpose for which received or issue | E4: izkfIr Receipt | F4: LFkkukarj.k Transfer | G4: fuxZe Issues | H4: 'ks"k Balance | I4: vk|{kj Signature
E5: ux No. Vu Tonnes fd-xzk-Kgs. Ltr. | F5: ux No. Vu Tonnes fd-xzk-Kgs. | G5: ux No. Vu Tonnes fd-xzk-Kgs. | H5: ux No. Vu Tonnes fd-xzk-Kgs.
E6: =SUM(E7:E963) -> 60 | F6: =SUM(F7:F963) -> 0 | G6: =SUM(G7:G963) -> 0 | H6: =SUM(E6-F6-G6) -> 60
A7: 45532 | B7: TCS/24-25/002 dated 27.08.2024 | C7: Uniclimb Enterprises PVT LTD. | D7: Fr Channel sleeper | E7: 60 | F7: 0 | G7: 0 | H7: =SUM(E7-F7-G7) -> 60
H452: =H451-G452-F452+E452 -> 0
H453: =H452-G453-F453+E453 -> 0
H454: =H453-G454-F454+E454 -> 0
H455: =H454-G455-F455+E455 -> 0
H456: =H455-G456-F456+E456 -> 0
H457: =H456-G457-F457+E457 -> 0
H458: =H457-G458-F458+E458 -> 0
H459: =H458-G459-F459+E459 -> 0
H460: =H459-G460-F460+E460 -> 0
H461: =H460-G461-F461+E461 -> 0
H462: =H461-G462-F462+E462 -> 0
H463: =H462-G463-F463+E463 -> 0
... H636: =H635-G636-F636+E636 -> 0
E1048534: 2

Sheet Single coil washer 
A1: LC | B1: foHkkxh; [kkrk feyku iqLrd DEPARTMENTAL LEDGER AND TALLY BOOK
A2: ewY; lwph@dwV la[;k Price List / Code No. | D2: 5 | E2: feyku i= la[;k Tally Code No. | I2: ;wfuV Unit
A3: oLrq dk fooj.k Description of the Article | D3: Single Coil Washer T Bolt | E3: ys[kk dk;kZy; i`"B la[;k Accounts Office File No. | I3: 1258
A4: ekg vkSj rkjh[k Month and Date | B4: izkfIr ;k fuxZe okmpj la[;k vkSj rkjh[k No. and Date of Receiot or issue Voucher | C4: fdlls izkIr gqvk ;k fdls tkjh fd;k From Whom received or to whom issued | D4: izkfIr ;k fuxZe dk mn~ns'; Purpose for which received or issue | E4: izkfIr Receipt | F4: LFkkukarj.k Transfer | G4: fuxZe Issues | H4: 'ks"k Balance | I4: vk|{kj Signature
E5: ux No. Vu Tonnes fd-xzk-Kgs. Ltr. | F5: ux No. Vu Tonnes fd-xzk-Kgs. | G5: ux No. Vu Tonnes fd-xzk-Kgs. | H5: ux No. Vu Tonnes fd-xzk-Kgs.
E6: =SUM(E7:E963) -> 130 | F6: =SUM(F7:F963) -> 0 | G6: =SUM(G7:G963) -> 0 | H6: =SUM(E6-F6-G6) -> 130
A7: 45532 | B7: TCS/24-25/002 dated 27.08.2024 | C7: Uniclimb Enterprises PVT LTD. | D7: Fr Channel sleeper | E7: 130 | F7: 0 | G7: 0 | H7: =SUM(E7-F7-G7) -> 130
H452: =H451-G452-F452+E452 -> 0
H453: =H452-G453-F453+E453 -> 0
H454: =H453-G454-F454+E454 -> 0
H455: =H454-G455-F455+E455 -> 0
H456: =H455-G456-F456+E456 -> 0
H457: =H456-G457-F457+E457 -> 0
H458: =H457-G458-F458+E458 -> 0
H459: =H458-G459-F459+E459 -> 0
H460: =H459-G460-F460+E460 -> 0
H461: =H460-G461-F461+E461 -> 0
H462: =H461-G462-F462+E462 -> 0
H463: =H462-G463-F463+E463 -> 0
... H636: =H635-G636-F636+E636 -> 0
E1048534: 2

Sheet Rubber Pad 25 mm
A1: LC | B1: foHkkxh; [kkrk feyku iqLrd DEPARTMENTAL LEDGER AND TALLY BOOK
A2: ewY; lwph@dwV la[;k Price List / Code No. | D2: 5 | E2: feyku i= la[;k Tally Code No. | I2: ;wfuV Unit
A3: oLrq dk fooj.k Description of the Article | D3: Pad 25mm Rubber | E3: ys[kk dk;kZy; i`"B la[;k Accounts Office File No. | I3: 1260
A4: ekg vkSj rkjh[k Month and Date | B4: izkfIr ;k fuxZe okmpj la[;k vkSj rkjh[k No. and Date of Receiot or issue Voucher | C4: fdlls izkIr gqvk ;k fdls tkjh fd;k From Whom received or to whom issued | D4: izkfIr ;k fuxZe dk mn~ns'; Purpose for which received or issue | E4: izkfIr Receipt | F4: LFkkukarj.k Transfer | G4: fuxZe Issues | H4: 'ks"k Balance | I4: vk|{kj Signature
E5: ux No. Vu Tonnes fd-xzk-Kgs. Ltr. | F5: ux No. Vu Tonnes fd-xzk-Kgs. | G5: ux No. Vu Tonnes fd-xzk-Kgs. | H5: ux No. Vu Tonnes fd-xzk-Kgs.
E6: =SUM(E7:E963) -> 60 | F6: =SUM(F7:F963) -> 0 | G6: =SUM(G7:G963) -> 13 | H6: =SUM(E6-F6-G6) -> 47
A7: 45532 | B7: TCS/24-25/002 dated 27.08.2024 | C7: Uniclimb Enterprises PVT LTD. | D7: Fr Channel sleeper | E7: 60 | F7: 0 | G7: 0 | H7: =SUM(E7-F7-G7) -> 60
A8: 46189 | B8: GP/DFC/Ambala Sr. No. 2212 dt. 16.06.2026 | C8: JE/C/SMUN | D8: For Bridge Work | E8: 0 | F8: 0 | G8: 13 | H8: =H7+E8-F8-G8 -> 47
H452: =H451-G452-F452+E452 -> 0
H453: =H452-G453-F453+E453 -> 0
H454: =H453-G454-F454+E454 -> 0
H455: =H454-G455-F455+E455 -> 0
H456: =H455-G456-F456+E456 -> 0
H457: =H456-G457-F457+E457 -> 0
H458: =H457-G458-F458+E458 -> 0
H459: =H458-G459-F459+E459 -> 0
H460: =H459-G460-F460+E460 -> 0
H461: =H460-G461-F461+E461 -> 0
H462: =H461-G462-F462+E462 -> 0
H463: =H462-G463-F463+E463 -> 0
... H636: =H635-G636-F636+E636 -> 0
E1048534: 2

Sheet MS Clip 5157
A1: LC | B1: foHkkxh; [kkrk feyku iqLrd DEPARTMENTAL LEDGER AND TALLY BOOK
A2: ewY; lwph@dwV la[;k Price List / Code No. | D2: 5 | E2: feyku i= la[;k Tally Code No. | I2: ;wfuV Unit
A3: oLrq dk fooj.k Description of the Article | D3: Clip Outer RDSO/T-5157 | E3: ys[kk dk;kZy; i`"B la[;k Accounts Office File No. | I3: 1262
A4: ekg vkSj rkjh[k Month and Date | B4: izkfIr ;k fuxZe okmpj la[;k vkSj rkjh[k No. and Date of Receiot or issue Voucher | C4: fdlls izkIr gqvk ;k fdls tkjh fd;k From Whom received or to whom issued | D4: izkfIr ;k fuxZe dk mn~ns'; Purpose for which received or issue | E4: izkfIr Receipt | F4: LFkkukarj.k Transfer | G4: fuxZe Issues | H4: 'ks"k Balance | I4: vk|{kj Signature
E5: ux No. Vu Tonnes fd-xzk-Kgs. Ltr. | F5: ux No. Vu Tonnes fd-xzk-Kgs. | G5: ux No. Vu Tonnes fd-xzk-Kgs. | H5: ux No. Vu Tonnes fd-xzk-Kgs.
E6: =SUM(E7:E963) -> 80 | F6: =SUM(F7:F963) -> 0 | G6: =SUM(G7:G963) -> 0 | H6: =SUM(E6-F6-G6) -> 80
A7: 45532 | B7: TCS/24-25/002 dated 27.08.2024 | C7: Uniclimb Enterprises PVT LTD. | D7: Fr Channel sleeper | E7: 80 | F7: 0 | G7: 0 | H7: =SUM(E7-F7-G7) -> 80
H452: =H451-G452-F452+E452 -> 0
H453: =H452-G453-F453+E453 -> 0
H454: =H453-G454-F454+E454 -> 0
H455: =H454-G455-F455+E455 -> 0
H456: =H455-G456-F456+E456 -> 0
H457: =H456-G457-F457+E457 -> 0
H458: =H457-G458-F458+E458 -> 0
H459: =H458-G459-F459+E459 -> 0
H460: =H459-G460-F460+E460 -> 0
H461: =H460-G461-F461+E461 -> 0
H462: =H461-G462-F462+E462 -> 0
H463: =H462-G463-F463+E463 -> 0
... H636: =H635-G636-F636+E636 -> 0
E1048534: 2

Sheet MS Clip 5158
A1: LC | B1: foHkkxh; [kkrk feyku iqLrd DEPARTMENTAL LEDGER AND TALLY BOOK
A2: ewY; lwph@dwV la[;k Price List / Code No. | D2: 5 | E2: feyku i= la[;k Tally Code No. | I2: ;wfuV Unit
A3: oLrq dk fooj.k Description of the Article | D3: Clip Iner RDSO/T-5158 | E3: ys[kk dk;kZy; i`"B la[;k Accounts Office File No. | I3: 1264
A4: ekg vkSj rkjh[k Month and Date | B4: izkfIr ;k fuxZe okmpj la[;k vkSj rkjh[k No. and Date of Receiot or issue Voucher | C4: fdlls izkIr gqvk ;k fdls tkjh fd;k From Whom received or to whom issued | D4: izkfIr ;k fuxZe dk mn~ns'; Purpose for which received or issue | E4: izkfIr Receipt | F4: LFkkukarj.k Transfer | G4: fuxZe Issues | H4: 'ks"k Balance | I4: vk|{kj Signature
E5: ux No. Vu Tonnes fd-xzk-Kgs. Ltr. | F5: ux No. Vu Tonnes fd-xzk-Kgs. | G5: ux No. Vu Tonnes fd-xzk-Kgs. | H5: ux No. Vu Tonnes fd-xzk-Kgs.
E6: =SUM(E7:E963) -> 80 | F6: =SUM(F7:F963) -> 0 | G6: =SUM(G7:G963) -> 0 | H6: =SUM(E6-F6-G6) -> 80
A7: 45532 | B7: TCS/24-25/002 dated 27.08.2024 | C7: Uniclimb Enterprises PVT LTD. | D7: Fr Channel sleeper | E7: 80 | F7: 0 | G7: 0 | H7: =SUM(E7-F7-G7) -> 80
H452: =H451-G452-F452+E452 -> 0
H453: =H452-G453-F453+E453 -> 0
H454: =H453-G454-F454+E454 -> 0
H455: =H454-G455-F455+E455 -> 0
H456: =H455-G456-F456+E456 -> 0
H457: =H456-G457-F457+E457 -> 0
H458: =H457-G458-F458+E458 -> 0
H459: =H458-G459-F459+E459 -> 0
H460: =H459-G460-F460+E460 -> 0
H461: =H460-G461-F461+E461 -> 0
H462: =H461-G462-F462+E462 -> 0
H463: =H462-G463-F463+E463 -> 0
... H636: =H635-G636-F636+E636 -> 0
E1048534: 2

Sheet Angular cap 5159
A1: LC | B1: foHkkxh; [kkrk feyku iqLrd DEPARTMENTAL LEDGER AND TALLY BOOK
A2: ewY; lwph@dwV la[;k Price List / Code No. | D2: 5 | E2: feyku i= la[;k Tally Code No. | I2: ;wfuV Unit
A3: oLrq dk fooj.k Description of the Article | D3: Cap Angular as per RDSO/T-5159 | E3: ys[kk dk;kZy; i`"B la[;k Accounts Office File No. | I3: 1266
A4: ekg vkSj rkjh[k Month and Date | B4: izkfIr ;k fuxZe okmpj la[;k vkSj rkjh[k No. and Date of Receiot or issue Voucher | C4: fdlls izkIr gqvk ;k fdls tkjh fd;k From Whom received or to whom issued | D4: izkfIr ;k fuxZe dk mn~ns'; Purpose for which received or issue | E4: izkfIr Receipt | F4: LFkkukarj.k Transfer | G4: fuxZe Issues | H4: 'ks"k Balance | I4: vk|{kj Signature
E5: ux No. Vu Tonnes fd-xzk-Kgs. Ltr. | F5: ux No. Vu Tonnes fd-xzk-Kgs. | G5: ux No. Vu Tonnes fd-xzk-Kgs. | H5: ux No. Vu Tonnes fd-xzk-Kgs.
E6: =SUM(E7:E963) -> 140 | F6: =SUM(F7:F963) -> 0 | G6: =SUM(G7:G963) -> 0 | H6: =SUM(E6-F6-G6) -> 140
A7: 45532 | B7: TCS/24-25/002 dated 27.08.2024 | C7: Uniclimb Enterprises PVT LTD. | D7: Fr Channel sleeper | E7: 140 | F7: 0 | G7: 0 | H7: =SUM(E7-F7-G7) -> 140
H452: =H451-G452-F452+E452 -> 0
H453: =H452-G453-F453+E453 -> 0
H454: =H453-G454-F454+E454 -> 0
H455: =H454-G455-F455+E455 -> 0
H456: =H455-G456-F456+E456 -> 0
H457: =H456-G457-F457+E457 -> 0
H458: =H457-G458-F458+E458 -> 0
H459: =H458-G459-F459+E459 -> 0
H460: =H459-G460-F460+E460 -> 0
H461: =H460-G461-F461+E461 -> 0
H462: =H461-G462-F462+E462 -> 0
H463: =H462-G463-F463+E463 -> 0
... H636: =H635-G636-F636+E636 -> 0
E1048534: 2

Sheet Spring washer Sinle coil 
A1: LC | B1: foHkkxh; [kkrk feyku iqLrd DEPARTMENTAL LEDGER AND TALLY BOOK
A2: ewY; lwph@dwV la[;k Price List / Code No. | D2: 5 | E2: feyku i= la[;k Tally Code No. | I2: ;wfuV Unit
A3: oLrq dk fooj.k Description of the Article | D3: Spring Single Coil Hook Bolt | E3: ys[kk dk;kZy; i`"B la[;k Accounts Office File No. | I3: 1267
A4: ekg vkSj rkjh[k Month and Date | B4: izkfIr ;k fuxZe okmpj la[;k vkSj rkjh[k No. and Date of Receiot or issue Voucher | C4: fdlls izkIr gqvk ;k fdls tkjh fd;k From Whom received or to whom issued | D4: izkfIr ;k fuxZe dk mn~ns'; Purpose for which received or issue | E4: izkfIr Receipt | F4: LFkkukarj.k Transfer | G4: fuxZe Issues | H4: 'ks"k Balance | I4: vk|{kj Signature
E5: ux No. Vu Tonnes fd-xzk-Kgs. Ltr. | F5: ux No. Vu Tonnes fd-xzk-Kgs. | G5: ux No. Vu Tonnes fd-xzk-Kgs. | H5: ux No. Vu Tonnes fd-xzk-Kgs.
E6: =SUM(E7:E963) -> 140 | F6: =SUM(F7:F963) -> 0 | G6: =SUM(G7:G963) -> 0 | H6: =SUM(E6-F6-G6) -> 140
A7: 45532 | B7: TCS/24-25/002 dated 27.08.2024 | C7: Uniclimb Enterprises PVT LTD. | D7: Fr Channel sleeper | E7: 140 | F7: 0 | G7: 0 | H7: =SUM(E7-F7-G7) -> 140
H452: =H451-G452-F452+E452 -> 0
H453: =H452-G453-F453+E453 -> 0
H454: =H453-G454-F454+E454 -> 0
H455: =H454-G455-F455+E455 -> 0
H456: =H455-G456-F456+E456 -> 0
H457: =H456-G457-F457+E457 -> 0
H458: =H457-G458-F458+E458 -> 0
H459: =H458-G459-F459+E459 -> 0
H460: =H459-G460-F460+E460 -> 0
H461: =H460-G461-F461+E461 -> 0
H462: =H461-G462-F462+E462 -> 0
H463: =H462-G463-F463+E463 -> 0
... H636: =H635-G636-F636+E636 -> 0
E1048534: 2

Sheet Spilt Pin 
A1: LC | B1: foHkkxh; [kkrk feyku iqLrd DEPARTMENTAL LEDGER AND TALLY BOOK
A2: ewY; lwph@dwV la[;k Price List / Code No. | D2: 5 | E2: feyku i= la[;k Tally Code No. | I2: ;wfuV Unit
A3: oLrq dk fooj.k Description of the Article | D3: Split Pin | E3: ys[kk dk;kZy; i`"B la[;k Accounts Office File No. | I3: 1269
A4: ekg vkSj rkjh[k Month and Date | B4: izkfIr ;k fuxZe okmpj la[;k vkSj rkjh[k No. and Date of Receiot or issue Voucher | C4: fdlls izkIr gqvk ;k fdls tkjh fd;k From Whom received or to whom issued | D4: izkfIr ;k fuxZe dk mn~ns'; Purpose for which received or issue | E4: izkfIr Receipt | F4: LFkkukarj.k Transfer | G4: fuxZe Issues | H4: 'ks"k Balance | I4: vk|{kj Signature
E5: ux No. Vu Tonnes fd-xzk-Kgs. Ltr. | F5: ux No. Vu Tonnes fd-xzk-Kgs. | G5: ux No. Vu Tonnes fd-xzk-Kgs. | H5: ux No. Vu Tonnes fd-xzk-Kgs.
E6: =SUM(E7:E963) -> 200 | F6: =SUM(F7:F963) -> 0 | G6: =SUM(G7:G963) -> 0 | H6: =SUM(E6-F6-G6) -> 200
A7: 45532 | B7: TCS/24-25/002 dated 27.08.2024 | C7: Uniclimb Enterprises PVT LTD. | D7: Fr Channel sleeper | E7: 200 | F7: 0 | G7: 0 | H7: =SUM(E7-F7-G7) -> 200
H452: =H451-G452-F452+E452 -> 0
H453: =H452-G453-F453+E453 -> 0
H454: =H453-G454-F454+E454 -> 0
H455: =H454-G455-F455+E455 -> 0
H456: =H455-G456-F456+E456 -> 0
H457: =H456-G457-F457+E457 -> 0
H458: =H457-G458-F458+E458 -> 0
H459: =H458-G459-F459+E459 -> 0
H460: =H459-G460-F460+E460 -> 0
H461: =H460-G461-F461+E461 -> 0
H462: =H461-G462-F462+E462 -> 0
H463: =H462-G463-F463+E463 -> 0
... H636: =H635-G636-F636+E636 -> 0
E1048534: 2

Sheet T-Bolt 5160
A1: LC | B1: foHkkxh; [kkrk feyku iqLrd DEPARTMENTAL LEDGER AND TALLY BOOK
A2: ewY; lwph@dwV la[;k Price List / Code No. | D2: 5 | E2: feyku i= la[;k Tally Code No. | I2: ;wfuV Unit
A3: oLrq dk fooj.k Description of the Article | D3: Bolt, T-Galvanized as per RDSO/T-5160 | E3: ys[kk dk;kZy; i`"B la[;k Accounts Office File No. | I3: 1271
A4: ekg vkSj rkjh[k Month and Date | B4: izkfIr ;k fuxZe okmpj la[;k vkSj rkjh[k No. and Date of Receiot or issue Voucher | C4: fdlls izkIr gqvk ;k fdls tkjh fd;k From Whom received or to whom issued | D4: izkfIr ;k fuxZe dk mn~ns'; Purpose for which received or issue | E4: izkfIr Receipt | F4: LFkkukarj.k Transfer | G4: fuxZe Issues | H4: 'ks"k Balance | I4: vk|{kj Signature
E5: ux No. Vu Tonnes fd-xzk-Kgs. Ltr. | F5: ux No. Vu Tonnes fd-xzk-Kgs. | G5: ux No. Vu Tonnes fd-xzk-Kgs. | H5: ux No. Vu Tonnes fd-xzk-Kgs.
E6: =SUM(E7:E963) -> 130 | F6: =SUM(F7:F963) -> 0 | G6: =SUM(G7:G963) -> 0 | H6: =SUM(E6-F6-G6) -> 130
A7: 45532 | B7: TCS/24-25/002 dated 27.08.2024 | C7: Uniclimb Enterprises PVT LTD. | D7: Fr Channel sleeper | E7: 130 | F7: 0 | G7: 0 | H7: =SUM(E7-F7-G7) -> 130
H452: =H451-G452-F452+E452 -> 0
H453: =H452-G453-F453+E453 -> 0
H454: =H453-G454-F454+E454 -> 0
H455: =H454-G455-F455+E455 -> 0
H456: =H455-G456-F456+E456 -> 0
H457: =H456-G457-F457+E457 -> 0
H458: =H457-G458-F458+E458 -> 0
H459: =H458-G459-F459+E459 -> 0
H460: =H459-G460-F460+E460 -> 0
H461: =H460-G461-F461+E461 -> 0
H462: =H461-G462-F462+E462 -> 0
H463: =H462-G463-F463+E463 -> 0
... H636: =H635-G636-F636+E636 -> 0
E1048534: 2

Sheet Channel Sleeper pad 
A1: LC | B1: foHkkxh; [kkrk feyku iqLrd DEPARTMENTAL LEDGER AND TALLY BOOK
A2: ewY; lwph@dwV la[;k Price List / Code No. | D2: 5 | E2: feyku i= la[;k Tally Code No. | I2: ;wfuV Unit
A3: oLrq dk fooj.k Description of the Article | D3: D Grooved 10mm Rubber as per RDSO/T-5156 | E3: ys[kk dk;kZy; i`"B la[;k Accounts Office File No. | I3: 1273
A4: ekg vkSj rkjh[k Month and Date | B4: izkfIr ;k fuxZe okmpj la[;k vkSj rkjh[k No. and Date of Receiot or issue Voucher | C4: fdlls izkIr gqvk ;k fdls tkjh fd;k From Whom received or to whom issued | D4: izkfIr ;k fuxZe dk mn~ns'; Purpose for which received or issue | E4: izkfIr Receipt | F4: LFkkukarj.k Transfer | G4: fuxZe Issues | H4: 'ks"k Balance | I4: vk|{kj Signature
E5: ux No. Vu Tonnes fd-xzk-Kgs. Ltr. | F5: ux No. Vu Tonnes fd-xzk-Kgs. | G5: ux No. Vu Tonnes fd-xzk-Kgs. | H5: ux No. Vu Tonnes fd-xzk-Kgs.
E6: =SUM(E7:E963) -> 60 | F6: =SUM(F7:F963) -> 0 | G6: =SUM(G7:G963) -> 35 | H6: =SUM(E6-F6-G6) -> 25
A7: 45532 | B7: TCS/24-25/002 dated 27.08.2024 | C7: Uniclimb Enterprises PVT LTD. | D7: Fr Channel sleeper | E7: 60 | F7: 0 | G7: 0 | H7: =SUM(E7-F7-G7) -> 60
A8: 46189 | B8: GP/DFC/Ambala Sr.No. 2212 dt. 16.06.2026 | C8: JE/C/SMUN | D8: For Bridge Work | E8: 0 | F8: 0 | G8: 35 | H8: =H7+E8-F8-G8 -> 25
H452: =H451-G452-F452+E452 -> 0
H453: =H452-G453-F453+E453 -> 0
H454: =H453-G454-F454+E454 -> 0
H455: =H454-G455-F455+E455 -> 0
H456: =H455-G456-F456+E456 -> 0
H457: =H456-G457-F457+E457 -> 0
H458: =H457-G458-F458+E458 -> 0
H459: =H458-G459-F459+E459 -> 0
H460: =H459-G460-F460+E460 -> 0
H461: =H460-G461-F461+E461 -> 0
H462: =H461-G462-F462+E462 -> 0
H463: =H462-G463-F463+E463 -> 0
... H636: =H635-G636-F636+E636 -> 0
E1048534: 2

Sheet Joggled Fish plate
A1: LC | B1: foHkkxh; [kkrk feyku iqLrd DEPARTMENTAL LEDGER AND TALLY BOOK
A2: ewY; lwph@dwV la[;k Price List / Code No. | D2: 5 | E2: feyku i= la[;k Tally Code No. | I2: ;wfuV Unit
A3: oLrq dk fooj.k Description of the Article | D3: Joggled Fish Plate | E3: ys[kk dk;kZy; i`"B la[;k Accounts Office File No. | I3: 1275
A4: ekg vkSj rkjh[k Month and Date | B4: izkfIr ;k fuxZe okmpj la[;k vkSj rkjh[k No. and Date of Receiot or issue Voucher | C4: fdlls izkIr gqvk ;k fdls tkjh fd;k From Whom received or to whom issued | D4: izkfIr ;k fuxZe dk mn~ns'; Purpose for which received or issue | E4: izkfIr Receipt | F4: LFkkukarj.k Transfer | G4: fuxZe Issues | H4: 'ks"k Balance | I4: vk|{kj Signature
E5: ux No. Vu Tonnes fd-xzk-Kgs. Ltr. | F5: ux No. Vu Tonnes fd-xzk-Kgs. | G5: ux No. Vu Tonnes fd-xzk-Kgs. | H5: ux No. Vu Tonnes fd-xzk-Kgs.
E6: =SUM(E7:E963) -> 440 | F6: =SUM(F7:F963) -> 0 | G6: =SUM(G7:G963) -> 416 | H6: =SUM(E6-F6-G6) -> 24
A7: 45589 | B7: 233 Dated 23.10.2024 | C7: M.S Traders & Eng. | D7: P-Way work | E7: 200 | F7: 0 | G7: 0 | H7: =SUM(E7-F7-G7) -> 200
A8: 45589 | B8: GP/DFC/Ambala Sr.No. 1224 dated 24.102024 | C8: IMSD/JUDN | D8: P-Way work | E8: 0 | F8: 0 | G8: 100 | H8: =H7+E8-F8-G8 -> 100
A9: 45589 | B9: GP/DFC/Ambala Sr.No117 dated 24.10.2024 | C9: Harpal Singh Sr.Exe/C/SMUN | D9: P-Way work | E9: 0 | F9: 0 | G9: 36 | H9: =H8+E9-F9-G9 -> 64
A10: 45616 | B10: GP/DFC/Ambala Sr.No 1179 dated 20.11.2024 | C10: vibhanshu prasher Exe./c/JUDN | D10: P-Way work | E10: 0 | F10: 0 | G10: 30 | H10: =H9+E10-F10-G10 -> 34
A11: 45622 | B11: 241 dt 26.11.2024 | C11: M.S Traders & Eng. | D11: P-Way work | E11: 200 | F11: 0 | G11: 0 | H11: =H10+E11-F11-G11 -> 234
A12: 45677 | B12: GP/DFC/Ambala Sr.No 1186 dated 20.01.2025 | C12: surendra Kumar Sr.Exe/c/knnn | D12: P-Way work | E12: 0 | F12: 0 | G12: 40 | H12: =H11+E12-F12-G12 -> 194
A13: 21.01.2025 | B13: GP/DFC/Ambala Sr.No 1187 dated 21.01.2025 | C13: Arvund Yadav Exe/c/JUDN | D13: P-Way work | E13: 0 | F13: 0 | G13: 100 | H13: =H12+E13-F13-G13 -> 94
A14: 45679 | B14: GP/DFC/Ambala Sr.No 1188 dated 22.01.2025 | C14: Harpal Singh Sr.Exe/C/SMUN | D14: P-Way work | E14: 0 | F14: 0 | G14: 12 | H14: =H13+E14-F14-G14 -> 82
A15: 45681 | B15: GP/DFC/Ambala Sr.No 1189 dated 24.01.2025 | C15: Harpal Singh Sr.Exe/C/SMUN | D15: P-Way work | E15: 0 | F15: 0 | G15: 4 | H15: =H14+E15-F15-G15 -> 78
A16: 45686 | B16: GP/DFC/Ambala Sr.No 1190 dated 29.01.2025 | C16: Harpal Singh Sr.Exe/C/SMUN | D16: P-Way work | E16: 0 | F16: 0 | G16: 12 | H16: =H15+E16-F16-G16 -> 66
A17: 45687 | B17: GP/DFC/Ambala Sr.No 1191 dated 30.01.2025 | C17: surendra Kumar Sr.Exe/c/knnn | D17: P-Way work | E17: 0 | F17: 0 | G17: 12 | H17: =H16+E17-F17-G17 -> 54
A18: 45882 | B18: GP/DFC/Ambala Sr.No 1152dated 13.08.2025 | C18: 1236/15-16 | D18: P-Way work | E18: 0 | F18: 0 | G18: 8 | H18: =H17+E18-F18-G18 -> 46
A19: 45979 | B19: GP/DFC/Ambala Sr.No 1159dated 18.11.2025 | C19: 1212/2-3 | D19: P-Way work | E19: 0 | F19: 0 | G19: 4 | H19: =H18+E19-F19-G19 -> 42
A20: 45993 | B20: GP/DFC/Ambala Sr.No1162dated 02.12.2025 | C20: br.115 1176/18-19.1177/2-3 | D20: P-Way work | E20: 0 | F20: 0 | G20: 16 | H20: =H19+E20-F20-G20 -> 26
A21: 46004 | B21: GP/DFC/Ambala Sr.No1164dated 13.12.2025 | C21: for Winter precution | D21: P-Way work | E21: 0 | F21: 0 | G21: 22 | H21: =H20+E21-F21-G21 -> 4
A22: 46112 | B22: GP/DFC/Ambala Sr.No 2204 dated 31.03.2026 | C22: 297B and 245A | D22: P-Way work | E22: 0 | F22: 0 | G22: 4 | H22: =H21+E22-F22-G22 -> 0
A23: 46116 | B23: MTO/DFC/Ambala Sr. No 1027 | C23: IMD CHAN | D23: P-Way work | E23: 40 | F23: 0 | G23: 0 | H23: =H22+E23-F23-G23 -> 40
A24: 46139 | B24: GP/DFC/Ambala Sr.No 2207 dated 27.04.2026 | C24: 1175/19 | D24: P-Way work | E24: 0 | F24: 0 | G24: 4 | H24: =H23+E24-F24-G24 -> 36
A25: 46162 | B25: GP/DFC/Ambala Sr.No2210 dated 20.05.2026 | C25: km 1174/5-6 and sbjn yard 1187/11-12 | D25: P-Way work | E25: 0 | F25: 0 | G25: 12 | H25: =H24+E25-F25-G25 -> 24
F26: 0 | H26: =H25+E26-F26-G26 -> 24
F27: 0 | H27: =H26+E27-F27-G27 -> 24
F28: 0 | H28: =H27+E28-F28-G29 -> 24
F29: 0 | H29: =H28+E29-F29-#REF! -> #REF!
F30: 0 | H30: =H29+E30-F30-G30 -> #REF!
F31: 0 | H31: =H30+E31-F31-G31 -> #REF!
F32: 0 | H32: =H31+E32-F32-G32 -> #REF!
F33: 0 | H33: =H32+E33-F33-G33 -> #REF!
H452: =H451-G452-F452+E452 -> 0
H453: =H452-G453-F453+E453 -> 0
H454: =H453-G454-F454+E454 -> 0
H455: =H454-G455-F455+E455 -> 0
H456: =H455-G456-F456+E456 -> 0
H457: =H456-G457-F457+E457 -> 0
H458: =H457-G458-F458+E458 -> 0
H459: =H458-G459-F459+E459 -> 0
H460: =H459-G460-F460+E460 -> 0
H461: =H460-G461-F461+E461 -> 0
H462: =H461-G462-F462+E462 -> 0
H463: =H462-G463-F463+E463 -> 0
... H636: =H635-G636-F636+E636 -> 0
E1048534: 2

Sheet Fish Plate 1 Mtr
A1: LC | B1: foHkkxh; [kkrk feyku iqLrd DEPARTMENTAL LEDGER AND TALLY BOOK
A2: ewY; lwph@dwV la[;k Price List / Code No. | D2: 5 | E2: feyku i= la[;k Tally Code No. | I2: ;wfuV Unit
A3: oLrq dk fooj.k Description of the Article | D3: Fish Plate 1 Mtr | E3: ys[kk dk;kZy; i`"B la[;k Accounts Office File No. | I3: 1277
A4: ekg vkSj rkjh[k Month and Date | B4: izkfIr ;k fuxZe okmpj la[;k vkSj rkjh[k No. and Date of Receiot or issue Voucher | C4: fdlls izkIr gqvk ;k fdls tkjh fd;k From Whom received or to whom issued | D4: izkfIr ;k fuxZe dk mn~ns'; Purpose for which received or issue | E4: izkfIr Receipt | F4: LFkkukarj.k Transfer | G4: fuxZe Issues | H4: 'ks"k Balance | I4: vk|{kj Signature
E5: ux No. Vu Tonnes fd-xzk-Kgs. Ltr. | F5: ux No. Vu Tonnes fd-xzk-Kgs. | G5: ux No. Vu Tonnes fd-xzk-Kgs. | H5: ux No. Vu Tonnes fd-xzk-Kgs.
E6: =SUM(E7:E963) -> 100 | F6: =SUM(F7:F963) -> 0 | G6: =SUM(G7:G963) -> 64 | H6: =SUM(E6-F6-G6) -> 36
A7: 45589 | B7: 233 Dated 23.10.2024 | C7: M.S Traders & Eng. | D7: P-Way work | E7: 100 | F7: 0 | G7: 0 | H7: =SUM(E7-F7-G7) -> 100
A8: 45589 | B8: GP/DFC/Ambala Sr.No. 1224 dated 24.10.2024 | C8: IMSD/JUDN | D8: P-Way work | E8: 0 | F8: 0 | G8: 50 | H8: =H7+E8-F8-G8 -> 50
A9: 46241 | B9: GP/DFC/Ambala Sr.No.2216 dated 07.08.2026 | C9: Abhay kr.Maury Br. No. 120 for Guard Rail | D9: P-Way work | E9: 0 | F9: 0 | G9: 14 | H9: =H8+E9-F9-G9 -> 36
H452: =H451-G452-F452+E452 -> 0
H453: =H452-G453-F453+E453 -> 0
H454: =H453-G454-F454+E454 -> 0
H455: =H454-G455-F455+E455 -> 0
H456: =H455-G456-F456+E456 -> 0
H457: =H456-G457-F457+E457 -> 0
H458: =H457-G458-F458+E458 -> 0
H459: =H458-G459-F459+E459 -> 0
H460: =H459-G460-F460+E460 -> 0
H461: =H460-G461-F461+E461 -> 0
H462: =H461-G462-F462+E462 -> 0
H463: =H462-G463-F463+E463 -> 0
... H636: =H635-G636-F636+E636 -> 0
E1048534: 2

Sheet C-Clamp 
A1: LC | B1: foHkkxh; [kkrk feyku iqLrd DEPARTMENTAL LEDGER AND TALLY BOOK
A2: ewY; lwph@dwV la[;k Price List / Code No. | D2: 5 | E2: feyku i= la[;k Tally Code No. | I2: ;wfuV Unit
A3: oLrq dk fooj.k Description of the Article | D3: C-Clamp (Two Piece Clamp) | E3: ys[kk dk;kZy; i`"B la[;k Accounts Office File No. | I3: 1279
A4: ekg vkSj rkjh[k Month and Date | B4: izkfIr ;k fuxZe okmpj la[;k vkSj rkjh[k No. and Date of Receiot or issue Voucher | C4: fdlls izkIr gqvk ;k fdls tkjh fd;k From Whom received or to whom issued | D4: izkfIr ;k fuxZe dk mn~ns'; Purpose for which received or issue | E4: izkfIr Receipt | F4: LFkkukarj.k Transfer | G4: fuxZe Issues | H4: 'ks"k Balance | I4: vk|{kj Signature
E5: ux No. Vu Tonnes fd-xzk-Kgs. Ltr. | F5: ux No. Vu Tonnes fd-xzk-Kgs. | G5: ux No. Vu Tonnes fd-xzk-Kgs. | H5: ux No. Vu Tonnes fd-xzk-Kgs.
E6: =SUM(E7:E963) -> 880 | F6: =SUM(F7:F963) -> 0 | G6: =SUM(G7:G963) -> 832 | H6: =SUM(E6-F6-G6) -> 48
A7: 45589 | B7: 233 Dated 23.10.2024 | C7: M.S Traders & Eng. | D7: P-Way work | E7: 400 | F7: 0 | G7: 0 | H7: =SUM(E7-F7-G7) -> 400
A8: 45589 | B8: GP/DFC/Ambala Sr.No. 1224 dated 24.102024 | C8: IMSD/JUDN | D8: P-Way work | E8: 0 | F8: 0 | G8: 200 | H8: =H7+E8-F8-G8 -> 200
A9: 45589 | B9: GP/DFC/Ambala Sr.No117 dated 24.10.2024 | C9: Harpal Singh Sr.Exe/C/SMUN | D9: P-Way work | E9: 0 | F9: 0 | G9: 72 | H9: =H8+E9-F9-G9 -> 128
A10: 45616 | B10: GP/DFC/Ambala Sr.No 1179 dated 20.11.2024 | C10: vibhanshu prasher Exe./c/JUDN | D10: P-Way work | E10: 0 | F10: 0 | G10: 60 | H10: =H9+E10-F10-G10 -> 68
A11: 45675 | B11: 253 dt 13.01.2025 | C11: M.S Traders & Eng. | D11: P-Way work | E11: 400 | F11: 0 | G11: 0 | H11: =H10+E11-F11-G11 -> 468
A12: 45677 | B12: GP/DFC/Ambala Sr.No 1186 dated 20.01.2025 | C12: surendra Kumar Sr.Exe/c/knnn | D12: P-Way work | E12: 0 | F12: 0 | G12: 80 | H12: =H11+E12-F12-G12 -> 388
A13: 21.01.2025 | B13: GP/DFC/Ambala Sr.No 1187 dated 21.01.2025 | C13: Arvind Yadav Exe/c/JUDN | D13: P-Way work | E13: 0 | F13: 0 | G13: 200 | H13: =H12+E13-F13-G13 -> 188
A14: 45679 | B14: GP/DFC/Ambala Sr.No 1188 dated 22.01.2025 | C14: Harpal Singh Sr.Exe/C/SMUN | D14: P-Way work | E14: 0 | F14: 0 | G14: 24 | H14: =H13+E14-F14-G14 -> 164
A15: 45681 | B15: GP/DFC/Ambala Sr.No 1189 dated 24.01.2025 | C15: Harpal Singh Sr.Exe/C/SMUN | D15: P-Way work | E15: 0 | F15: 0 | G15: 8 | H15: =H14+E15-F15-G15 -> 156
A16: 45686 | B16: GP/DFC/Ambala Sr.No 1190 dated 29.01.2025 | C16: Harpal Singh Sr.Exe/C/SMUN | D16: P-Way work | E16: 0 | F16: 0 | G16: 24 | H16: =H15+E16-F16-G16 -> 132
A17: 45687 | B17: GP/DFC/Ambala Sr.No 1191 dated 30.01.2025 | C17: surendra Kumar Sr.Exe/c/knnn | D17: P-Way work | E17: 0 | F17: 0 | G17: 24 | H17: =H16+E17-F17-G17 -> 108
A18: 45882 | B18: GP/DFC/Ambala Sr.No 1152dated 13.08.2025 | C18: 1236/15-16 | D18: P-Way work | E18: 0 | F18: 0 | G18: 16 | H18: =H17+E18-F18-G18 -> 92
A19: 45979 | B19: GP/DFC/Ambala Sr.No 1159dated 18.11.2025 | C19: 1212/2-3 | D19: P-Way work | E19: 0 | F19: 0 | G19: 8 | H19: =H18+E19-F19-G19 -> 84
A20: 45993 | B20: GP/DFC/Ambala Sr.No1163 dated 02.12.2025 | C20: br.115 1176/18-19.1177/2-3 | D20: P-Way work | E20: 0 | F20: 0 | G20: 32 | H20: =H19+E20-F20-G20 -> 52
A21: 46004 | B21: GP/DFC/Ambala Sr.No1164dated 13.12.2025 | C21: for Winter precution | D21: P-Way work | E21: 0 | F21: 0 | G21: 44 | H21: =H20+E21-F21-G21 -> 8
A22: 46112 | B22: GP/DFC/Ambala Sr.No 2204 dated 31.03.2026 | C22: 297B and 245A | D22: P-Way work | E22: 0 | F22: 0 | G22: 8 | H22: =H21+E22-F22-G22 -> 0
A23: 46116 | B23: MTO/DFC/Ambala Sr. No 1027 | C23: IMD CHAN | D23: P-Way work | E23: 80 | F23: 0 | G23: 0 | H23: =H22+E23-F23-G23 -> 80
A24: 46139 | B24: GP/DFC/Ambala Sr.No 2207 dated 27.04.2026 | C24: 1175/19 | D24: P-Way work | E24: 0 | F24: 0 | G24: 8 | H24: =H23+E24-F24-G24 -> 72
A25: 46162 | B25: GP/DFC/Ambala Sr.No 2210 dated 20/05/2026 | C25: KM 1174/5-6 and SBJN YARD 1187/11-12 | D25: P-Way work | E25: 0 | F25: 0 | G25: 24 | H25: 48
H452: =H451-G452-F452+E452 -> 0
H453: =H452-G453-F453+E453 -> 0
H454: =H453-G454-F454+E454 -> 0
H455: =H454-G455-F455+E455 -> 0
H456: =H455-G456-F456+E456 -> 0
H457: =H456-G457-F457+E457 -> 0
H458: =H457-G458-F458+E458 -> 0
H459: =H458-G459-F459+E459 -> 0
H460: =H459-G460-F460+E460 -> 0
H461: =H460-G461-F461+E461 -> 0
H462: =H461-G462-F462+E462 -> 0
H463: =H462-G463-F463+E463 -> 0
... H636: =H635-G636-F636+E636 -> 0
E1048534: 2

Sheet C-Clamp bolt & nut
A1: LC | B1: foHkkxh; [kkrk feyku iqLrd DEPARTMENTAL LEDGER AND TALLY BOOK
A2: ewY; lwph@dwV la[;k Price List / Code No. | D2: 5 | E2: feyku i= la[;k Tally Code No. | I2: ;wfuV Unit
A3: oLrq dk fooj.k Description of the Article | D3: C-Clamp (Two Piece Clamp) Bolt & Nut | E3: ys[kk dk;kZy; i`"B la[;k Accounts Office File No. | I3: 1281
A4: ekg vkSj rkjh[k Month and Date | B4: izkfIr ;k fuxZe okmpj la[;k vkSj rkjh[k No. and Date of Receiot or issue Voucher | C4: fdlls izkIr gqvk ;k fdls tkjh fd;k From Whom received or to whom issued | D4: izkfIr ;k fuxZe dk mn~ns'; Purpose for which received or issue | E4: izkfIr Receipt | F4: LFkkukarj.k Transfer | G4: fuxZe Issues | H4: 'ks"k Balance | I4: vk|{kj Signature
E5: ux No. Vu Tonnes fd-xzk-Kgs. Ltr. | F5: ux No. Vu Tonnes fd-xzk-Kgs. | G5: ux No. Vu Tonnes fd-xzk-Kgs. | H5: ux No. Vu Tonnes fd-xzk-Kgs.
E6: =SUM(E7:E963) -> 400 | F6: =SUM(F7:F963) -> 0 | G6: =SUM(G7:G963) -> 400 | H6: =SUM(E6-F6-G6) -> 0
A7: 45589 | B7: 233 Dated 23.10.2024 | C7: M.S Traders & Eng. | D7: P-Way work | E7: 200 | F7: 0 | G7: 0 | H7: =SUM(E7-F7-G7) -> 200
A8: 45589 | B8: GP/DFC/Ambala Sr.No. 1224 dated 24.102024 | C8: IMSD/JUDN | D8: P-Way work | E8: 0 | F8: 0 | G8: 100 | H8: =H7+E8-F8-G8 -> 100
A9: 45589 | B9: GP/DFC/Ambala Sr.No117 dated 24.10.2024 | C9: Harpal Singh Sr.Exe/C/SMUN | D9: P-Way work | E9: 0 | F9: 0 | G9: 36 | H9: =H8+E9-F9-G9 -> 64
A10: 45616 | B10: GP/DFC/Ambala Sr.No 1179 dated 20.11.2024 | C10: vibhanshu prasher Exe./c/JUDN | D10: P-Way work | E10: 0 | F10: 0 | G10: 30 | H10: =H9+E10-F10-G10 -> 34
A11: 45675 | B11: 253 dt 13.01.2025 | C11: M.S Traders & Eng. | D11: P-Way work | E11: 200 | F11: 0 | G11: 0 | H11: =H10+E11-F11-G11 -> 234
A12: 45677 | B12: GP/DFC/Ambala Sr.No 1186 dated 20.01.2025 | C12: surendra Kumar Sr.Exe/c/knnn | D12: P-Way work | E12: 0 | F12: 0 | G12: 40 | H12: =H11+E12-F12-G12 -> 194
A13: 21.01.2025 | B13: GP/DFC/Ambala Sr.No 1187 dated 21.01.2025 | C13: Arvind Yadav Exe/c/JUDN | D13: P-Way work | E13: 0 | F13: 0 | G13: 100 | H13: =H12+E13-F13-G13 -> 94
A14: 45679 | B14: GP/DFC/Ambala Sr.No 1188 dated 22.01.2025 | C14: Harpal Singh Sr.Exe/C/SMUN | D14: P-Way work | E14: 0 | F14: 0 | G14: 12 | H14: =H13+E14-F14-G14 -> 82
A15: 45681 | B15: GP/DFC/Ambala Sr.No 1189 dated 24.01.2025 | C15: Harpal Singh Sr.Exe/C/SMUN | D15: P-Way work | E15: 0 | F15: 0 | G15: 4 | H15: =H14+E15-F15-G15 -> 78
A16: 45686 | B16: GP/DFC/Ambala Sr.No 1190 dated 29.01.2025 | C16: Harpal Singh Sr.Exe/C/SMUN | D16: P-Way work | E16: 0 | F16: 0 | G16: 12 | H16: =H15+E16-F16-G16 -> 66
A17: 45687 | B17: GP/DFC/Ambala Sr.No 1191 dated 30.01.2025 | C17: surendra Kumar Sr.Exe/c/knnn | D17: P-Way work | E17: 0 | F17: 0 | G17: 12 | H17: =H16+E17-F17-G17 -> 54
A18: 45882 | B18: GP/DFC/Ambala Sr.No 1152dated 13.08.2025 | C18: 1236/15-16 | D18: P-Way work | E18: 0 | F18: 0 | G18: 8 | H18: =H17+E18-F18-G18 -> 46
A19: 45979 | B19: GP/DFC/Ambala Sr.No 1159dated 18.11.2025 | C19: 1212/2-3 | D19: P-Way work | E19: 0 | F19: 0 | G19: 8 | H19: =H18+E19-F19-G19 -> 38
A20: 45993 | B20: GP/DFC/Ambala Sr.No1163 dated 02.12.2025 | C20: br.115 1176/18-19.1177/2-3 | D20: P-Way work | E20: 0 | F20: 0 | G20: 16 | H20: =H19+E20-F20-G20 -> 22
A21: 46004 | B21: GP/DFC/Ambala Sr.No1164dated 13.12.2025 | C21: for Winter precution | D21: P-Way work | E21: 0 | F21: 0 | G21: 22 | H21: =H20+E21-F21-G21 -> 0
H452: =H451-G452-F452+E452 -> 0
H453: =H452-G453-F453+E453 -> 0
H454: =H453-G454-F454+E454 -> 0
H455: =H454-G455-F455+E455 -> 0
H456: =H455-G456-F456+E456 -> 0
H457: =H456-G457-F457+E457 -> 0
H458: =H457-G458-F458+E458 -> 0
H459: =H458-G459-F459+E459 -> 0
H460: =H459-G460-F460+E460 -> 0
H461: =H460-G461-F461+E461 -> 0
H462: =H461-G462-F462+E462 -> 0
H463: =H462-G463-F463+E463 -> 0
... H636: =H635-G636-F636+E636 -> 0
E1048534: 2

Sheet Joggled fish bolt & nut
A1: LC | B1: foHkkxh; [kkrk feyku iqLrd DEPARTMENTAL LEDGER AND TALLY BOOK
A2: ewY; lwph@dwV la[;k Price List / Code No. | D2: 5 | E2: feyku i= la[;k Tally Code No. | I2: ;wfuV Unit
A3: oLrq dk fooj.k Description of the Article | D3: Joggled Fish Plate Bolt & Nut | E3: ys[kk dk;kZy; i`"B la[;k Accounts Office File No. | I3: 1283
A4: ekg vkSj rkjh[k Month and Date | B4: izkfIr ;k fuxZe okmpj la[;k vkSj rkjh[k No. and Date of Receiot or issue Voucher | C4: fdlls izkIr gqvk ;k fdls tkjh fd;k From Whom received or to whom issued | D4: izkfIr ;k fuxZe dk mn~ns'; Purpose for which received or issue | E4: izkfIr Receipt | F4: LFkkukarj.k Transfer | G4: fuxZe Issues | H4: 'ks"k Balance | I4: vk|{kj Signature
E5: ux No. Vu Tonnes fd-xzk-Kgs. Ltr. | F5: ux No. Vu Tonnes fd-xzk-Kgs. | G5: ux No. Vu Tonnes fd-xzk-Kgs. | H5: ux No. Vu Tonnes fd-xzk-Kgs.
E6: =SUM(E7:E963) -> 400 | F6: =SUM(F7:F963) -> 0 | G6: =SUM(G7:G963) -> 100 | H6: =SUM(E6-F6-G6) -> 300
A7: 45589 | B7: 233 Dated 23.10.2024 | C7: M.S Traders & Eng. | D7: P-Way work | E7: 200 | F7: 0 | G7: 0 | H7: =SUM(E7-F7-G7) -> 200
A8: 45589 | B8: GP/DFC/Ambala Sr.No. 1224 dated 24.102024 | C8: IMSD/JUDN | D8: P-Way work | E8: 0 | F8: 0 | G8: 100 | H8: =H7+E8-F8-G8 -> 100
A9: 26.11.2024 | B9: 241 dt. 26.11.2024 | C9: M.S Traders & Eng. | D9: P-Way work | E9: 200 | F9: 0 | G9: 0 | H9: =H8+E9-F9-G9 -> 300
H452: =H451-G452-F452+E452 -> 0
H453: =H452-G453-F453+E453 -> 0
H454: =H453-G454-F454+E454 -> 0
H455: =H454-G455-F455+E455 -> 0
H456: =H455-G456-F456+E456 -> 0
H457: =H456-G457-F457+E457 -> 0
H458: =H457-G458-F458+E458 -> 0
H459: =H458-G459-F459+E459 -> 0
H460: =H459-G460-F460+E460 -> 0
H461: =H460-G461-F461+E461 -> 0
H462: =H461-G462-F462+E462 -> 0
H463: =H462-G463-F463+E463 -> 0
... H636: =H635-G636-F636+E636 -> 0
E1048534: 2

Sheet 1 mtr fish bolt & nut (2)
A1: LC | B1: foHkkxh; [kkrk feyku iqLrd DEPARTMENTAL LEDGER AND TALLY BOOK
A2: ewY; lwph@dwV la[;k Price List / Code No. | D2: 5 | E2: feyku i= la[;k Tally Code No. | I2: ;wfuV Unit
A3: oLrq dk fooj.k Description of the Article | D3: Nut & Bolt 1 Mtr Fish Plate | E3: ys[kk dk;kZy; i`"B la[;k Accounts Office File No. | I3: 1285
A4: ekg vkSj rkjh[k Month and Date | B4: izkfIr ;k fuxZe okmpj la[;k vkSj rkjh[k No. and Date of Receiot or issue Voucher | C4: fdlls izkIr gqvk ;k fdls tkjh fd;k From Whom received or to whom issued | D4: izkfIr ;k fuxZe dk mn~ns'; Purpose for which received or issue | E4: izkfIr Receipt | F4: LFkkukarj.k Transfer | G4: fuxZe Issues | H4: 'ks"k Balance | I4: vk|{kj Signature
E5: ux No. Vu Tonnes fd-xzk-Kgs. Ltr. | F5: ux No. Vu Tonnes fd-xzk-Kgs. | G5: ux No. Vu Tonnes fd-xzk-Kgs. | H5: ux No. Vu Tonnes fd-xzk-Kgs.
E6: =SUM(E7:E963) -> 300 | F6: =SUM(F7:F963) -> 0 | G6: =SUM(G7:G963) -> 256 | H6: =SUM(E6-F6-G6) -> 44
A7: 45589 | B7: 233 Dated 23.10.2024 | C7: M.S Traders & Eng. | D7: P-Way work | E7: 300 | F7: 0 | G7: 0 | H7: =SUM(E7-F7-G7) -> 300
A8: 45589 | B8: GP/DFC/Ambala Sr.No. 1225 dated 24.10.2024 | C8: IMSD/JUDN | D8: P-Way work | E8: 0 | F8: 0 | G8: 150 | H8: =H7+E8-F8-G8 -> 150
A9: 20.01.2025 | B9: GP/DFC/Ambala Sr.No. 1225 dated 20.01.2025 | C9: M.S Traders & Eng. | D9: P-Way work | E9: 0 | F9: 0 | G9: 10 | H9: =H8+E9-F9-G9 -> 140
A10: 46241 | B10: GP/DFC/Ambala Sr.No. 2216 dt.07.08.2026 | C10: Abhay Kr. Maury at br br.120 for guard Rail | D10: P-Way work | E10: 0 | F10: 0 | G10: 96 | H10: =H9+E10-F10-G10 -> 44
H452: =H451-G452-F452+E452 -> 0
H453: =H452-G453-F453+E453 -> 0
H454: =H453-G454-F454+E454 -> 0
H455: =H454-G455-F455+E455 -> 0
H456: =H455-G456-F456+E456 -> 0
H457: =H456-G457-F457+E457 -> 0
H458: =H457-G458-F458+E458 -> 0
H459: =H458-G459-F459+E459 -> 0
H460: =H459-G460-F460+E460 -> 0
H461: =H460-G461-F461+E461 -> 0
H462: =H461-G462-F462+E462 -> 0
H463: =H462-G463-F463+E463 -> 0
... H636: =H635-G636-F636+E636 -> 0
E1048534: 2

Sheet C-Clamp RT-5856 
A1: LC | B1: foHkkxh; [kkrk feyku iqLrd DEPARTMENTAL LEDGER AND TALLY BOOK
A2: ewY; lwph@dwV la[;k Price List / Code No. | D2: 5 | E2: feyku i= la[;k Tally Code No. | I2: ;wfuV Unit
A3: oLrq dk fooj.k Description of the Article | D3: C-Clamp RT-5856 (Screw Type) | E3: ys[kk dk;kZy; i`"B la[;k Accounts Office File No. | I3: 1287
A4: ekg vkSj rkjh[k Month and Date | B4: izkfIr ;k fuxZe okmpj la[;k vkSj rkjh[k No. and Date of Receiot or issue Voucher | C4: fdlls izkIr gqvk ;k fdls tkjh fd;k From Whom received or to whom issued | D4: izkfIr ;k fuxZe dk mn~ns'; Purpose for which received or issue | E4: izkfIr Receipt | F4: LFkkukarj.k Transfer | G4: fuxZe Issues | H4: 'ks"k Balance | I4: vk|{kj Signature
E5: ux No. Vu Tonnes fd-xzk-Kgs. Ltr. | F5: ux No. Vu Tonnes fd-xzk-Kgs. | G5: ux No. Vu Tonnes fd-xzk-Kgs. | H5: ux No. Vu Tonnes fd-xzk-Kgs.
E6: =SUM(E7:E963) -> 50 | F6: =SUM(F7:F963) -> 0 | G6: =SUM(G7:G963) -> 25 | H6: =SUM(E6-F6-G6) -> 25
A7: 45707 | B7: 263 Dated 17.02.2025 | C7: M.S Traders & Eng. | D7: P-Way work | E7: 50 | F7: 0 | G7: 0 | H7: =SUM(E7-F7-G7) -> 50
A8: 46053 | B8: GP/DFC/Ambala Sr.No. 1170 dated 31.01.2026 | C8: IMSD/JUDN | D8: P-Way work | E8: 0 | F8: 0 | G8: 25 | H8: =H7+E8-F8-G8 -> 25
H452: =H451-G452-F452+E452 -> 0
H453: =H452-G453-F453+E453 -> 0
H454: =H453-G454-F454+E454 -> 0
H455: =H454-G455-F455+E455 -> 0
H456: =H455-G456-F456+E456 -> 0
H457: =H456-G457-F457+E457 -> 0
H458: =H457-G458-F458+E458 -> 0
H459: =H458-G459-F459+E459 -> 0
H460: =H459-G460-F460+E460 -> 0
H461: =H460-G461-F461+E461 -> 0
H462: =H461-G462-F462+E462 -> 0
H463: =H462-G463-F463+E463 -> 0
... H636: =H635-G636-F636+E636 -> 0
E1048534: 2

Sheet PIN ACD
A1: LC | B1: foHkkxh; [kkrk feyku iqLrd DEPARTMENTAL LEDGER AND TALLY BOOK
A2: ewY; lwph@dwV la[;k Price List / Code No. | D2: 5 | E2: feyku i= la[;k Tally Code No. | I2: ;wfuV Unit
A3: oLrq dk fooj.k Description of the Article | D3: ACD PIN For VAE VKN Made | E3: ys[kk dk;kZy; i`"B la[;k Accounts Office File No. | I3: 1288
A4: ekg vkSj rkjh[k Month and Date | B4: izkfIr ;k fuxZe okmpj la[;k vkSj rkjh[k No. and Date of Receiot or issue Voucher | C4: fdlls izkIr gqvk ;k fdls tkjh fd;k From Whom received or to whom issued | D4: izkfIr ;k fuxZe dk mn~ns'; Purpose for which received or issue | E4: izkfIr Receipt | F4: LFkkukarj.k Transfer | G4: fuxZe Issues | H4: 'ks"k Balance | I4: vk|{kj Signature
E5: ux No. Vu Tonnes fd-xzk-Kgs. Ltr. | F5: ux No. Vu Tonnes fd-xzk-Kgs. | G5: ux No. Vu Tonnes fd-xzk-Kgs. | H5: ux No. Vu Tonnes fd-xzk-Kgs.
E6: =SUM(E7:E963) -> 20 | F6: =SUM(F7:F963) -> 0 | G6: =SUM(G7:G963) -> 20 | H6: =SUM(E6-F6-G6) -> 0
A7: 45707 | B7: 1041 Dated 11.02.2025 | C7: VAE VKN INDIA PVT LTD. | D7: P-Way work | E7: 20 | F7: 0 | G7: 0 | H7: =SUM(E7-F7-G7) -> 20
A8: 45707 | B8: GP/DFC/Ambala Sr.No. 1193 dated 19.02.2025 | C8: IMSD/JUDN | D8: P-Way work | E8: 0 | F8: 0 | G8: 10 | H8: =H7+E8-F8-G8 -> 10
A9: 06.03.2025 | B9: GP/DFC/Ambala Sr.No. 1194 dated 06.03.2025 | C9: Surendra Kumar Sr. Exe/C/KNNN | D9: P-Way work | E9: 0 | F9: 0 | G9: 4 | H9: =H8+E9-F9-G9 -> 6
A10: 45726 | B10: GP/DFC/Ambala Sr.No. 1195 dated 10.03.2025 | C10: Harpal Singh Exe/C/KNNN | D10: P-Way work | E10: 0 | F10: 0 | G10: 2 | H10: =H9+E10-F10-G10 -> 4
A11: 13.03.2025 | B11: GP/DFC/Ambala Sr.No. 1197 dated 13.03.2025 | C11: Harpal Singh Exe/C/KNNN | D11: P-Way work | E11: 0 | F11: 0 | G11: 4 | H11: =H10+E11-F11-G11 -> 0
H452: =H451-G452-F452+E452 -> 0
H453: =H452-G453-F453+E453 -> 0
H454: =H453-G454-F454+E454 -> 0
H455: =H454-G455-F455+E455 -> 0
H456: =H455-G456-F456+E456 -> 0
H457: =H456-G457-F457+E457 -> 0
H458: =H457-G458-F458+E458 -> 0
H459: =H458-G459-F459+E459 -> 0
H460: =H459-G460-F460+E460 -> 0
H461: =H460-G461-F461+E461 -> 0
H462: =H461-G462-F462+E462 -> 0
H463: =H462-G463-F463+E463 -> 0
... H636: =H635-G636-F636+E636 -> 0
E1048534: 2

Sheet Fork ACD
A1: LC | B1: foHkkxh; [kkrk feyku iqLrd DEPARTMENTAL LEDGER AND TALLY BOOK
A2: ewY; lwph@dwV la[;k Price List / Code No. | D2: 5 | E2: feyku i= la[;k Tally Code No. | I2: ;wfuV Unit
A3: oLrq dk fooj.k Description of the Article | D3: ACD Fork For VAE VKN Made | E3: ys[kk dk;kZy; i`"B la[;k Accounts Office File No. | I3: 1289
A4: ekg vkSj rkjh[k Month and Date | B4: izkfIr ;k fuxZe okmpj la[;k vkSj rkjh[k No. and Date of Receiot or issue Voucher | C4: fdlls izkIr gqvk ;k fdls tkjh fd;k From Whom received or to whom issued | D4: izkfIr ;k fuxZe dk mn~ns'; Purpose for which received or issue | E4: izkfIr Receipt | F4: LFkkukarj.k Transfer | G4: fuxZe Issues | H4: 'ks"k Balance | I4: vk|{kj Signature
E5: ux No. Vu Tonnes fd-xzk-Kgs. Ltr. | F5: ux No. Vu Tonnes fd-xzk-Kgs. | G5: ux No. Vu Tonnes fd-xzk-Kgs. | H5: ux No. Vu Tonnes fd-xzk-Kgs.
E6: =SUM(E7:E963) -> 7 | F6: =SUM(F7:F963) -> 0 | G6: =SUM(G7:G963) -> 4 | H6: =SUM(E6-F6-G6) -> 3
A7: 45707 | B7: 1041 Dated 11.02.2025 | C7: VAE VKN INDIA PVT LTD. | D7: P-Way work | E7: 7 | F7: 0 | G7: 0 | H7: =SUM(E7-F7-G7) -> 7
A8: 45707 | B8: GP/DFC/Ambala Sr.No. 1193 dated 19.02.2025 | C8: IMSD/JUDN | D8: P-Way work | E8: 0 | F8: 0 | G8: 4 | H8: =H7+E8-F8-G8 -> 3
H452: =H451-G452-F452+E452 -> 0
H453: =H452-G453-F453+E453 -> 0
H454: =H453-G454-F454+E454 -> 0
H455: =H454-G455-F455+E455 -> 0
H456: =H455-G456-F456+E456 -> 0
H457: =H456-G457-F457+E457 -> 0
H458: =H457-G458-F458+E458 -> 0
H459: =H458-G459-F459+E459 -> 0
H460: =H459-G460-F460+E460 -> 0
H461: =H460-G461-F461+E461 -> 0
H462: =H461-G462-F462+E462 -> 0
H463: =H462-G463-F463+E463 -> 0
... H636: =H635-G636-F636+E636 -> 0
E1048534: 2

Sheet BOLT ACD PIN
A1: LC | B1: foHkkxh; [kkrk feyku iqLrd DEPARTMENTAL LEDGER AND TALLY BOOK
A2: ewY; lwph@dwV la[;k Price List / Code No. | D2: 5 | E2: feyku i= la[;k Tally Code No. | I2: ;wfuV Unit
A3: oLrq dk fooj.k Description of the Article | D3: Bolt M27*140N for ACD PIN For VAE VKN Made | E3: ys[kk dk;kZy; i`"B la[;k Accounts Office File No. | I3: 1290
A4: ekg vkSj rkjh[k Month and Date | B4: izkfIr ;k fuxZe okmpj la[;k vkSj rkjh[k No. and Date of Receiot or issue Voucher | C4: fdlls izkIr gqvk ;k fdls tkjh fd;k From Whom received or to whom issued | D4: izkfIr ;k fuxZe dk mn~ns'; Purpose for which received or issue | E4: izkfIr Receipt | F4: LFkkukarj.k Transfer | G4: fuxZe Issues | H4: 'ks"k Balance | I4: vk|{kj Signature
E5: ux No. Vu Tonnes fd-xzk-Kgs. Ltr. | F5: ux No. Vu Tonnes fd-xzk-Kgs. | G5: ux No. Vu Tonnes fd-xzk-Kgs. | H5: ux No. Vu Tonnes fd-xzk-Kgs.
E6: =SUM(E7:E962) -> 40 | F6: =SUM(F7:F962) -> 0 | G6: =SUM(G7:G962) -> 16 | H6: =SUM(E6-F6-G6) -> 24
A7: 45707 | B7: 1041 Dated 11.02.2025 | C7: VAE VKN INDIA PVT LTD. | D7: P-Way work | E7: 40 | F7: 0 | G7: 0 | H7: =SUM(E7-F7-G7) -> 40
A8: 06.03.2025 | B8: GP/DFC/Ambala Sr.No. 1194 dated 06.03.2025 | C8: Surendra Kumar Sr. Exe/C/KNNN | D8: P-Way work | E8: 0 | F8: 0 | G8: 8 | H8: =H7+E8-F8-G8 -> 32
A9: 45726 | B9: GP/DFC/Ambala Sr.No. 1195 dated 10.03.2025 | C9: Harpal Singh Exe/C/KNNN | D9: P-Way work | E9: 0 | F9: 0 | G9: 4 | H9: =H8+E9-F9-G9 -> 28
A10: 13.03.2025 | B10: GP/DFC/Ambala Sr.No. 1197 dated 13.03.2025 | C10: Harpal Singh Exe/C/KNNN | D10: P-Way work | E10: 0 | F10: 0 | G10: 4 | H10: =H9+E10-F10-G10 -> 24
H451: =H450-G451-F451+E451 -> 0
H452: =H451-G452-F452+E452 -> 0
H453: =H452-G453-F453+E453 -> 0
H454: =H453-G454-F454+E454 -> 0
H455: =H454-G455-F455+E455 -> 0
H456: =H455-G456-F456+E456 -> 0
H457: =H456-G457-F457+E457 -> 0
H458: =H457-G458-F458+E458 -> 0
H459: =H458-G459-F459+E459 -> 0
H460: =H459-G460-F460+E460 -> 0
H461: =H460-G461-F461+E461 -> 0
H462: =H461-G462-F462+E462 -> 0
... H635: =H634-G635-F635+E635 -> 0
E1048533: 2

Sheet BOLT ACD Fork
A1: LC | B1: foHkkxh; [kkrk feyku iqLrd DEPARTMENTAL LEDGER AND TALLY BOOK
A2: ewY; lwph@dwV la[;k Price List / Code No. | D2: 5 | E2: feyku i= la[;k Tally Code No. | I2: ;wfuV Unit
A3: oLrq dk fooj.k Description of the Article | D3: Bolt M27*140N for ACD FORK For VAE VKN Made | E3: ys[kk dk;kZy; i`"B la[;k Accounts Office File No. | I3: 1291
A4: ekg vkSj rkjh[k Month and Date | B4: izkfIr ;k fuxZe okmpj la[;k vkSj rkjh[k No. and Date of Receiot or issue Voucher | C4: fdlls izkIr gqvk ;k fdls tkjh fd;k From Whom received or to whom issued | D4: izkfIr ;k fuxZe dk mn~ns'; Purpose for which received or issue | E4: izkfIr Receipt | F4: LFkkukarj.k Transfer | G4: fuxZe Issues | H4: 'ks"k Balance | I4: vk|{kj Signature
E5: ux No. Vu Tonnes fd-xzk-Kgs. Ltr. | F5: ux No. Vu Tonnes fd-xzk-Kgs. | G5: ux No. Vu Tonnes fd-xzk-Kgs. | H5: ux No. Vu Tonnes fd-xzk-Kgs.
E6: =SUM(E7:E962) -> 14 | F6: =SUM(F7:F962) -> 0 | G6: =SUM(G7:G962) -> 0 | H6: =SUM(E6-F6-G6) -> 14
A7: 45707 | B7: 1041 Dated 11.02.2025 | C7: VAE VKN INDIA PVT LTD. | D7: P-Way work | E7: 14 | F7: 0 | G7: 0 | H7: =SUM(E7-F7-G7) -> 14
H451: =H450-G451-F451+E451 -> 0
H452: =H451-G452-F452+E452 -> 0
H453: =H452-G453-F453+E453 -> 0
H454: =H453-G454-F454+E454 -> 0
H455: =H454-G455-F455+E455 -> 0
H456: =H455-G456-F456+E456 -> 0
H457: =H456-G457-F457+E457 -> 0
H458: =H457-G458-F458+E458 -> 0
H459: =H458-G459-F459+E459 -> 0
H460: =H459-G460-F460+E460 -> 0
H461: =H460-G461-F461+E461 -> 0
H462: =H461-G462-F462+E462 -> 0
... H635: =H634-G635-F635+E635 -> 0
E1048533: 2

Sheet HEX Nut  ACD
A1: LC | B1: foHkkxh; [kkrk feyku iqLrd DEPARTMENTAL LEDGER AND TALLY BOOK
A2: ewY; lwph@dwV la[;k Price List / Code No. | D2: 5 | E2: feyku i= la[;k Tally Code No. | I2: ;wfuV Unit
A3: oLrq dk fooj.k Description of the Article | D3: HEX NUT for ACD For VAE VKN Made | E3: ys[kk dk;kZy; i`"B la[;k Accounts Office File No. | I3: 1292
A4: ekg vkSj rkjh[k Month and Date | B4: izkfIr ;k fuxZe okmpj la[;k vkSj rkjh[k No. and Date of Receiot or issue Voucher | C4: fdlls izkIr gqvk ;k fdls tkjh fd;k From Whom received or to whom issued | D4: izkfIr ;k fuxZe dk mn~ns'; Purpose for which received or issue | E4: izkfIr Receipt | F4: LFkkukarj.k Transfer | G4: fuxZe Issues | H4: 'ks"k Balance | I4: vk|{kj Signature
E5: ux No. Vu Tonnes fd-xzk-Kgs. Ltr. | F5: ux No. Vu Tonnes fd-xzk-Kgs. | G5: ux No. Vu Tonnes fd-xzk-Kgs. | H5: ux No. Vu Tonnes fd-xzk-Kgs.
E6: =SUM(E7:E962) -> 54 | F6: =SUM(F7:F962) -> 0 | G6: =SUM(G7:G962) -> 16 | H6: =SUM(E6-F6-G6) -> 38
A7: 45707 | B7: 1041 Dated 11.02.2025 | C7: VAE VKN INDIA PVT LTD. | D7: P-Way work | E7: 54 | F7: 0 | G7: 0 | H7: =SUM(E7-F7-G7) -> 54
A8: 06.03.2025 | B8: GP/DFC/Ambala Sr.No. 1194 dated 06.03.2025 | C8: Surendra Kumar Sr. Exe/C/KNNN | D8: P-Way work | E8: 0 | F8: 0 | G8: 8 | H8: =H7+E8-F8-G8 -> 46
A9: 45726 | B9: GP/DFC/Ambala Sr.No. 1195 dated 10.03.2025 | C9: Harpal Singh Exe/C/KNNN | D9: P-Way work | E9: 0 | F9: 0 | G9: 4 | H9: =H8+E9-F9-G9 -> 42
A10: 13.03.2025 | B10: GP/DFC/Ambala Sr.No. 1197 dated 13.03.2025 | C10: Harpal Singh Exe/C/KNNN | D10: P-Way work | E10: 0 | F10: 0 | G10: 4 | H10: =H9+E10-F10-G10 -> 38
H451: =H450-G451-F451+E451 -> 0
H452: =H451-G452-F452+E452 -> 0
H453: =H452-G453-F453+E453 -> 0
H454: =H453-G454-F454+E454 -> 0
H455: =H454-G455-F455+E455 -> 0
H456: =H455-G456-F456+E456 -> 0
H457: =H456-G457-F457+E457 -> 0
H458: =H457-G458-F458+E458 -> 0
H459: =H458-G459-F459+E459 -> 0
H460: =H459-G460-F460+E460 -> 0
H461: =H460-G461-F461+E461 -> 0
H462: =H461-G462-F462+E462 -> 0
... H635: =H634-G635-F635+E635 -> 0
E1048533: 2

Sheet US Rail
A1: LC | B1: foHkkxh; [kkrk feyku iqLrd DEPARTMENTAL LEDGER AND TALLY BOOK
A2: ewY; lwph@dwV la[;k Price List / Code No. | D2: 5 | E2: feyku i= la[;k Tally Code No. | I2: ;wfuV Unit
A3: oLrq dk fooj.k Description of the Article | D3: US Rail ( UN Serviceable Rail) | E3: ys[kk dk;kZy; i`"B la[;k Accounts Office File No. | I3: 1295
A4: ekg vkSj rkjh[k Month and Date | B4: izkfIr ;k fuxZe okmpj la[;k vkSj rkjh[k No. and Date of Receiot or issue Voucher | C4: fdlls izkIr gqvk ;k fdls tkjh fd;k From Whom received or to whom issued | D4: izkfIr ;k fuxZe dk mn~ns'; Purpose for which received or issue | E4: izkfIr Receipt | F4: LFkkukarj.k Transfer | G4: fuxZe Issues | H4: 'ks"k Balance | I4: vk|{kj Signature
E5: ux No. Vu Tonnes fd-xzk-Kgs. Ltr. | F5: ux No. Vu Tonnes fd-xzk-Kgs. | G5: ux No. Vu Tonnes fd-xzk-Kgs. | H5: ux No. Vu Tonnes fd-xzk-Kgs.
E6: =SUM(E7:E962) -> 426.295 | F6: =SUM(F7:F962) -> 0 | G6: =SUM(G7:G962) -> 153.995 | H6: =SUM(E6-F6-G6) -> 272.3
A7: 45589 | B7: Release in Derailment Site NSIR Yard | C7: Release in Derailment Site NSIR Yard | D7: P-Way work | E7: 260 | F7: 0 | G7: 0 | H7: =SUM(E7-F7-G7) -> 260
A8: 45979 | B8: Release Fructure Rail | C8: 1212/1-2 | D8: P-Way work | E8: 0.315 | F8: 0 | G8: 0 | H8: =H7+E8-F8-G8 -> 260.315
A9: 45980 | B9: GP/DFC/Ambala Sr.No. 1160 dated 19.11.2025 | C9: RDSO | D9: P-Way work | E9: 0 | F9: 0 | G9: 0.315 | H9: =H8+E9-F9-G9 -> 260
A10: 46139 | B10: Release Bomb Blast | C10: 1174/5-6 | D10: P-Way work | E10: 13 | F10: 0 | G10: 0 | H10: =H9+E10-F10-G10 -> 273
A11: 46141 | B11: GP/DFC/Ambala Sr.No. 2208 dated 29.04.2026 | C11: SHO/GRP/RPJ | D11: P-Way work | E11: 0 | F11: 0 | G11: 0.7 | H11: =H10+E11-F11-G11 -> 272.3
A12: 46225 | B12: MTO/DFC/Ambala sr.no 1184 dt 20.07.2026 | C12: IMSD/JUDN | D12: P-Way work | E12: 152.98 | F12: 0 | G12: 0 | H12: =H11+E12-F12-G12 -> 425.28
A13: 46241 | B13: GP/DFC/Ambala Sr.No. 2216 dt. 07/08/2026 | C13: Abhay Kr. Mauary for br/120 Guard rail | D13: P-Way work | E13: 0 | F13: 0 | G13: 152.98 | H13: =H12+E13-F13-G13 -> 272.3
H451: =H450-G451-F451+E451 -> 0
H452: =H451-G452-F452+E452 -> 0
H453: =H452-G453-F453+E453 -> 0
H454: =H453-G454-F454+E454 -> 0
H455: =H454-G455-F455+E455 -> 0
H456: =H455-G456-F456+E456 -> 0
H457: =H456-G457-F457+E457 -> 0
H458: =H457-G458-F458+E458 -> 0
H459: =H458-G459-F459+E459 -> 0
H460: =H459-G460-F460+E460 -> 0
H461: =H460-G461-F461+E461 -> 0
H462: =H461-G462-F462+E462 -> 0
... H635: =H634-G635-F635+E635 -> 0
E1048533: 2

Sheet WCMS RH
A1: LC | B1: foHkkxh; [kkrk feyku iqLrd DEPARTMENTAL LEDGER AND TALLY BOOK
A2: ewY; lwph@dwV la[;k Price List / Code No. | D2: 5 | E2: feyku i= la[;k Tally Code No. | I2: ;wfuV Unit
A3: oLrq dk fooj.k Description of the Article | D3: WCMS Crossing with Extened Leg RH | E3: ys[kk dk;kZy; i`"B la[;k Accounts Office File No. | I3: 1297
A4: ekg vkSj rkjh[k Month and Date | B4: izkfIr ;k fuxZe okmpj la[;k vkSj rkjh[k No. and Date of Receiot or issue Voucher | C4: fdlls izkIr gqvk ;k fdls tkjh fd;k From Whom received or to whom issued | D4: izkfIr ;k fuxZe dk mn~ns'; Purpose for which received or issue | E4: izkfIr Receipt | F4: LFkkukarj.k Transfer | G4: fuxZe Issues | H4: 'ks"k Balance | I4: vk|{kj Signature
E5: ux No. Vu Tonnes fd-xzk-Kgs. Ltr. | F5: ux No. Vu Tonnes fd-xzk-Kgs. | G5: ux No. Vu Tonnes fd-xzk-Kgs. | H5: ux No. Vu Tonnes fd-xzk-Kgs.
E6: =SUM(E7:E962) -> 3 | F6: =SUM(F7:F962) -> 0 | G6: =SUM(G7:G962) -> 3 | H6: =SUM(E6-F6-G6) -> 0
A7: 45865 | B7: MTO/DFC/Ambala Sr.No. 1062 dt. 24.07.2025 | C7: IMD/CHAN | D7: P-Way work | E7: 1 | F7: 0 | G7: 0 | H7: =SUM(E7-F7-G7) -> 1
A8: 13.08.2025 | B8: GP/DFC/Ambala Sr.No. 1153 dated 13.08.2025 | C8: 1236/15-16 | D8: P-Way work | E8: 0 | F8: 0 | G8: 1 | H8: =H7+E8-F8-G8 -> 0
A9: 46068 | B9: 2025261126 dt 14.02.2026 | C9: VAEVKN India PVT LTD | D9: P-Way work | E9: 1 | F9: 0 | G9: 0 | H9: =H8+E9-F9-G9 -> 1
A10: 46102 | B10: MTO/DFC/Ambala Sr.No. 06 dt. 21.03.2026 | C10: IMD/TPZN | D10: P-Way work | E10: 1 | F10: 0 | G10: 0 | H10: =H9+E10-F10-G10 -> 2
A11: 31.03.2026 | B11: GP/DFC/Ambala Sr.No.2204 dated 31.03.2026 | C11: SMUN YARD 297B and 245A | D11: P-Way work | E11: 0 | F11: 0 | G11: 2 | H11: =H10+E11-F11-G11 -> 0
H451: =H450-G451-F451+E451 -> 0
H452: =H451-G452-F452+E452 -> 0
H453: =H452-G453-F453+E453 -> 0
H454: =H453-G454-F454+E454 -> 0
H455: =H454-G455-F455+E455 -> 0
H456: =H455-G456-F456+E456 -> 0
H457: =H456-G457-F457+E457 -> 0
H458: =H457-G458-F458+E458 -> 0
H459: =H458-G459-F459+E459 -> 0
H460: =H459-G460-F460+E460 -> 0
H461: =H460-G461-F461+E461 -> 0
H462: =H461-G462-F462+E462 -> 0
... H635: =H634-G635-F635+E635 -> 0
E1048533: 2

Sheet Fish Plate 610mm 
A1: LC | B1: foHkkxh; [kkrk feyku iqLrd DEPARTMENTAL LEDGER AND TALLY BOOK
A2: ewY; lwph@dwV la[;k Price List / Code No. | D2: 5 | E2: feyku i= la[;k Tally Code No. | I2: ;wfuV Unit
A3: oLrq dk fooj.k Description of the Article | D3: Fish Plate 610mm 52kg with nut and bolt | E3: ys[kk dk;kZy; i`"B la[;k Accounts Office File No. | I3: 1298
A4: ekg vkSj rkjh[k Month and Date | B4: izkfIr ;k fuxZe okmpj la[;k vkSj rkjh[k No. and Date of Receiot or issue Voucher | C4: fdlls izkIr gqvk ;k fdls tkjh fd;k From Whom received or to whom issued | D4: izkfIr ;k fuxZe dk mn~ns'; Purpose for which received or issue | E4: izkfIr Receipt | F4: LFkkukarj.k Transfer | G4: fuxZe Issues | H4: 'ks"k Balance | I4: vk|{kj Signature
E5: ux No. Vu Tonnes fd-xzk-Kgs. Ltr. | F5: ux No. Vu Tonnes fd-xzk-Kgs. | G5: ux No. Vu Tonnes fd-xzk-Kgs. | H5: ux No. Vu Tonnes fd-xzk-Kgs.
E6: =SUM(E7:E962) -> 55 | F6: =SUM(F7:F962) -> 0 | G6: =SUM(G7:G962) -> 48 | H6: =SUM(E6-F6-G6) -> 7
A7: 45913 | B7: 125 dt. 13.09.2025 | C7: Sai Associate | D7: P-Way work | E7: 35 | F7: 0 | G7: 0 | H7: =SUM(E7-F7-G7) -> 35
A8: 45922 | B8: GP/25/000111 dt 22.09.2025 | C8: IMSD/JUDN | D8: P-Way work | E8: 0 | F8: 0 | G8: 20 | H8: =H7+E8-F8-G8 -> 15
A9: 46068 | B9: GP/DFC/Ambala Sr.No.1161 dated 25.11.2025 | C9: IMSD/JUDN | D9: P-Way work | E9: 0 | F9: 0 | G9: 10 | H9: =H8+E9-F9-G9 -> 5
A10: 46044 | B10: GP/DFC/Ambala Sr.No.1165 dated 22.01.2026 | C10: IMSD/JUDN | D10: P-Way work | E10: 0 | F10: 0 | G10: 2 | H10: =H9+E10-F10-G10 -> 3
A11: 46061 | B11: 326 dt. 05.02.2026 | C11: M.S Traders & Eng. | D11: P-Way work | E11: 20 | F11: 0 | G11: 0 | H11: =H10+E11-F11-G11 -> 23
A12: 46177 | B12: GP/DFC/Ambala Sr.No. | C12: Abhay Kr. Mauray for guard rail | D12: P-Way work | E12: 0 | F12: 0 | G12: 16 | H12: =H11+E12-F12-G12 -> 7
H451: =H450-G451-F451+E451 -> 0
H452: =H451-G452-F452+E452 -> 0
H453: =H452-G453-F453+E453 -> 0
H454: =H453-G454-F454+E454 -> 0
H455: =H454-G455-F455+E455 -> 0
H456: =H455-G456-F456+E456 -> 0
H457: =H456-G457-F457+E457 -> 0
H458: =H457-G458-F458+E458 -> 0
H459: =H458-G459-F459+E459 -> 0
H460: =H459-G460-F460+E460 -> 0
H461: =H460-G461-F461+E461 -> 0
H462: =H461-G462-F462+E462 -> 0
... H635: =H634-G635-F635+E635 -> 0
E1048533: 2

Sheet WCMS LH
A1: LC | B1: foHkkxh; [kkrk feyku iqLrd DEPARTMENTAL LEDGER AND TALLY BOOK
A2: ewY; lwph@dwV la[;k Price List / Code No. | D2: 5 | E2: feyku i= la[;k Tally Code No. | I2: ;wfuV Unit
A3: oLrq dk fooj.k Description of the Article | D3: WCMS Crossing with Extened Leg LH | E3: ys[kk dk;kZy; i`"B la[;k Accounts Office File No. | I3: 1299
A4: ekg vkSj rkjh[k Month and Date | B4: izkfIr ;k fuxZe okmpj la[;k vkSj rkjh[k No. and Date of Receiot or issue Voucher | C4: fdlls izkIr gqvk ;k fdls tkjh fd;k From Whom received or to whom issued | D4: izkfIr ;k fuxZe dk mn~ns'; Purpose for which received or issue | E4: izkfIr Receipt | F4: LFkkukarj.k Transfer | G4: fuxZe Issues | H4: 'ks"k Balance | I4: vk|{kj Signature
E5: ux No. Vu Tonnes fd-xzk-Kgs. Ltr. | F5: ux No. Vu Tonnes fd-xzk-Kgs. | G5: ux No. Vu Tonnes fd-xzk-Kgs. | H5: ux No. Vu Tonnes fd-xzk-Kgs.
E6: =SUM(E7:E960) -> 1 | F6: =SUM(F7:F960) -> 0 | G6: =SUM(G7:G960) -> 0 | H6: =SUM(E6-F6-G6) -> 1
A7: 46068 | B7: 2025261125 dt 14.02.2026 | C7: VAEVKN India PVT LTD | D7: P-Way work | E7: 1 | F7: 0 | G7: 0 | H7: =SUM(E7-F7-G7) -> 1
H449: =H448-G449-F449+E449 -> 0
H450: =H449-G450-F450+E450 -> 0
H451: =H450-G451-F451+E451 -> 0
H452: =H451-G452-F452+E452 -> 0
H453: =H452-G453-F453+E453 -> 0
H454: =H453-G454-F454+E454 -> 0
H455: =H454-G455-F455+E455 -> 0
H456: =H455-G456-F456+E456 -> 0
H457: =H456-G457-F457+E457 -> 0
H458: =H457-G458-F458+E458 -> 0
H459: =H458-G459-F459+E459 -> 0
H460: =H459-G460-F460+E460 -> 0
... H633: =H632-G633-F633+E633 -> 0
E1048531: 2

Sheet 1in12 turnout RH
A1: LC | B1: foHkkxh; [kkrk feyku iqLrd DEPARTMENTAL LEDGER AND TALLY BOOK
A2: ewY; lwph@dwV la[;k Price List / Code No. | D2: 5 | E2: feyku i= la[;k Tally Code No. | I2: ;wfuV Unit
A3: oLrq dk fooj.k Description of the Article | D3: '1 in 12 Turnout WITh Fitting RH DLP | E3: ys[kk dk;kZy; i`"B la[;k Accounts Office File No.
A4: ekg vkSj rkjh[k Month and Date | B4: izkfIr ;k fuxZe okmpj la[;k vkSj rkjh[k No. and Date of Receiot or issue Voucher | C4: fdlls izkIr gqvk ;k fdls tkjh fd;k From Whom received or to whom issued | D4: izkfIr ;k fuxZe dk mn~ns'; Purpose for which received or issue | E4: izkfIr Receipt | F4: LFkkukarj.k Transfer | G4: fuxZe Issues | H4: 'ks"k Balance | I4: vk|{kj Signature
E5: ux No. Vu Tonnes fd-xzk-Kgs. Ltr. | F5: ux No. Vu Tonnes fd-xzk-Kgs. | G5: ux No. Vu Tonnes fd-xzk-Kgs. | H5: ux No. Vu Tonnes fd-xzk-Kgs.
E6: =SUM(E7:E960) -> 2 | F6: =SUM(F7:F960) -> 0 | G6: =SUM(G7:G960) -> 0 | H6: =SUM(E6-F6-G6) -> 2
A7: 45922 | B7: RFI No. 59489 dt. 13.09.2025 | C7: GIL-TPL-JV | D7: P-Way work | E7: 2 | F7: 0 | G7: 0 | H7: =SUM(E7-F7-G7) -> 2
H449: =H448-G449-F449+E449 -> 0
H450: =H449-G450-F450+E450 -> 0
H451: =H450-G451-F451+E451 -> 0
H452: =H451-G452-F452+E452 -> 0
H453: =H452-G453-F453+E453 -> 0
H454: =H453-G454-F454+E454 -> 0
H455: =H454-G455-F455+E455 -> 0
H456: =H455-G456-F456+E456 -> 0
H457: =H456-G457-F457+E457 -> 0
H458: =H457-G458-F458+E458 -> 0
H459: =H458-G459-F459+E459 -> 0
H460: =H459-G460-F460+E460 -> 0
... H633: =H632-G633-F633+E633 -> 0
E1048531: 2

Sheet 1in12 turnout LH
A1: LC | B1: foHkkxh; [kkrk feyku iqLrd DEPARTMENTAL LEDGER AND TALLY BOOK
A2: ewY; lwph@dwV la[;k Price List / Code No. | D2: 5 | E2: feyku i= la[;k Tally Code No. | I2: ;wfuV Unit
A3: oLrq dk fooj.k Description of the Article | D3: 1 in 12 Turnout WITh Fitting LH DLP | E3: ys[kk dk;kZy; i`"B la[;k Accounts Office File No.
A4: ekg vkSj rkjh[k Month and Date | B4: izkfIr ;k fuxZe okmpj la[;k vkSj rkjh[k No. and Date of Receiot or issue Voucher | C4: fdlls izkIr gqvk ;k fdls tkjh fd;k From Whom received or to whom issued | D4: izkfIr ;k fuxZe dk mn~ns'; Purpose for which received or issue | E4: izkfIr Receipt | F4: LFkkukarj.k Transfer | G4: fuxZe Issues | H4: 'ks"k Balance | I4: vk|{kj Signature
E5: ux No. Vu Tonnes fd-xzk-Kgs. Ltr. | F5: ux No. Vu Tonnes fd-xzk-Kgs. | G5: ux No. Vu Tonnes fd-xzk-Kgs. | H5: ux No. Vu Tonnes fd-xzk-Kgs.
E6: =SUM(E7:E960) -> 1 | F6: =SUM(F7:F960) -> 0 | G6: =SUM(G7:G960) -> 0 | H6: =SUM(E6-F6-G6) -> 1
A7: 45922 | B7: RFI No. 59489 dt. 13.09.2025 | C7: GIL-TPL-JV | D7: P-Way work | E7: 1 | F7: 0 | G7: 0 | H7: =SUM(E7-F7-G7) -> 1
H449: =H448-G449-F449+E449 -> 0
H450: =H449-G450-F450+E450 -> 0
H451: =H450-G451-F451+E451 -> 0
H452: =H451-G452-F452+E452 -> 0
H453: =H452-G453-F453+E453 -> 0
H454: =H453-G454-F454+E454 -> 0
H455: =H454-G455-F455+E455 -> 0
H456: =H455-G456-F456+E456 -> 0
H457: =H456-G457-F457+E457 -> 0
H458: =H457-G458-F458+E458 -> 0
H459: =H458-G459-F459+E459 -> 0
H460: =H459-G460-F460+E460 -> 0
... H633: =H632-G633-F633+E633 -> 0
E1048531: 2

Sheet Plate Screw 3912
A1: LC | B1: foHkkxh; [kkrk feyku iqLrd DEPARTMENTAL LEDGER AND TALLY BOOK
A2: ewY; lwph@dwV la[;k Price List / Code No. | D2: 5 | E2: feyku i= la[;k Tally Code No. | I2: ;wfuV Unit
A3: oLrq dk fooj.k Description of the Article | D3: Plate Screw RT-3912 | E3: ys[kk dk;kZy; i`"B la[;k Accounts Office File No. | I3: 9201
A4: ekg vkSj rkjh[k Month and Date | B4: izkfIr ;k fuxZe okmpj la[;k vkSj rkjh[k No. and Date of Receiot or issue Voucher | C4: fdlls izkIr gqvk ;k fdls tkjh fd;k From Whom received or to whom issued | D4: izkfIr ;k fuxZe dk mn~ns'; Purpose for which received or issue | E4: izkfIr Receipt | F4: LFkkukarj.k Transfer | G4: fuxZe Issues | H4: 'ks"k Balance | I4: vk|{kj Signature
E5: ux No. Vu Tonnes fd-xzk-Kgs. Ltr. | F5: ux No. Vu Tonnes fd-xzk-Kgs. | G5: ux No. Vu Tonnes fd-xzk-Kgs. | H5: ux No. Vu Tonnes fd-xzk-Kgs.
E6: =SUM(E7:E960) -> 1000 | F6: =SUM(F7:F960) -> 0 | G6: =SUM(G7:G960) -> 0 | H6: =SUM(E6-F6-G6) -> 1000
A7: 45935 | B7: Challan No. 25-26/8039 dt 03.10.2025 | C7: VAE VKN India PVT LTD. | D7: P-Way work | E7: 1000 | F7: 0 | G7: 0 | H7: =SUM(E7-F7-G7) -> 1000
H449: =H448-G449-F449+E449 -> 0
H450: =H449-G450-F450+E450 -> 0
H451: =H450-G451-F451+E451 -> 0
H452: =H451-G452-F452+E452 -> 0
H453: =H452-G453-F453+E453 -> 0
H454: =H453-G454-F454+E454 -> 0
H455: =H454-G455-F455+E455 -> 0
H456: =H455-G456-F456+E456 -> 0
H457: =H456-G457-F457+E457 -> 0
H458: =H457-G458-F458+E458 -> 0
H459: =H458-G459-F459+E459 -> 0
H460: =H459-G460-F460+E460 -> 0
... H633: =H632-G633-F633+E633 -> 0
E1048531: 2

Sheet IBAV Leaf Spring (VAENK04195)
A1: LC | B1: foHkkxh; [kkrk feyku iqLrd DEPARTMENTAL LEDGER AND TALLY BOOK
A2: ewY; lwph@dwV la[;k Price List / Code No. | D2: 5 | E2: feyku i= la[;k Tally Code No. | I2: ;wfuV Unit
A3: oLrq dk fooj.k Description of the Article | D3: IBAV Leaf Spring (VAENK04195) | E3: ys[kk dk;kZy; i`"B la[;k Accounts Office File No. | I3: 9203
A4: ekg vkSj rkjh[k Month and Date | B4: izkfIr ;k fuxZe okmpj la[;k vkSj rkjh[k No. and Date of Receiot or issue Voucher | C4: fdlls izkIr gqvk ;k fdls tkjh fd;k From Whom received or to whom issued | D4: izkfIr ;k fuxZe dk mn~ns'; Purpose for which received or issue | E4: izkfIr Receipt | F4: LFkkukarj.k Transfer | G4: fuxZe Issues | H4: 'ks"k Balance | I4: vk|{kj Signature
E5: ux No. Vu Tonnes fd-xzk-Kgs. Ltr. | F5: ux No. Vu Tonnes fd-xzk-Kgs. | G5: ux No. Vu Tonnes fd-xzk-Kgs. | H5: ux No. Vu Tonnes fd-xzk-Kgs.
E6: =SUM(E7:E960) -> 100 | F6: =SUM(F7:F960) -> 0 | G6: =SUM(G7:G960) -> 0 | H6: =SUM(E6-F6-G6) -> 100
A7: 45935 | B7: Challan No. 25-26/8039 dt 03.10.2025 | C7: VAE VKN India PVT LTD. | D7: P-Way work | E7: 100 | F7: 0 | G7: 0 | H7: =SUM(E7-F7-G7) -> 100
H449: =H448-G449-F449+E449 -> 0
H450: =H449-G450-F450+E450 -> 0
H451: =H450-G451-F451+E451 -> 0
H452: =H451-G452-F452+E452 -> 0
H453: =H452-G453-F453+E453 -> 0
H454: =H453-G454-F454+E454 -> 0
H455: =H454-G455-F455+E455 -> 0
H456: =H455-G456-F456+E456 -> 0
H457: =H456-G457-F457+E457 -> 0
H458: =H457-G458-F458+E458 -> 0
H459: =H458-G459-F459+E459 -> 0
H460: =H459-G460-F460+E460 -> 0
... H633: =H632-G633-F633+E633 -> 0
E1048531: 2

Sheet IBAV Leaf Spring (VAENK04196)
A1: LC | B1: foHkkxh; [kkrk feyku iqLrd DEPARTMENTAL LEDGER AND TALLY BOOK
A2: ewY; lwph@dwV la[;k Price List / Code No. | D2: 5 | E2: feyku i= la[;k Tally Code No. | I2: ;wfuV Unit
A3: oLrq dk fooj.k Description of the Article | D3: IBAV Leaf Spring (VAENK04196) | E3: ys[kk dk;kZy; i`"B la[;k Accounts Office File No. | I3: 9205
A4: ekg vkSj rkjh[k Month and Date | B4: izkfIr ;k fuxZe okmpj la[;k vkSj rkjh[k No. and Date of Receiot or issue Voucher | C4: fdlls izkIr gqvk ;k fdls tkjh fd;k From Whom received or to whom issued | D4: izkfIr ;k fuxZe dk mn~ns'; Purpose for which received or issue | E4: izkfIr Receipt | F4: LFkkukarj.k Transfer | G4: fuxZe Issues | H4: 'ks"k Balance | I4: vk|{kj Signature
E5: ux No. Vu Tonnes fd-xzk-Kgs. Ltr. | F5: ux No. Vu Tonnes fd-xzk-Kgs. | G5: ux No. Vu Tonnes fd-xzk-Kgs. | H5: ux No. Vu Tonnes fd-xzk-Kgs.
E6: =SUM(E7:E960) -> 100 | F6: =SUM(F7:F960) -> 0 | G6: =SUM(G7:G960) -> 0 | H6: =SUM(E6-F6-G6) -> 100
A7: 45935 | B7: Challan No. 25-26/8039 dt 03.10.2025 | C7: VAE VKN India PVT LTD. | D7: P-Way work | E7: 100 | F7: 0 | G7: 0 | H7: =SUM(E7-F7-G7) -> 100
H449: =H448-G449-F449+E449 -> 0
H450: =H449-G450-F450+E450 -> 0
H451: =H450-G451-F451+E451 -> 0
H452: =H451-G452-F452+E452 -> 0
H453: =H452-G453-F453+E453 -> 0
H454: =H453-G454-F454+E454 -> 0
H455: =H454-G455-F455+E455 -> 0
H456: =H455-G456-F456+E456 -> 0
H457: =H456-G457-F457+E457 -> 0
H458: =H457-G458-F458+E458 -> 0
H459: =H458-G459-F459+E459 -> 0
H460: =H459-G460-F460+E460 -> 0
... H633: =H632-G633-F633+E633 -> 0
E1048531: 2

Sheet IBAV Wedge 
A1: LC | B1: foHkkxh; [kkrk feyku iqLrd DEPARTMENTAL LEDGER AND TALLY BOOK
A2: ewY; lwph@dwV la[;k Price List / Code No. | D2: 5 | E2: feyku i= la[;k Tally Code No. | I2: ;wfuV Unit
A3: oLrq dk fooj.k Description of the Article | D3: IBAV Wedge D18/1111;5*157 (VAENK04196A) | E3: ys[kk dk;kZy; i`"B la[;k Accounts Office File No. | I3: 9207
A4: ekg vkSj rkjh[k Month and Date | B4: izkfIr ;k fuxZe okmpj la[;k vkSj rkjh[k No. and Date of Receiot or issue Voucher | C4: fdlls izkIr gqvk ;k fdls tkjh fd;k From Whom received or to whom issued | D4: izkfIr ;k fuxZe dk mn~ns'; Purpose for which received or issue | E4: izkfIr Receipt | F4: LFkkukarj.k Transfer | G4: fuxZe Issues | H4: 'ks"k Balance | I4: vk|{kj Signature
E5: ux No. Vu Tonnes fd-xzk-Kgs. Ltr. | F5: ux No. Vu Tonnes fd-xzk-Kgs. | G5: ux No. Vu Tonnes fd-xzk-Kgs. | H5: ux No. Vu Tonnes fd-xzk-Kgs.
E6: =SUM(E7:E960) -> 100 | F6: =SUM(F7:F960) -> 0 | G6: =SUM(G7:G960) -> 0 | H6: =SUM(E6-F6-G6) -> 100
A7: 45935 | B7: Challan No. 25-26/8039 dt 03.10.2025 | C7: VAE VKN India PVT LTD. | D7: P-Way work | E7: 100 | F7: 0 | G7: 0 | H7: =SUM(E7-F7-G7) -> 100
H449: =H448-G449-F449+E449 -> 0
H450: =H449-G450-F450+E450 -> 0
H451: =H450-G451-F451+E451 -> 0
H452: =H451-G452-F452+E452 -> 0
H453: =H452-G453-F453+E453 -> 0
H454: =H453-G454-F454+E454 -> 0
H455: =H454-G455-F455+E455 -> 0
H456: =H455-G456-F456+E456 -> 0
H457: =H456-G457-F457+E457 -> 0
H458: =H457-G458-F458+E458 -> 0
H459: =H458-G459-F459+E459 -> 0
H460: =H459-G460-F460+E460 -> 0
... H633: =H632-G633-F633+E633 -> 0
E1048531: 2

Sheet HEX NUT M24
A1: LC | B1: foHkkxh; [kkrk feyku iqLrd DEPARTMENTAL LEDGER AND TALLY BOOK
A2: ewY; lwph@dwV la[;k Price List / Code No. | D2: 5 | E2: feyku i= la[;k Tally Code No. | I2: ;wfuV Unit
A3: oLrq dk fooj.k Description of the Article | D3: HEX NUT M24 (VAEKN 05072) | E3: ys[kk dk;kZy; i`"B la[;k Accounts Office File No. | I3: 9209
A4: ekg vkSj rkjh[k Month and Date | B4: izkfIr ;k fuxZe okmpj la[;k vkSj rkjh[k No. and Date of Receiot or issue Voucher | C4: fdlls izkIr gqvk ;k fdls tkjh fd;k From Whom received or to whom issued | D4: izkfIr ;k fuxZe dk mn~ns'; Purpose for which received or issue | E4: izkfIr Receipt | F4: LFkkukarj.k Transfer | G4: fuxZe Issues | H4: 'ks"k Balance | I4: vk|{kj Signature
E5: ux No. Vu Tonnes fd-xzk-Kgs. Ltr. | F5: ux No. Vu Tonnes fd-xzk-Kgs. | G5: ux No. Vu Tonnes fd-xzk-Kgs. | H5: ux No. Vu Tonnes fd-xzk-Kgs.
E6: =SUM(E7:E960) -> 200 | F6: =SUM(F7:F960) -> 0 | G6: =SUM(G7:G960) -> 0 | H6: =SUM(E6-F6-G6) -> 200
A7: 45935 | B7: Challan No. 25-26/8039 dt 03.10.2025 | C7: VAE VKN India PVT LTD. | D7: P-Way work | E7: 200 | F7: 0 | G7: 0 | H7: =SUM(E7-F7-G7) -> 200
H449: =H448-G449-F449+E449 -> 0
H450: =H449-G450-F450+E450 -> 0
H451: =H450-G451-F451+E451 -> 0
H452: =H451-G452-F452+E452 -> 0
H453: =H452-G453-F453+E453 -> 0
H454: =H453-G454-F454+E454 -> 0
H455: =H454-G455-F455+E455 -> 0
H456: =H455-G456-F456+E456 -> 0
H457: =H456-G457-F457+E457 -> 0
H458: =H457-G458-F458+E458 -> 0
H459: =H458-G459-F459+E459 -> 0
H460: =H459-G460-F460+E460 -> 0
... H633: =H632-G633-F633+E633 -> 0
E1048531: 2

Sheet Square Head Bolt  
A1: LC | B1: foHkkxh; [kkrk feyku iqLrd DEPARTMENTAL LEDGER AND TALLY BOOK
A2: ewY; lwph@dwV la[;k Price List / Code No. | D2: 5 | E2: feyku i= la[;k Tally Code No. | I2: ;wfuV Unit
A3: oLrq dk fooj.k Description of the Article | D3: Square Head Bolt M24*90 (VAEVKN 05073) | E3: ys[kk dk;kZy; i`"B la[;k Accounts Office File No. | I3: 9211
A4: ekg vkSj rkjh[k Month and Date | B4: izkfIr ;k fuxZe okmpj la[;k vkSj rkjh[k No. and Date of Receiot or issue Voucher | C4: fdlls izkIr gqvk ;k fdls tkjh fd;k From Whom received or to whom issued | D4: izkfIr ;k fuxZe dk mn~ns'; Purpose for which received or issue | E4: izkfIr Receipt | F4: LFkkukarj.k Transfer | G4: fuxZe Issues | H4: 'ks"k Balance | I4: vk|{kj Signature
E5: ux No. Vu Tonnes fd-xzk-Kgs. Ltr. | F5: ux No. Vu Tonnes fd-xzk-Kgs. | G5: ux No. Vu Tonnes fd-xzk-Kgs. | H5: ux No. Vu Tonnes fd-xzk-Kgs.
E6: =SUM(E7:E960) -> 200 | F6: =SUM(F7:F960) -> 0 | G6: =SUM(G7:G960) -> 0 | H6: =SUM(E6-F6-G6) -> 200
A7: 45935 | B7: Challan No. 25-26/8039 dt 03.10.2025 | C7: VAE VKN India PVT LTD. | D7: P-Way work | E7: 200 | F7: 0 | G7: 0 | H7: =SUM(E7-F7-G7) -> 200
H449: =H448-G449-F449+E449 -> 0
H450: =H449-G450-F450+E450 -> 0
H451: =H450-G451-F451+E451 -> 0
H452: =H451-G452-F452+E452 -> 0
H453: =H452-G453-F453+E453 -> 0
H454: =H453-G454-F454+E454 -> 0
H455: =H454-G455-F455+E455 -> 0
H456: =H455-G456-F456+E456 -> 0
H457: =H456-G457-F457+E457 -> 0
H458: =H457-G458-F458+E458 -> 0
H459: =H458-G459-F459+E459 -> 0
H460: =H459-G460-F460+E460 -> 0
... H633: =H632-G633-F633+E633 -> 0
E1048531: 2

Sheet T- Head Bolt
A1: LC | B1: foHkkxh; [kkrk feyku iqLrd DEPARTMENTAL LEDGER AND TALLY BOOK
A2: ewY; lwph@dwV la[;k Price List / Code No. | D2: 5 | E2: feyku i= la[;k Tally Code No. | I2: ;wfuV Unit
A3: oLrq dk fooj.k Description of the Article | D3: T- Head Bolt with nut for clip (VAEVKN 04311) | E3: ys[kk dk;kZy; i`"B la[;k Accounts Office File No. | I3: 9213
A4: ekg vkSj rkjh[k Month and Date | B4: izkfIr ;k fuxZe okmpj la[;k vkSj rkjh[k No. and Date of Receiot or issue Voucher | C4: fdlls izkIr gqvk ;k fdls tkjh fd;k From Whom received or to whom issued | D4: izkfIr ;k fuxZe dk mn~ns'; Purpose for which received or issue | E4: izkfIr Receipt | F4: LFkkukarj.k Transfer | G4: fuxZe Issues | H4: 'ks"k Balance | I4: vk|{kj Signature
E5: ux No. Vu Tonnes fd-xzk-Kgs. Ltr. | F5: ux No. Vu Tonnes fd-xzk-Kgs. | G5: ux No. Vu Tonnes fd-xzk-Kgs. | H5: ux No. Vu Tonnes fd-xzk-Kgs.
E6: =SUM(E7:E960) -> 200 | F6: =SUM(F7:F960) -> 0 | G6: =SUM(G7:G960) -> 0 | H6: =SUM(E6-F6-G6) -> 200
A7: 45935 | B7: Challan No. 25-26/8039 dt 03.10.2025 | C7: VAE VKN India PVT LTD. | D7: P-Way work | E7: 200 | F7: 0 | G7: 0 | H7: =SUM(E7-F7-G7) -> 200
H449: =H448-G449-F449+E449 -> 0
H450: =H449-G450-F450+E450 -> 0
H451: =H450-G451-F451+E451 -> 0
H452: =H451-G452-F452+E452 -> 0
H453: =H452-G453-F453+E453 -> 0
H454: =H453-G454-F454+E454 -> 0
H455: =H454-G455-F455+E455 -> 0
H456: =H455-G456-F456+E456 -> 0
H457: =H456-G457-F457+E457 -> 0
H458: =H457-G458-F458+E458 -> 0
H459: =H458-G459-F459+E459 -> 0
H460: =H459-G460-F460+E460 -> 0
... H633: =H632-G633-F633+E633 -> 0
E1048531: 2

Sheet Plain Washer 
A1: LC | B1: foHkkxh; [kkrk feyku iqLrd DEPARTMENTAL LEDGER AND TALLY BOOK
A2: ewY; lwph@dwV la[;k Price List / Code No. | D2: 5 | E2: feyku i= la[;k Tally Code No. | I2: ;wfuV Unit
A3: oLrq dk fooj.k Description of the Article | D3: Plain Washer (VAEVKN) | E3: ys[kk dk;kZy; i`"B la[;k Accounts Office File No. | I3: 9215
A4: ekg vkSj rkjh[k Month and Date | B4: izkfIr ;k fuxZe okmpj la[;k vkSj rkjh[k No. and Date of Receiot or issue Voucher | C4: fdlls izkIr gqvk ;k fdls tkjh fd;k From Whom received or to whom issued | D4: izkfIr ;k fuxZe dk mn~ns'; Purpose for which received or issue | E4: izkfIr Receipt | F4: LFkkukarj.k Transfer | G4: fuxZe Issues | H4: 'ks"k Balance | I4: vk|{kj Signature
E5: ux No. Vu Tonnes fd-xzk-Kgs. Ltr. | F5: ux No. Vu Tonnes fd-xzk-Kgs. | G5: ux No. Vu Tonnes fd-xzk-Kgs. | H5: ux No. Vu Tonnes fd-xzk-Kgs.
E6: =SUM(E7:E960) -> 1000 | F6: =SUM(F7:F960) -> 0 | G6: =SUM(G7:G960) -> 0 | H6: =SUM(E6-F6-G6) -> 1000
A7: 45935 | B7: Challan No. 25-26/8039 dt 03.10.2025 | C7: VAE VKN India PVT LTD. | D7: P-Way work | E7: 1000 | F7: 0 | G7: 0 | H7: =SUM(E7-F7-G7) -> 1000
H449: =H448-G449-F449+E449 -> 0
H450: =H449-G450-F450+E450 -> 0
H451: =H450-G451-F451+E451 -> 0
H452: =H451-G452-F452+E452 -> 0
H453: =H452-G453-F453+E453 -> 0
H454: =H453-G454-F454+E454 -> 0
H455: =H454-G455-F455+E455 -> 0
H456: =H455-G456-F456+E456 -> 0
H457: =H456-G457-F457+E457 -> 0
H458: =H457-G458-F458+E458 -> 0
H459: =H458-G459-F459+E459 -> 0
H460: =H459-G460-F460+E460 -> 0
... H633: =H632-G633-F633+E633 -> 0
E1048531: 2

Sheet Piroller with Doble 
A1: LC | B1: foHkkxh; [kkrk feyku iqLrd DEPARTMENTAL LEDGER AND TALLY BOOK
A2: ewY; lwph@dwV la[;k Price List / Code No. | D2: 5 | E2: feyku i= la[;k Tally Code No. | I2: ;wfuV Unit
A3: oLrq dk fooj.k Description of the Article | D3: Piroller with Doble roller (VAEVKN05519) | E3: ys[kk dk;kZy; i`"B la[;k Accounts Office File No. | I3: 9217
A4: ekg vkSj rkjh[k Month and Date | B4: izkfIr ;k fuxZe okmpj la[;k vkSj rkjh[k No. and Date of Receiot or issue Voucher | C4: fdlls izkIr gqvk ;k fdls tkjh fd;k From Whom received or to whom issued | D4: izkfIr ;k fuxZe dk mn~ns'; Purpose for which received or issue | E4: izkfIr Receipt | F4: LFkkukarj.k Transfer | G4: fuxZe Issues | H4: 'ks"k Balance | I4: vk|{kj Signature
E5: ux No. Vu Tonnes fd-xzk-Kgs. Ltr. | F5: ux No. Vu Tonnes fd-xzk-Kgs. | G5: ux No. Vu Tonnes fd-xzk-Kgs. | H5: ux No. Vu Tonnes fd-xzk-Kgs.
E6: =SUM(E7:E960) -> 110 | F6: =SUM(F7:F960) -> 0 | G6: =SUM(G7:G960) -> 0 | H6: =SUM(E6-F6-G6) -> 110
A7: 45935 | B7: Challan No. 25-26/8039 dt 03.10.2025 | C7: VAE VKN India PVT LTD. | D7: P-Way work | E7: 110 | F7: 0 | G7: 0 | H7: =SUM(E7-F7-G7) -> 110
H449: =H448-G449-F449+E449 -> 0
H450: =H449-G450-F450+E450 -> 0
H451: =H450-G451-F451+E451 -> 0
H452: =H451-G452-F452+E452 -> 0
H453: =H452-G453-F453+E453 -> 0
H454: =H453-G454-F454+E454 -> 0
H455: =H454-G455-F455+E455 -> 0
H456: =H455-G456-F456+E456 -> 0
H457: =H456-G457-F457+E457 -> 0
H458: =H457-G458-F458+E458 -> 0
H459: =H458-G459-F459+E459 -> 0
H460: =H459-G460-F460+E460 -> 0
... H633: =H632-G633-F633+E633 -> 0
E1048531: 2

Sheet Piroller with Doble 07565
A1: LC | B1: foHkkxh; [kkrk feyku iqLrd DEPARTMENTAL LEDGER AND TALLY BOOK
A2: ewY; lwph@dwV la[;k Price List / Code No. | D2: 5 | E2: feyku i= la[;k Tally Code No. | I2: ;wfuV Unit
A3: oLrq dk fooj.k Description of the Article | D3: Piroller with Doble roller (VAEVKN07565) | E3: ys[kk dk;kZy; i`"B la[;k Accounts Office File No. | I3: 9219
A4: ekg vkSj rkjh[k Month and Date | B4: izkfIr ;k fuxZe okmpj la[;k vkSj rkjh[k No. and Date of Receiot or issue Voucher | C4: fdlls izkIr gqvk ;k fdls tkjh fd;k From Whom received or to whom issued | D4: izkfIr ;k fuxZe dk mn~ns'; Purpose for which received or issue | E4: izkfIr Receipt | F4: LFkkukarj.k Transfer | G4: fuxZe Issues | H4: 'ks"k Balance | I4: vk|{kj Signature
E5: ux No. Vu Tonnes fd-xzk-Kgs. Ltr. | F5: ux No. Vu Tonnes fd-xzk-Kgs. | G5: ux No. Vu Tonnes fd-xzk-Kgs. | H5: ux No. Vu Tonnes fd-xzk-Kgs.
E6: =SUM(E7:E960) -> 50 | F6: =SUM(F7:F960) -> 0 | G6: =SUM(G7:G960) -> 0 | H6: =SUM(E6-F6-G6) -> 50
A7: 45935 | B7: Challan No. 25-26/8039 dt 03.10.2025 | C7: VAE VKN India PVT LTD. | D7: P-Way work | E7: 50 | F7: 0 | G7: 0 | H7: =SUM(E7-F7-G7) -> 50
H449: =H448-G449-F449+E449 -> 0
H450: =H449-G450-F450+E450 -> 0
H451: =H450-G451-F451+E451 -> 0
H452: =H451-G452-F452+E452 -> 0
H453: =H452-G453-F453+E453 -> 0
H454: =H453-G454-F454+E454 -> 0
H455: =H454-G455-F455+E455 -> 0
H456: =H455-G456-F456+E456 -> 0
H457: =H456-G457-F457+E457 -> 0
H458: =H457-G458-F458+E458 -> 0
H459: =H458-G459-F459+E459 -> 0
H460: =H459-G460-F460+E460 -> 0
... H633: =H632-G633-F633+E633 -> 0
E1048531: 2

Sheet Piroller with Single roller
A1: LC | B1: foHkkxh; [kkrk feyku iqLrd DEPARTMENTAL LEDGER AND TALLY BOOK
A2: ewY; lwph@dwV la[;k Price List / Code No. | D2: 5 | E2: feyku i= la[;k Tally Code No. | I2: ;wfuV Unit
A3: oLrq dk fooj.k Description of the Article | D3: Piroller with Single roller (VAEVKN05520) | E3: ys[kk dk;kZy; i`"B la[;k Accounts Office File No. | I3: 9221
A4: ekg vkSj rkjh[k Month and Date | B4: izkfIr ;k fuxZe okmpj la[;k vkSj rkjh[k No. and Date of Receiot or issue Voucher | C4: fdlls izkIr gqvk ;k fdls tkjh fd;k From Whom received or to whom issued | D4: izkfIr ;k fuxZe dk mn~ns'; Purpose for which received or issue | E4: izkfIr Receipt | F4: LFkkukarj.k Transfer | G4: fuxZe Issues | H4: 'ks"k Balance | I4: vk|{kj Signature
E5: ux No. Vu Tonnes fd-xzk-Kgs. Ltr. | F5: ux No. Vu Tonnes fd-xzk-Kgs. | G5: ux No. Vu Tonnes fd-xzk-Kgs. | H5: ux No. Vu Tonnes fd-xzk-Kgs.
E6: =SUM(E7:E960) -> 50 | F6: =SUM(F7:F960) -> 0 | G6: =SUM(G7:G960) -> 0 | H6: =SUM(E6-F6-G6) -> 50
A7: 45935 | B7: Challan No. 25-26/8039 dt 03.10.2025 | C7: VAE VKN India PVT LTD. | D7: P-Way work | E7: 50 | F7: 0 | G7: 0 | H7: =SUM(E7-F7-G7) -> 50
H449: =H448-G449-F449+E449 -> 0
H450: =H449-G450-F450+E450 -> 0
H451: =H450-G451-F451+E451 -> 0
H452: =H451-G452-F452+E452 -> 0
H453: =H452-G453-F453+E453 -> 0
H454: =H453-G454-F454+E454 -> 0
H455: =H454-G455-F455+E455 -> 0
H456: =H455-G456-F456+E456 -> 0
H457: =H456-G457-F457+E457 -> 0
H458: =H457-G458-F458+E458 -> 0
H459: =H458-G459-F459+E459 -> 0
H460: =H459-G460-F460+E460 -> 0
... H633: =H632-G633-F633+E633 -> 0
E1048531: 2

Sheet Piroller with Spring Loaded 
A1: LC | B1: foHkkxh; [kkrk feyku iqLrd DEPARTMENTAL LEDGER AND TALLY BOOK
A2: ewY; lwph@dwV la[;k Price List / Code No. | D2: 5 | E2: feyku i= la[;k Tally Code No. | I2: ;wfuV Unit
A3: oLrq dk fooj.k Description of the Article | D3: Piroller with Spring Loaded roller (VAEVKN05521) | E3: ys[kk dk;kZy; i`"B la[;k Accounts Office File No. | I3: 9223
A4: ekg vkSj rkjh[k Month and Date | B4: izkfIr ;k fuxZe okmpj la[;k vkSj rkjh[k No. and Date of Receiot or issue Voucher | C4: fdlls izkIr gqvk ;k fdls tkjh fd;k From Whom received or to whom issued | D4: izkfIr ;k fuxZe dk mn~ns'; Purpose for which received or issue | E4: izkfIr Receipt | F4: LFkkukarj.k Transfer | G4: fuxZe Issues | H4: 'ks"k Balance | I4: vk|{kj Signature
E5: ux No. Vu Tonnes fd-xzk-Kgs. Ltr. | F5: ux No. Vu Tonnes fd-xzk-Kgs. | G5: ux No. Vu Tonnes fd-xzk-Kgs. | H5: ux No. Vu Tonnes fd-xzk-Kgs.
E6: =SUM(E7:E960) -> 50 | F6: =SUM(F7:F960) -> 0 | G6: =SUM(G7:G960) -> 0 | H6: =SUM(E6-F6-G6) -> 50
A7: 45935 | B7: Challan No. 25-26/8039 dt 03.10.2025 | C7: VAE VKN India PVT LTD. | D7: P-Way work | E7: 50 | F7: 0 | G7: 0 | H7: =SUM(E7-F7-G7) -> 50
H449: =H448-G449-F449+E449 -> 0
H450: =H449-G450-F450+E450 -> 0
H451: =H450-G451-F451+E451 -> 0
H452: =H451-G452-F452+E452 -> 0
H453: =H452-G453-F453+E453 -> 0
H454: =H453-G454-F454+E454 -> 0
H455: =H454-G455-F455+E455 -> 0
H456: =H455-G456-F456+E456 -> 0
H457: =H456-G457-F457+E457 -> 0
H458: =H457-G458-F458+E458 -> 0
H459: =H458-G459-F459+E459 -> 0
H460: =H459-G460-F460+E460 -> 0
... H633: =H632-G633-F633+E633 -> 0
E1048531: 2

Sheet Helical Spring
A1: LC | B1: foHkkxh; [kkrk feyku iqLrd DEPARTMENTAL LEDGER AND TALLY BOOK
A2: ewY; lwph@dwV la[;k Price List / Code No. | D2: 5 | E2: feyku i= la[;k Tally Code No. | I2: ;wfuV Unit
A3: oLrq dk fooj.k Description of the Article | D3: Helical Spring (VAEVKN05552-00) | E3: ys[kk dk;kZy; i`"B la[;k Accounts Office File No. | I3: 9225
A4: ekg vkSj rkjh[k Month and Date | B4: izkfIr ;k fuxZe okmpj la[;k vkSj rkjh[k No. and Date of Receiot or issue Voucher | C4: fdlls izkIr gqvk ;k fdls tkjh fd;k From Whom received or to whom issued | D4: izkfIr ;k fuxZe dk mn~ns'; Purpose for which received or issue | E4: izkfIr Receipt | F4: LFkkukarj.k Transfer | G4: fuxZe Issues | H4: 'ks"k Balance | I4: vk|{kj Signature
E5: ux No. Vu Tonnes fd-xzk-Kgs. Ltr. | F5: ux No. Vu Tonnes fd-xzk-Kgs. | G5: ux No. Vu Tonnes fd-xzk-Kgs. | H5: ux No. Vu Tonnes fd-xzk-Kgs.
E6: =SUM(E7:E960) -> 50 | F6: =SUM(F7:F960) -> 0 | G6: =SUM(G7:G960) -> 0 | H6: =SUM(E6-F6-G6) -> 50
A7: 45935 | B7: Challan No. 25-26/8039 dt 03.10.2025 | C7: VAE VKN India PVT LTD. | D7: P-Way work | E7: 50 | F7: 0 | G7: 0 | H7: =SUM(E7-F7-G7) -> 50
H449: =H448-G449-F449+E449 -> 0
H450: =H449-G450-F450+E450 -> 0
H451: =H450-G451-F451+E451 -> 0
H452: =H451-G452-F452+E452 -> 0
H453: =H452-G453-F453+E453 -> 0
H454: =H453-G454-F454+E454 -> 0
H455: =H454-G455-F455+E455 -> 0
H456: =H455-G456-F456+E456 -> 0
H457: =H456-G457-F457+E457 -> 0
H458: =H457-G458-F458+E458 -> 0
H459: =H458-G459-F459+E459 -> 0
H460: =H459-G460-F460+E460 -> 0
... H633: =H632-G633-F633+E633 -> 0
E1048531: 2

Sheet HEX Bolt With Flang
A1: LC | B1: foHkkxh; [kkrk feyku iqLrd DEPARTMENTAL LEDGER AND TALLY BOOK
A2: ewY; lwph@dwV la[;k Price List / Code No. | D2: 5 | E2: feyku i= la[;k Tally Code No. | I2: ;wfuV Unit
A3: oLrq dk fooj.k Description of the Article | D3: HEX Bolt With Flang M16*40 | E3: ys[kk dk;kZy; i`"B la[;k Accounts Office File No. | I3: 9227
A4: ekg vkSj rkjh[k Month and Date | B4: izkfIr ;k fuxZe okmpj la[;k vkSj rkjh[k No. and Date of Receiot or issue Voucher | C4: fdlls izkIr gqvk ;k fdls tkjh fd;k From Whom received or to whom issued | D4: izkfIr ;k fuxZe dk mn~ns'; Purpose for which received or issue | E4: izkfIr Receipt | F4: LFkkukarj.k Transfer | G4: fuxZe Issues | H4: 'ks"k Balance | I4: vk|{kj Signature
E5: ux No. Vu Tonnes fd-xzk-Kgs. Ltr. | F5: ux No. Vu Tonnes fd-xzk-Kgs. | G5: ux No. Vu Tonnes fd-xzk-Kgs. | H5: ux No. Vu Tonnes fd-xzk-Kgs.
E6: =SUM(E7:E960) -> 100 | F6: =SUM(F7:F960) -> 0 | G6: =SUM(G7:G960) -> 0 | H6: =SUM(E6-F6-G6) -> 100
A7: 45935 | B7: Challan No. 25-26/8039 dt 03.10.2025 | C7: VAE VKN India PVT LTD. | D7: P-Way work | E7: 100 | F7: 0 | G7: 0 | H7: =SUM(E7-F7-G7) -> 100
H449: =H448-G449-F449+E449 -> 0
H450: =H449-G450-F450+E450 -> 0
H451: =H450-G451-F451+E451 -> 0
H452: =H451-G452-F452+E452 -> 0
H453: =H452-G453-F453+E453 -> 0
H454: =H453-G454-F454+E454 -> 0
H455: =H454-G455-F455+E455 -> 0
H456: =H455-G456-F456+E456 -> 0
H457: =H456-G457-F457+E457 -> 0
H458: =H457-G458-F458+E458 -> 0
H459: =H458-G459-F459+E459 -> 0
H460: =H459-G460-F460+E460 -> 0
... H633: =H632-G633-F633+E633 -> 0
E1048531: 2

Sheet Key Locking Washer 
A1: LC | B1: foHkkxh; [kkrk feyku iqLrd DEPARTMENTAL LEDGER AND TALLY BOOK
A2: ewY; lwph@dwV la[;k Price List / Code No. | D2: 5 | E2: feyku i= la[;k Tally Code No. | I2: ;wfuV Unit
A3: oLrq dk fooj.k Description of the Article | D3: Key Locking Washer Bonded NL 16-F | E3: ys[kk dk;kZy; i`"B la[;k Accounts Office File No. | I3: 9229
A4: ekg vkSj rkjh[k Month and Date | B4: izkfIr ;k fuxZe okmpj la[;k vkSj rkjh[k No. and Date of Receiot or issue Voucher | C4: fdlls izkIr gqvk ;k fdls tkjh fd;k From Whom received or to whom issued | D4: izkfIr ;k fuxZe dk mn~ns'; Purpose for which received or issue | E4: izkfIr Receipt | F4: LFkkukarj.k Transfer | G4: fuxZe Issues | H4: 'ks"k Balance | I4: vk|{kj Signature
E5: ux No. Vu Tonnes fd-xzk-Kgs. Ltr. | F5: ux No. Vu Tonnes fd-xzk-Kgs. | G5: ux No. Vu Tonnes fd-xzk-Kgs. | H5: ux No. Vu Tonnes fd-xzk-Kgs.
E6: =SUM(E7:E960) -> 100 | F6: =SUM(F7:F960) -> 0 | G6: =SUM(G7:G960) -> 0 | H6: =SUM(E6-F6-G6) -> 100
A7: 45935 | B7: Challan No. 25-26/8039 dt 03.10.2025 | C7: VAE VKN India PVT LTD. | D7: P-Way work | E7: 100 | F7: 0 | G7: 0 | H7: =SUM(E7-F7-G7) -> 100
H449: =H448-G449-F449+E449 -> 0
H450: =H449-G450-F450+E450 -> 0
H451: =H450-G451-F451+E451 -> 0
H452: =H451-G452-F452+E452 -> 0
H453: =H452-G453-F453+E453 -> 0
H454: =H453-G454-F454+E454 -> 0
H455: =H454-G455-F455+E455 -> 0
H456: =H455-G456-F456+E456 -> 0
H457: =H456-G457-F457+E457 -> 0
H458: =H457-G458-F458+E458 -> 0
H459: =H458-G459-F459+E459 -> 0
H460: =H459-G460-F460+E460 -> 0
... H633: =H632-G633-F633+E633 -> 0
E1048531: 2

Sheet Alen Bolt 
A1: LC | B1: foHkkxh; [kkrk feyku iqLrd DEPARTMENTAL LEDGER AND TALLY BOOK
A2: ewY; lwph@dwV la[;k Price List / Code No. | D2: 5 | E2: feyku i= la[;k Tally Code No. | I2: ;wfuV Unit
A3: oLrq dk fooj.k Description of the Article | D3: Alen Bolt M8*25 | E3: ys[kk dk;kZy; i`"B la[;k Accounts Office File No. | I3: 9231
A4: ekg vkSj rkjh[k Month and Date | B4: izkfIr ;k fuxZe okmpj la[;k vkSj rkjh[k No. and Date of Receiot or issue Voucher | C4: fdlls izkIr gqvk ;k fdls tkjh fd;k From Whom received or to whom issued | D4: izkfIr ;k fuxZe dk mn~ns'; Purpose for which received or issue | E4: izkfIr Receipt | F4: LFkkukarj.k Transfer | G4: fuxZe Issues | H4: 'ks"k Balance | I4: vk|{kj Signature
E5: ux No. Vu Tonnes fd-xzk-Kgs. Ltr. | F5: ux No. Vu Tonnes fd-xzk-Kgs. | G5: ux No. Vu Tonnes fd-xzk-Kgs. | H5: ux No. Vu Tonnes fd-xzk-Kgs.
E6: =SUM(E7:E960) -> 1000 | F6: =SUM(F7:F960) -> 0 | G6: =SUM(G7:G960) -> 0 | H6: =SUM(E6-F6-G6) -> 1000
A7: 45935 | B7: Challan No. 25-26/8039 dt 03.10.2025 | C7: VAE VKN India PVT LTD. | D7: P-Way work | E7: 1000 | F7: 0 | G7: 0 | H7: =SUM(E7-F7-G7) -> 1000
H449: =H448-G449-F449+E449 -> 0
H450: =H449-G450-F450+E450 -> 0
H451: =H450-G451-F451+E451 -> 0
H452: =H451-G452-F452+E452 -> 0
H453: =H452-G453-F453+E453 -> 0
H454: =H453-G454-F454+E454 -> 0
H455: =H454-G455-F455+E455 -> 0
H456: =H455-G456-F456+E456 -> 0
H457: =H456-G457-F457+E457 -> 0
H458: =H457-G458-F458+E458 -> 0
H459: =H458-G459-F459+E459 -> 0
H460: =H459-G460-F460+E460 -> 0
... H633: =H632-G633-F633+E633 -> 0
E1048531: 2

Sheet Plate Screw RT-3913
A1: LC | B1: foHkkxh; [kkrk feyku iqLrd DEPARTMENTAL LEDGER AND TALLY BOOK
A2: ewY; lwph@dwV la[;k Price List / Code No. | D2: 5 | E2: feyku i= la[;k Tally Code No. | I2: ;wfuV Unit
A3: oLrq dk fooj.k Description of the Article | D3: Plate Screw RT-3913 | E3: ys[kk dk;kZy; i`"B la[;k Accounts Office File No. | I3: 9233
A4: ekg vkSj rkjh[k Month and Date | B4: izkfIr ;k fuxZe okmpj la[;k vkSj rkjh[k No. and Date of Receiot or issue Voucher | C4: fdlls izkIr gqvk ;k fdls tkjh fd;k From Whom received or to whom issued | D4: izkfIr ;k fuxZe dk mn~ns'; Purpose for which received or issue | E4: izkfIr Receipt | F4: LFkkukarj.k Transfer | G4: fuxZe Issues | H4: 'ks"k Balance | I4: vk|{kj Signature
E5: ux No. Vu Tonnes fd-xzk-Kgs. Ltr. | F5: ux No. Vu Tonnes fd-xzk-Kgs. | G5: ux No. Vu Tonnes fd-xzk-Kgs. | H5: ux No. Vu Tonnes fd-xzk-Kgs.
E6: =SUM(E7:E960) -> 1000 | F6: =SUM(F7:F960) -> 0 | G6: =SUM(G7:G960) -> 0 | H6: =SUM(E6-F6-G6) -> 1000
A7: 45935 | B7: Challan No. 25-26/8039 dt 03.10.2025 | C7: VAE VKN India PVT LTD. | D7: P-Way work | E7: 1000 | F7: 0 | G7: 0 | H7: =SUM(E7-F7-G7) -> 1000
H449: =H448-G449-F449+E449 -> 0
H450: =H449-G450-F450+E450 -> 0
H451: =H450-G451-F451+E451 -> 0
H452: =H451-G452-F452+E452 -> 0
H453: =H452-G453-F453+E453 -> 0
H454: =H453-G454-F454+E454 -> 0
H455: =H454-G455-F455+E455 -> 0
H456: =H455-G456-F456+E456 -> 0
H457: =H456-G457-F457+E457 -> 0
H458: =H457-G458-F458+E458 -> 0
H459: =H458-G459-F459+E459 -> 0
H460: =H459-G460-F460+E460 -> 0
... H633: =H632-G633-F633+E633 -> 0
E1048531: 2

Sheet Single coil Spring washer
A1: LC | B1: foHkkxh; [kkrk feyku iqLrd DEPARTMENTAL LEDGER AND TALLY BOOK
A2: ewY; lwph@dwV la[;k Price List / Code No. | D2: 5 | E2: feyku i= la[;k Tally Code No. | I2: ;wfuV Unit
A3: oLrq dk fooj.k Description of the Article | D3: Single coil Spring washer T-10773 | E3: ys[kk dk;kZy; i`"B la[;k Accounts Office File No. | I3: 9235
A4: ekg vkSj rkjh[k Month and Date | B4: izkfIr ;k fuxZe okmpj la[;k vkSj rkjh[k No. and Date of Receiot or issue Voucher | C4: fdlls izkIr gqvk ;k fdls tkjh fd;k From Whom received or to whom issued | D4: izkfIr ;k fuxZe dk mn~ns'; Purpose for which received or issue | E4: izkfIr Receipt | F4: LFkkukarj.k Transfer | G4: fuxZe Issues | H4: 'ks"k Balance | I4: vk|{kj Signature
E5: ux No. Vu Tonnes fd-xzk-Kgs. Ltr. | F5: ux No. Vu Tonnes fd-xzk-Kgs. | G5: ux No. Vu Tonnes fd-xzk-Kgs. | H5: ux No. Vu Tonnes fd-xzk-Kgs.
E6: =SUM(E7:E960) -> 4000 | F6: =SUM(F7:F960) -> 0 | G6: =SUM(G7:G960) -> 0 | H6: =SUM(E6-F6-G6) -> 4000
A7: 45935 | B7: Challan No. 25-26/8039 dt 03.10.2025 | C7: VAE VKN India PVT LTD. | D7: P-Way work | E7: 4000 | F7: 0 | G7: 0 | H7: =SUM(E7-F7-G7) -> 4000
H449: =H448-G449-F449+E449 -> 0
H450: =H449-G450-F450+E450 -> 0
H451: =H450-G451-F451+E451 -> 0
H452: =H451-G452-F452+E452 -> 0
H453: =H452-G453-F453+E453 -> 0
H454: =H453-G454-F454+E454 -> 0
H455: =H454-G455-F455+E455 -> 0
H456: =H455-G456-F456+E456 -> 0
H457: =H456-G457-F457+E457 -> 0
H458: =H457-G458-F458+E458 -> 0
H459: =H458-G459-F459+E459 -> 0
H460: =H459-G460-F460+E460 -> 0
... H633: =H632-G633-F633+E633 -> 0
E1048531: 2

Sheet  SPL K-Clip (VAEVKN05177)
A1: LC | B1: foHkkxh; [kkrk feyku iqLrd DEPARTMENTAL LEDGER AND TALLY BOOK
A2: ewY; lwph@dwV la[;k Price List / Code No. | D2: 5 | E2: feyku i= la[;k Tally Code No. | I2: ;wfuV Unit
A3: oLrq dk fooj.k Description of the Article | D3: SPL K-Clip (VAEVKN05177) | E3: ys[kk dk;kZy; i`"B la[;k Accounts Office File No. | I3: 9237
A4: ekg vkSj rkjh[k Month and Date | B4: izkfIr ;k fuxZe okmpj la[;k vkSj rkjh[k No. and Date of Receiot or issue Voucher | C4: fdlls izkIr gqvk ;k fdls tkjh fd;k From Whom received or to whom issued | D4: izkfIr ;k fuxZe dk mn~ns'; Purpose for which received or issue | E4: izkfIr Receipt | F4: LFkkukarj.k Transfer | G4: fuxZe Issues | H4: 'ks"k Balance | I4: vk|{kj Signature
E5: ux No. Vu Tonnes fd-xzk-Kgs. Ltr. | F5: ux No. Vu Tonnes fd-xzk-Kgs. | G5: ux No. Vu Tonnes fd-xzk-Kgs. | H5: ux No. Vu Tonnes fd-xzk-Kgs.
E6: =SUM(E7:E960) -> 50 | F6: =SUM(F7:F960) -> 0 | G6: =SUM(G7:G960) -> 0 | H6: =SUM(E6-F6-G6) -> 50
A7: 45935 | B7: Challan No. 25-26/8039 dt 03.10.2025 | C7: VAE VKN India PVT LTD. | D7: P-Way work | E7: 50 | F7: 0 | G7: 0 | H7: =SUM(E7-F7-G7) -> 50
H449: =H448-G449-F449+E449 -> 0
H450: =H449-G450-F450+E450 -> 0
H451: =H450-G451-F451+E451 -> 0
H452: =H451-G452-F452+E452 -> 0
H453: =H452-G453-F453+E453 -> 0
H454: =H453-G454-F454+E454 -> 0
H455: =H454-G455-F455+E455 -> 0
H456: =H455-G456-F456+E456 -> 0
H457: =H456-G457-F457+E457 -> 0
H458: =H457-G458-F458+E458 -> 0
H459: =H458-G459-F459+E459 -> 0
H460: =H459-G460-F460+E460 -> 0
... H633: =H632-G633-F633+E633 -> 0
E1048531: 2

Sheet  SPL K-Clip (VAEVKN05178)
A1: LC | B1: foHkkxh; [kkrk feyku iqLrd DEPARTMENTAL LEDGER AND TALLY BOOK
A2: ewY; lwph@dwV la[;k Price List / Code No. | D2: 5 | E2: feyku i= la[;k Tally Code No. | I2: ;wfuV Unit
A3: oLrq dk fooj.k Description of the Article | D3: SPL K-Clip (VAEVKN05178) | E3: ys[kk dk;kZy; i`"B la[;k Accounts Office File No. | I3: 9239
A4: ekg vkSj rkjh[k Month and Date | B4: izkfIr ;k fuxZe okmpj la[;k vkSj rkjh[k No. and Date of Receiot or issue Voucher | C4: fdlls izkIr gqvk ;k fdls tkjh fd;k From Whom received or to whom issued | D4: izkfIr ;k fuxZe dk mn~ns'; Purpose for which received or issue | E4: izkfIr Receipt | F4: LFkkukarj.k Transfer | G4: fuxZe Issues | H4: 'ks"k Balance | I4: vk|{kj Signature
E5: ux No. Vu Tonnes fd-xzk-Kgs. Ltr. | F5: ux No. Vu Tonnes fd-xzk-Kgs. | G5: ux No. Vu Tonnes fd-xzk-Kgs. | H5: ux No. Vu Tonnes fd-xzk-Kgs.
E6: =SUM(E7:E960) -> 50 | F6: =SUM(F7:F960) -> 0 | G6: =SUM(G7:G960) -> 0 | H6: =SUM(E6-F6-G6) -> 50
A7: 45935 | B7: Challan No. 25-26/8039 dt 03.10.2025 | C7: VAE VKN India PVT LTD. | D7: P-Way work | E7: 50 | F7: 0 | G7: 0 | H7: =SUM(E7-F7-G7) -> 50
H449: =H448-G449-F449+E449 -> 0
H450: =H449-G450-F450+E450 -> 0
H451: =H450-G451-F451+E451 -> 0
H452: =H451-G452-F452+E452 -> 0
H453: =H452-G453-F453+E453 -> 0
H454: =H453-G454-F454+E454 -> 0
H455: =H454-G455-F455+E455 -> 0
H456: =H455-G456-F456+E456 -> 0
H457: =H456-G457-F457+E457 -> 0
H458: =H457-G458-F458+E458 -> 0
H459: =H458-G459-F459+E459 -> 0
H460: =H459-G460-F460+E460 -> 0
... H633: =H632-G633-F633+E633 -> 0
E1048531: 2

Sheet  SPL K-Clip (VAEVKN05179)
A1: LC | B1: foHkkxh; [kkrk feyku iqLrd DEPARTMENTAL LEDGER AND TALLY BOOK
A2: ewY; lwph@dwV la[;k Price List / Code No. | D2: 5 | E2: feyku i= la[;k Tally Code No. | I2: ;wfuV Unit
A3: oLrq dk fooj.k Description of the Article | D3: SPL K-Clip (VAEVKN05179) | E3: ys[kk dk;kZy; i`"B la[;k Accounts Office File No. | I3: 9241
A4: ekg vkSj rkjh[k Month and Date | B4: izkfIr ;k fuxZe okmpj la[;k vkSj rkjh[k No. and Date of Receiot or issue Voucher | C4: fdlls izkIr gqvk ;k fdls tkjh fd;k From Whom received or to whom issued | D4: izkfIr ;k fuxZe dk mn~ns'; Purpose for which received or issue | E4: izkfIr Receipt | F4: LFkkukarj.k Transfer | G4: fuxZe Issues | H4: 'ks"k Balance | I4: vk|{kj Signature
E5: ux No. Vu Tonnes fd-xzk-Kgs. Ltr. | F5: ux No. Vu Tonnes fd-xzk-Kgs. | G5: ux No. Vu Tonnes fd-xzk-Kgs. | H5: ux No. Vu Tonnes fd-xzk-Kgs.
E6: =SUM(E7:E960) -> 50 | F6: =SUM(F7:F960) -> 0 | G6: =SUM(G7:G960) -> 0 | H6: =SUM(E6-F6-G6) -> 50
A7: 45935 | B7: Challan No. 25-26/8039 dt 03.10.2025 | C7: VAE VKN India PVT LTD. | D7: P-Way work | E7: 50 | F7: 0 | G7: 0 | H7: =SUM(E7-F7-G7) -> 50
H449: =H448-G449-F449+E449 -> 0
H450: =H449-G450-F450+E450 -> 0
H451: =H450-G451-F451+E451 -> 0
H452: =H451-G452-F452+E452 -> 0
H453: =H452-G453-F453+E453 -> 0
H454: =H453-G454-F454+E454 -> 0
H455: =H454-G455-F455+E455 -> 0
H456: =H455-G456-F456+E456 -> 0
H457: =H456-G457-F457+E457 -> 0
H458: =H457-G458-F458+E458 -> 0
H459: =H458-G459-F459+E459 -> 0
H460: =H459-G460-F460+E460 -> 0
... H633: =H632-G633-F633+E633 -> 0
E1048531: 2

Sheet  SPL K-Clip (VAEVKN05180)
A1: LC | B1: foHkkxh; [kkrk feyku iqLrd DEPARTMENTAL LEDGER AND TALLY BOOK
A2: ewY; lwph@dwV la[;k Price List / Code No. | D2: 5 | E2: feyku i= la[;k Tally Code No. | I2: ;wfuV Unit
A3: oLrq dk fooj.k Description of the Article | D3: SPL K-Clip (VAEVKN05179) | E3: ys[kk dk;kZy; i`"B la[;k Accounts Office File No. | I3: 9243
A4: ekg vkSj rkjh[k Month and Date | B4: izkfIr ;k fuxZe okmpj la[;k vkSj rkjh[k No. and Date of Receiot or issue Voucher | C4: fdlls izkIr gqvk ;k fdls tkjh fd;k From Whom received or to whom issued | D4: izkfIr ;k fuxZe dk mn~ns'; Purpose for which received or issue | E4: izkfIr Receipt | F4: LFkkukarj.k Transfer | G4: fuxZe Issues | H4: 'ks"k Balance | I4: vk|{kj Signature
E5: ux No. Vu Tonnes fd-xzk-Kgs. Ltr. | F5: ux No. Vu Tonnes fd-xzk-Kgs. | G5: ux No. Vu Tonnes fd-xzk-Kgs. | H5: ux No. Vu Tonnes fd-xzk-Kgs.
E6: =SUM(E7:E960) -> 50 | F6: =SUM(F7:F960) -> 0 | G6: =SUM(G7:G960) -> 0 | H6: =SUM(E6-F6-G6) -> 50
A7: 45935 | B7: Challan No. 25-26/8039 dt 03.10.2025 | C7: VAE VKN India PVT LTD. | D7: P-Way work | E7: 50 | F7: 0 | G7: 0 | H7: =SUM(E7-F7-G7) -> 50
H449: =H448-G449-F449+E449 -> 0
H450: =H449-G450-F450+E450 -> 0
H451: =H450-G451-F451+E451 -> 0
H452: =H451-G452-F452+E452 -> 0
H453: =H452-G453-F453+E453 -> 0
H454: =H453-G454-F454+E454 -> 0
H455: =H454-G455-F455+E455 -> 0
H456: =H455-G456-F456+E456 -> 0
H457: =H456-G457-F457+E457 -> 0
H458: =H457-G458-F458+E458 -> 0
H459: =H458-G459-F459+E459 -> 0
H460: =H459-G460-F460+E460 -> 0
... H633: =H632-G633-F633+E633 -> 0
E1048531: 2
