Workbook

Sheet Index 
A1: f | B1: Dedicated Freight Corridor Corporation of India
A2: Index
A3: Sr.No. | B3: Particular | C3: Page No. | D3: izkfIr Receipt | E3: LFkkukarj.k Transfer | F3: fuxZe Issues | G3: 'ks"k Balance | H3: Remarks | I3: QR
A4: 1 | B4: PUNJI | C4: 3101 | D4: ='3101'!E6 -> 100 | E4: ='3101'!F6 -> 0 | F4: ='3101'!G6 -> 72 | G4: ='3101'!H6 -> 28 | H4: Nos
A5: 2 | B5: Pick Axe | C5: 3104 | D5: ='3104'!E6 -> 50 | E5: ='3104'!F6 -> 0 | F5: ='3104'!G6 -> 25 | G5: ='3104'!H6 -> 25 | H5: Nos
A6: 3 | B6: ALUMINIUM LADDER | C6: 3107 | D6: ='3107'!E6 -> 4 | E6: ='3107'!F6 -> 0 | F6: ='3107'!G6 -> 2 | G6: ='3107'!H6 -> 2 | H6: Nos
A7: 4 | B7: RAIL DISC CUTTER | C7: 3109 | D7: ='3109'!E6 -> 4 | E7: ='3109'!F6 -> 0 | F7: ='3109'!G6 -> 2 | G7: ='3109'!H6 -> 2 | H7: Nos
A8: 5 | B8: Rail Drilling machine | C8: 3114 | D8: ='3114'!E6 -> 4 | E8: ='3114'!F6 -> 0 | F8: ='3114'!G6 -> 2 | G8: ='3114'!H6 -> 2 | H8: Nos
A9: 6 | B9: AT WELDING TRIMMER | C9: 3116 | D9: ='3116'!E6 -> 2 | E9: ='3116'!F6 -> 0 | F9: ='3116'!G6 -> 1 | G9: ='3116'!H6 -> 1 | H9: Nos
A10: 7 | B10: RAIL MEATING BLOWER FOR AT WELD | C10: 3119 | D10: ='3119'!E6 -> 2 | E10: ='3119'!F6 -> 0 | F10: ='3119'!G6 -> 1 | G10: ='3119'!H6 -> 1 | H10: Nos
A11: 8 | B11: THERMIT WELDING TOOL SET | C11: 3122 | D11: ='3122'!E6 -> 4 | E11: ='3122'!F6 -> 0 | F11: ='3122'!G6 -> 1 | G11: ='3122'!H6 -> 3 | H11: Nos
A12: 9 | B12: RAIL PROFILE WELD GRINDER | C12: 3125 | D12: ='3125'!E6 -> 3 | E12: ='3125'!F6 -> 0 | F12: ='3125'!G6 -> 1 | G12: ='3125'!H6 -> 2 | H12: Nos
A13: 10 | B13: TRACK JACK MECHANICAL | C13: 3131 | D13: ='3131'!E6 -> 10 | E13: ='3131'!F6 -> 0 | F13: ='3131'!G6 -> 7 | G13: ='3131'!H6 -> 3 | H13: Nos
A14: 11 | B14: HEXAGONAL BARI FOR TRACK WORIS | C14: 3134 | D14: ='3134'!E6 -> 100 | E14: ='3134'!F6 -> 0 | F14: ='3134'!G6 -> 67 | G14: ='3134'!H6 -> 33 | H14: Nos
A15: 12 | B15: FISH BULT SPANNER | C15: 3138 | D15: ='3138'!E6 -> 100 | E15: ='3138'!F6 -> 0 | F15: ='3138'!G6 -> 60 | G15: ='3138'!H6 -> 40 | H15: Nos
A16: 13 | B16: Keying Hammer | C16: 3142 | D16: ='3142'!E6 -> 100 | E16: ='3142'!F6 -> 0 | F16: ='3142'!G6 -> 65 | G16: ='3142'!H6 -> 35 | H16: Nos
A17: 14 | B17: P-WAY INSPECTION TROLLY | C17: 3145 | D17: ='3145'!E6 -> 5 | E17: ='3145'!F6 -> 0 | F17: ='3145'!G6 -> 5 | G17: ='3145'!H6 -> 0 | H17: Nos
A18: 15 | B18: MAGNIFYING GLASS 100 MM | C18: 3147 | D18: ='3147'!E6 -> 50 | E18: ='3147'!F6 -> 0 | F18: ='3147'!G6 -> 25 | G18: ='3147'!H6 -> 25 | H18: Nos
A19: 16 | B19: PLATE SCREW TUBULAR SPANNER | C19: 3150 | D19: ='3150'!E6 -> 20 | E19: ='3150'!F6 -> 0 | F19: ='3150'!G6 -> 10 | G19: ='3150'!H6 -> 10 | H19: Nos
A20: 17 | B20: POWRAM SPADE | C20: 3153 | D20: ='3153'!E6 -> 50 | E20: ='3153'!F6 -> 0 | F20: ='3153'!G6 -> 25 | G20: ='3153'!H6 -> 25 | H20: Nos
A21: 18 | B21: PAN MORTAR | C21: 3156 | D21: ='3156'!E6 -> 100 | E21: ='3156'!F6 -> 0 | F21: ='3156'!G6 -> 60 | G21: ='3156'!H6 -> 40 | H21: Nos
A22: 19 | B22: GREASE GUN | C22: 3159 | D22: ='3159'!E6 -> 14 | E22: ='3159'!F6 -> 0 | F22: ='3159'!G6 -> 7 | G22: ='3159'!H6 -> 7 | H22: Nos
A23: 20 | B23: CONTINUAU RAL THERMOMETER(CRT) | C23: 3160 | D23: ='3160'!E6 -> 1 | E23: ='3160'!F6 -> 0 | F23: ='3160'!G6 -> 1 | G23: ='3160'!H6 -> 0 | H23: Nos
A24: 21 | B24: Rail Clip Applicator | C24: 3161 | D24: ='3161'!E6 -> 40 | E24: ='3161'!F6 -> 0 | F24: ='3161'!G6 -> 20 | G24: ='3161'!H6 -> 20 | H24: Nos
A25: 22 | B25: Chambering Kit | C25: 3162 | D25: ='3162'!E6 -> 5 | E25: ='3162'!F6 -> 0 | F25: ='3162'!G6 -> 2 | G25: ='3162'!H6 -> 3 | H25: Nos
A26: 23 | B26: Insulated Rail dolly | C26: 3163 | D26: ='3163'!E6 -> 10 | E26: ='3163'!F6 -> 0 | F26: ='3163'!G6 -> 4 | G26: ='3163'!H6 -> 6 | H26: Nos
A27: 24 | B27: Rail Tong | C27: 3164 | D27: ='3164'!E6 -> 20 | E27: ='3164'!F6 -> 0 | F27: ='3164'!G6 -> 10 | G27: ='3164'!H6 -> 10 | H27: Nos
A28: 25 | B28: PRC SLEEPER CAHIN | C28: 3165 | D28: ='3165'!E6 -> 10 | E28: ='3165'!F6 -> 0 | F28: ='3165'!G6 -> 4 | G28: ='3165'!H6 -> 6 | H28: Nos
A29: 26 | B29: MATERIAL TROLLEY | C29: 3168 | D29: ='3168'!E6 -> 2 | E29: ='3168'!F6 -> 0 | F29: ='3168'!G6 -> 1 | G29: ='3168'!H6 -> 1 | H29: Nos
A30: 27 | B30: DIP LORRY | C30: 3169 | D30: ='3169'!E6 -> 10 | E30: ='3169'!F6 -> 0 | F30: ='3169'!G6 -> 4 | G30: ='3169'!H6 -> 6 | H30: Nos
A31: 28 | B31: wire Basket | C31: 3170 | D31: ='3170'!E6 -> 50 | E31: ='3170'!F6 -> 0 | F31: ='3170'!G6 -> 29 | G31: ='3170'!H6 -> 21 | H31: Nos
A32: 29 | B32: Rake Ballast | C32: 3172 | D32: ='3172'!E6 -> 50 | E32: ='3172'!F6 -> 0 | F32: ='3170'!G6 -> 29 | G32: ='3172'!H6 -> 25 | H32: Nos
A33: 30 | B33: Chain Saw | C33: 3174 | D33: ='3174'!E6 -> 5 | E33: ='3174'!F6 -> 0 | F33: ='3174'!G6 -> 2 | G33: ='3174'!H6 -> 3 | H33: Nos
A34: 31 | B34: Bush Cutter (MC) | C34: 3175 | D34: ='3175'!E6 -> 5 | E34: ='3175'!F6 -> 0 | F34: ='3175'!G6 -> 3 | G34: ='3175'!H6 -> 2 | H34: Nos
A35: 32 | B35: Digital Toe Load Machine | C35: 3177 | D35: ='3177'!E6 -> 2 | E35: ='3177'!F6 -> 0 | F35: ='3177'!G6 -> 0 | G35: ='3177'!H6 -> 2 | H35: Nos
A36: 33 | B36: Safety Belt | C36: 3179 | D36: ='3179'!E6 -> 2 | E36: ='3179'!F6 -> 0 | F36: ='3179'!G6 -> 1 | G36: ='3179'!H6 -> 1 | H36: Nos
A37: 34 | B37: Emergency Lighting (Aska Light) | C37: 3180 | D37: ='3180'!E6 -> 2 | E37: ='3180'!F6 -> 0 | F37: ='3180'!G6 -> 0 | G37: ='3180'!H6 -> 2 | H37: Nos
A38: 35 | B38: Caution Board | C38: 3181 | D38: ='3181'!E6 -> 10 | E38: ='3181'!F6 -> 0 | F38: ='3181'!G6 -> 7 | G38: ='3181'!H6 -> 3 | H38: Nos
A39: 36 | B39: TG Board | C39: 3183 | D39: ='3183'!E6 -> 10 | E39: ='3183'!F6 -> 0 | F39: ='3183'!G6 -> 7 | G39: ='3183'!H6 -> 3 | H39: Nos
A40: 37 | B40: Speed Indicator 10kmph | C40: 3185 | D40: ='3185'!E6 -> 5 | E40: ='3185'!F6 -> 0 | F40: ='3185'!G6 -> 3 | G40: ='3185'!H6 -> 2 | H40: Nos
A41: 38 | B41: Speed Indicator 20kmph | C41: 3186 | D41: ='3186'!E6 -> 10 | E41: ='3186'!F6 -> 0 | F41: ='3186'!G6 -> 7 | G41: ='3186'!H6 -> 3 | H41: Nos
A42: 39 | B42: Speed Indicator 30kmph | C42: 3187 | D42: ='3187'!E6 -> 25 | E42: ='3187'!F6 -> 0 | F42: ='3187'!G6 -> 14 | G42: ='3187'!H6 -> 11 | H42: Nos
A43: 40 | B43: Speed Indicator 45kmph | C43: 3188 | D43: ='3188'!E6 -> 10 | E43: ='3188'!F6 -> 0 | F43: ='3188'!G6 -> 7 | G43: ='3188'!H6 -> 3 | H43: Nos
A44: 41 | B44: Speed Indicator 75kmph | C44: 3189 | D44: ='3189'!E6 -> 10 | E44: ='3189'!F6 -> 0 | F44: ='3189'!G6 -> 7 | G44: ='3189'!H6 -> 3 | H44: Nos
A45: 42 | B45: DC Generater | C45: 3190 | D45: ='3190'!E6 -> 1 | E45: ='3190'!F6 -> 0 | F45: ='3190'!G6 -> 0 | G45: ='3190'!H6 -> 1 | H45: Nos
A46: 43 | B46: Air Coolers | C46: 3191 | D46: ='3191'!E6 -> 4 | E46: =-'3191'!F6 -> 0 | F46: ='3191'!G6 -> 0 | G46: ='3191'!H6 -> 4 | H46: Nos
A47: 44 | B47: W Board | C47: 3194 | D47: ='3194'!E6 -> 62 | E47: ='3194'!F6 -> 17 | F47: ='3194'!G6 -> 28 | G47: ='3194'!H6 -> 17 | H47: Nos
A48: 45 | B48: All In One Computer (HD) | C48: 3198 | D48: ='3198'!E6 -> 4 | E48: ='3198'!F6 -> 0 | F48: ='3198'!G6 -> 1 | G48: ='3198'!H6 -> 3 | H48: Nos
A49: 46 | B49: Tent | C49: 3201 | D49: ='3201'!E6 -> 4 | E49: ='3201'!F6 -> 0 | F49: ='3201'!G6 -> 2 | G49: ='3201'!H6 -> 2 | H49: Nos
A50: 47 | B50: Chair | C50: 3204 | D50: ='3204'!E6 -> 20 | E50: ='3204'!F6 -> 0 | F50: ='3204'!G6 -> 14 | G50: ='3204'!H6 -> 6 | H50: Nos
A51: 48 | B51: Table | C51: 3207 | D51: ='3207'!E6 -> 4 | E51: ='3207'!F6 -> 0 | F51: ='3207'!G6 -> 2 | G51: ='3207'!H6 -> 2 | H51: Nos
A52: 49 | B52: Rail Drilling Toll 31.5 | C52: 3219 | D52: ='3219'!E6 -> 20 | E52: ='3219'!F6 -> 0 | F52: ='3219'!G6 -> 10 | G52: ='3219'!H6 -> 10 | H52: Nos
A53: 50 | B53: Rail Drilling Toll 26.5 | C53: 3220 | D53: ='3220'!E6 -> 20 | E53: ='3220'!F6 -> 0 | F53: ='3220'!G6 -> 10 | G53: ='3220'!H6 -> 10 | H53: Nos
A54: 51 | B54: Rail Drilling Toll 18 | C54: 3221 | D54: ='3221'!E6 -> 10 | E54: ='3221'!F6 -> 0 | F54: ='3221'!G6 -> 5 | G54: ='3221'!H6 -> 5 | H54: Nos
A55: 52 | B55: Straight Edge | C55: 3222 | D55: ='3222'!E6 -> 7 | E55: ='3222'!F6 -> 0 | F55: ='3222'!G6 -> 3 | G55: ='3222'!H6 -> 4 | H55: Nos
A56: 53 | B56: Track JACK Hydurlic | C56: 3224 | D56: ='3224'!E6 -> 20 | E56: ='3224'!F6 -> 0 | F56: ='3224'!G6 -> 10 | G56: ='3224'!H6 -> 10 | H56: Nos
A57: 54 | B57: Rail Thermometer | C57: 3226 | D57: ='3226'!E6 -> 10 | E57: ='3226'!F6 -> 0 | F57: ='3226'!G6 -> 5 | G57: ='3226'!H6 -> 5 | H57: Nos
A58: 55 | B58: PWI KIT | C58: 3228 | D58: ='3228'!E6 -> 7 | E58: ='3228'!F6 -> 0 | F58: ='3228'!G6 -> 3 | G58: ='3228'!H6 -> 4 | H58: Nos
A59: 56 | B59: Versine KIT | C59: 3231 | D59: ='3231'!E6 -> 5 | E59: ='3231'!F6 -> 0 | F59: ='3231'!G6 -> 2 | G59: ='3231'!H6 -> 3 | H59: Nos
A60: 57 | B60: Track Gauge Cum LeVEL | C60: 3233 | D60: ='3233'!E6 -> 20 | E60: ='3233'!F6 -> 0 | F60: ='3233'!G6 -> 12 | G60: ='3233'!H6 -> 8 | H60: Nos
A61: 58 | B61: ACD Male | C61: 3235 | D61: ='3235'!E6 -> 122 | E61: ='3235'!F6 -> 0 | F61: ='3235'!G6 -> 75 | G61: ='3235'!H6 -> 47 | H61: Nos
A62: 59 | B62: ACD Female | C62: 3237 | D62: ='3237'!E6 -> 82 | E62: ='3237'!F6 -> 0 | F62: ='3237'!G6 -> 50 | G62: ='3237'!H6 -> 32 | H62: Nos
A63: 60 | B63: Electric ARC WELDING M/C | C63: 3239 | D63: ='3239'!E6 -> 2 | E63: ='3239'!F6 -> 0 | F63: ='3239'!G6 -> 1 | G63: ='3239'!H6 -> 1 | H63: Nos
A64: 61 | B64: Safety Chain With Lock | C64: 3243 | D64: ='3243'!E6 -> 140 | E64: ='3243'!F6 -> 0 | F64: ='3243'!G6 -> 105 | G64: ='3243'!H6 -> 35 | H64: Nos
A65: 62 | B65: Number Plate | C65: 3251 | D65: ='3251'!E6 -> 100 | E65: ='3251'!F6 -> 0 | F65: ='3251'!G6 -> 50 | G65: ='3251'!H6 -> 50 | H65: Nos
A66: 63 | B66: Measuring Tape 30mtr. | C66: 3255 | D66: ='3255'!E6 -> 10 | E66: ='3255'!F6 -> 0 | F66: ='3255'!G6 -> 5 | G66: ='3255'!H6 -> 5 | H66: Nos
A67: 64 | B67: Measuring Tape 5mtr. | C67: 3256 | D67: ='3256'!E6 -> 20 | E67: ='3256'!F6 -> 0 | F67: ='3256'!G6 -> 10 | G67: ='3256'!H6 -> 10 | H67: Nos
A68: 65 | B68: Steel Section Cutting Equipment | C68: 3257 | D68: ='3257'!E6 -> 2 | E68: ='3257'!F6 -> 0 | F68: ='3257'!G6 -> 1 | G68: ='3257'!H6 -> 1 | H68: Nos
A69: 66 | B69: Adjustable Spanner | C69: 3258 | D69: ='3258'!E6 -> 20 | E69: ='3258'!F6 -> 0 | F69: ='3258'!G6 -> 10 | G69: ='3258'!H6 -> 10 | H69: Nos
A70: 67 | B70: Whistle | C70: 3259 | D70: ='3259'!E6 -> 50 | E70: ='3259'!F6 -> 0 | F70: ='3259'!G6 -> 48 | G70: ='3259'!H6 -> 2 | H70: Nos
A71: 68 | B71: Small Testing hammer | C71: 3261 | D71: ='3261'!E6 -> 5 | E71: ='3261'!F6 -> 0 | F71: ='3261'!G6 -> 2 | G71: ='3261'!H6 -> 3 | H71: Nos
A72: 69 | B72: Chipping Hammer | C72: 3263 | D72: ='3263'!E6 -> 5 | E72: ='3263'!F6 -> 0 | F72: ='3263'!G6 -> 2 | G72: ='3263'!H6 -> 3 | H72: Nos
A73: 70 | B73: Elcometer | C73: 3265 | D73: ='3265'!E6 -> 2 | E73: ='3265'!F6 -> 0 | F73: ='3265'!G6 -> 1 | G73: ='3265'!H6 -> 1 | H73: Nos
A74: 71 | B74: Measuring Tape | C74: 3266 | D74: ='3266'!E6 -> 1 | E74: ='3266'!F6 -> 0 | F74: ='3266'!G6 -> 0 | G74: ='3266'!H6 -> 1 | H74: Nos
A75: 72 | B75: Calliper Set (inside + outside) | C75: 3267 | D75: ='3267'!E6 -> 5 | E75: ='3267'!F6 -> 0 | F75: ='3267'!G6 -> 2 | G75: ='3267'!H6 -> 3 | H75: Nos
A76: 73 | B76: Feeler Gauge | C76: 3268 | D76: ='3268'!E6 -> 5 | E76: ='3268'!F6 -> 0 | F76: ='3268'!G6 -> 2 | G76: ='3268'!H6 -> 3 | H76: Nos
A77: 74 | B77: Plumb BOB | C77: 3271 | D77: ='3271'!E6 -> 2 | E77: ='3271'!F6 -> 0 | F77: ='3271'!G6 -> 0 | G77: ='3271'!H6 -> 2 | H77: Nos
A78: 75 | B78: Auto Level | C78: 3272 | D78: ='3272'!E6 -> 2 | E78: ='3272'!F6 -> 0 | F78: ='3272'!G6 -> 1 | G78: ='3272'!H6 -> 1 | H78: Nos
A79: 76 | B79: Point Clamp with lock | C79: 3274 | D79: ='3274'!E6 -> 120 | E79: ='3274'!F6 -> 0 | F79: ='3274'!G6 -> 120 | G79: ='3274'!H6 -> 0 | H79: Nos
A80: 77 | B80: Chair Vistor | C80: 3276 | D80: ='3276'!E6 -> 2 | E80: ='3276'!F6 -> 0 | F80: ='3276'!G6 -> 0 | G80: ='3276'!H6 -> 2 | H80: Nos
A81: 78 | B81: First ADD BOX | C81: 3278 | D81: ='3278'!E6 -> 12 | E81: ='3278'!F6 -> 0 | F81: ='3278'!G6 -> 12 | G81: ='3278'!H6 -> 0 | H81: Nos
A82: 79 | B82: Fire Extinguisher | C82: 3280 | D82: ='3280'!E6 -> 24 | E82: ='3280'!F6 -> 0 | F82: ='3280'!G6 -> 24 | G82: ='3280'!H6 -> 0 | H82: Nos
A83: 80 | B83: Fire Bucket With Stand | C83: 3282 | D83: ='3282'!E6 -> 12 | E83: ='3282'!F6 -> 0 | F83: ='3282'!G6 -> 12 | G83: ='3282'!H6 -> 0 | H83: Nos
A84: 81 | B84: Emergency Medical Hand Stretcher | C84: 3283 | D84: ='3283'!E6 -> 6 | E84: ='3283'!F6 -> 0 | F84: ='3283'!G6 -> 6 | G84: ='3283'!H6 -> 0 | H84: Nos
A85: 82 | B85: Wooden Skids | C85: 3284 | D85: ='3284'!E6 -> 100 | E85: ='3284'!F6 -> 0 | F85: ='3284'!G6 -> 100 | G85: ='3284'!H6 -> 0 | H85: Nos
A86: 83 | B86: Safety helmate with troach | C86: 3294 | D86: ='3294'!E6 -> 100 | E86: ='3294'!F6 -> 50 | F86: ='3294'!G6 -> 50 | G86: ='3294'!H6 -> 0 | H86: Nos
A87: 84 | B87: Electronic Track and Turnout Gauge | C87: 3296 | D87: ='3296'!E6 -> 2 | E87: ='3296'!F6 -> 0 | F87: ='3296'!G6 -> 1 | G87: ='3296'!H6 -> 1 | H87: Nos
A88: 85 | B88: Hydraulic Jack 100mm lift 100 ton cap with out handle | C88: 3298 | D88: ='3298'!E6 -> 1 | E88: ='3298'!F6 -> 0 | F88: ='3298'!G6 -> 0 | G88: ='3298'!H6 -> 1 | H88: Nos
A89: 86 | B89: Torque Wrench with Sockets | C89: 3299 | D89: ='3299'!E6 -> 1 | E89: ='3299'!F6 -> 0 | F89: ='3299'!G6 -> 0 | G89: ='3299'!H6 -> 1 | H89: Nos
A90: 87 | B90: Gease Nipple | C90: 3300 | D90: ='3300'!E6 -> 3000 | E90: ='3300'!F6 -> 0 | F90: ='3300'!G6 -> 0 | G90: ='3300'!H6 -> 3000 | H90: Nos

Sheet 3101
B1: foHkkxh; [kkrk feyku iqLrd DEPARTMENTAL LEDGER AND TALLY BOOK
A2: ewY; lwph@dwV la[;k Price List / Code No. | D2: 1 | E2: feyku i= la[;k Tally Code No. | H2: 1 | I2: ;wfuV Unit | J2: 1
A3: oLrq dk fooj.k Description of the Article | D3: PUNJI | E3: ys[kk dk;kZy; i`"B la[;k Accounts Office File No. | I3: 3101
A4: ekg vkSj rkjh[k Month and Date | B4: izkfIr ;k fuxZe okmpj la[;k vkSj rkjh[k No. and Date of Receiot or issue Voucher | C4: fdlls izkIr gqvk ;k fdls tkjh fd;k From Whom received or to whom issued | D4: izkfIr ;k fuxZe dk mn~ns'; Purpose for which received or issue | E4: izkfIr Receipt | F4: LFkkukarj.k Transfer | G4: fuxZe Issues | H4: 'ks"k Balance | I4: 3
E5: ux No. Vu Tonnes fd-xzk-Kgs. | F5: ux No. Vu Tonnes fd-xzk-Kgs. | G5: ux No. Vu Tonnes fd-xzk-Kgs. | H5: ux No. Vu Tonnes fd-xzk-Kgs.
E6: =SUM(E7:E1000) -> 100 | F6: =SUM(F7:F1000) -> 0 | G6: =SUM(G7:G1000) -> 72 | H6: =+E6-F6-G6 -> 28
A7: 45601 | B7: 183 Dated 10.5.2024 | C7: M.S Trades & Eng | D7: For Truck maint. Work | E7: 100 | F7: 0 | G7: 0 | H7: =SUM(E7:G7) -> 100
A8: 16/05/2024 | B8: 183 Dated 10.5.2024 M.S Trades & engg | C8: Abhishek Sharma Executive/CIVILl/ JUDN | D8: For Truck maint. Work | E8: 0 | F8: 0 | G8: 50 | H8: =H7+E8-F8-G8 -> 50
A9: 20/11/2024 | B9: GP/1178/DFC/ Ambala dated 20.11.2024 | C9: Umesh kumar Exel OP&BD/ SMUN | D9: For Truck maint. Work | E9: 0 | F9: 0 | G9: 12 | H9: =H8+E9-F9-G9 -> 38
A10: 30/01/2025 | B10: GP//DFC/ Ambala 1192 dated 20.11.2024 | C10: Surendra kumar Sr. Exec/civ/KNNN | D10: For P- way maint. Work | E10: 0 | F10: 0 | G10: 10 | H10: =H9+E10-F10-G10 -> 28
E11: 0 | F11: 0 | G11: 0 | H11: 0
E12: 0 | F12: 0 | G12: 0 | H12: 0
E13: 0 | F13: 0 | G13: 0 | H13: 0
E14: 0 | F14: 0 | G14: 0 | H14: 0
E15: 0 | F15: 0 | G15: 0 | H15: 0
E16: 0 | F16: 0 | G16: 0 | H16: 0
E17: 0 | F17: 0 | G17: 0 | H17: 0
E18: 0 | F18: 0 | G18: 0 | H18: 0
E19: 0 | F19: 0 | G19: 0 | H19: 0
E20: 0 | F20: 0 | G20: 0 | H20: 0
E21: 0 | F21: 0 | G21: 0 | H21: 0
E22: 0 | F22: 0 | G22: 0 | H22: 0
E23: 0 | F23: 0 | G23: 0 | H23: 0

Sheet 3104
B1: foHkkxh; [kkrk feyku iqLrd DEPARTMENTAL LEDGER AND TALLY BOOK
A2: ewY; lwph@dwV la[;k Price List / Code No. | D2: 2 | E2: feyku i= la[;k Tally Code No. | H2: 1 | I2: ;wfuV Unit | J2: 3
A3: oLrq dk fooj.k Description of the Article | D3: PUNJI | E3: ys[kk dk;kZy; i`"B la[;k Accounts Office File No. | I3: 3104
A4: ekg vkSj rkjh[k Month and Date | B4: izkfIr ;k fuxZe okmpj la[;k vkSj rkjh[k No. and Date of Receiot or issue Voucher | C4: fdlls izkIr gqvk ;k fdls tkjh fd;k From Whom received or to whom issued | D4: izkfIr ;k fuxZe dk mn~ns'; Purpose for which received or issue | E4: izkfIr Receipt | F4: LFkkukarj.k Transfer | G4: fuxZe Issues | H4: 'ks"k Balance | I4: 3
E5: ux No. Vu Tonnes fd-xzk-Kgs. | F5: ux No. Vu Tonnes fd-xzk-Kgs. | G5: ux No. Vu Tonnes fd-xzk-Kgs. | H5: ux No. Vu Tonnes fd-xzk-Kgs.
E6: =SUM(E7:E1000) -> 50 | F6: =SUM(F7:F1000) -> 0 | G6: =SUM(G7:G1000) -> 25 | H6: =+E6-F6-G6 -> 25
A7: 45601 | B7: 183 Dated 10.5.2024 | C7: M.S Trades & Eng | D7: For Truck maint. Work | E7: 50 | F7: 0 | G7: 0 | H7: =E7-F7-G7 -> 50
A8: 16/05/2024 | B8: 183 Dated 10.5.2024 M.S Trades & engg | C8: Abhishek Sharma Executive/CIVILl/ JUDN | D8: For Truck maint. Work | E8: 0 | F8: 0 | G8: 25 | H8: =H7+E8-F8-G8 -> 25
E9: 0 | F9: 0 | G9: 0 | H9: 0
E10: 0 | F10: 0 | G10: 0 | H10: =H9+E10-F10-G10 -> 0
E11: 0 | F11: 0 | G11: 0 | H11: =H10+E11-F11-G11 -> 0
E12: 0 | F12: 0 | G12: 0 | H12: =H11+E12-F12-G12 -> 0
E13: 0 | F13: 0 | G13: 0 | H13: =H12+E13-F13-G13 -> 0
E14: 0 | F14: 0 | G14: 0 | H14: =H13+E14-F14-G14 -> 0
E15: 0 | F15: 0 | G15: 0 | H15: =H14+E15-F15-G15 -> 0
E16: 0 | F16: 0 | G16: 0 | H16: =H15+E16-F16-G16 -> 0
E17: 0 | F17: 0 | G17: 0 | H17: =H16+E17-F17-G17 -> 0
E18: 0 | F18: 0 | G18: 0 | H18: =H17+E18-F18-G18 -> 0
E19: 0 | F19: 0 | G19: 0 | H19: =H18+E19-F19-G19 -> 0
E20: 0 | F20: 0 | G20: 0 | H20: =H19+E20-F20-G20 -> 0
E21: 0 | F21: 0 | G21: 0 | H21: =H20+E21-F21-G21 -> 0
E22: 0 | F22: 0 | G22: 0 | H22: =H21+E22-F22-G22 -> 0
G23: 0 | H23: =H22+E23-F23-G23 -> 0

Sheet 3107
B1: foHkkxh; [kkrk feyku iqLrd DEPARTMENTAL LEDGER AND TALLY BOOK
A2: ewY; lwph@dwV la[;k Price List / Code No. | D2: 3 | E2: feyku i= la[;k Tally Code No. | H2: 1 | I2: ;wfuV Unit | J2: 3
A3: oLrq dk fooj.k Description of the Article | D3: ALUMINIUM LADDER | E3: ys[kk dk;kZy; i`"B la[;k Accounts Office File No. | I3: 3107
A4: ekg vkSj rkjh[k Month and Date | B4: izkfIr ;k fuxZe okmpj la[;k vkSj rkjh[k No. and Date of Receiot or issue Voucher | C4: fdlls izkIr gqvk ;k fdls tkjh fd;k From Whom received or to whom issued | D4: izkfIr ;k fuxZe dk mn~ns'; Purpose for which received or issue | E4: izkfIr Receipt | F4: LFkkukarj.k Transfer | G4: fuxZe Issues | H4: 'ks"k Balance | I4: 3
E5: ux No. Vu Tonnes fd-xzk-Kgs. | F5: ux No. Vu Tonnes fd-xzk-Kgs. | G5: ux No. Vu Tonnes fd-xzk-Kgs. | H5: ux No. Vu Tonnes fd-xzk-Kgs.
E6: =SUM(E7:E1000) -> 4 | F6: =SUM(F7:F1000) -> 0 | G6: =SUM(G7:G1000) -> 2 | H6: =+E6-F6-G6 -> 2
A7: 45601 | B7: 183 Dated 10.5.2024 | C7: M.S Trades & Eng | D7: Track Related works | E7: 4 | F7: 0 | G7: 0 | H7: =SUM(E7:G7) -> 4
A8: 16/05/2024 | B8: 183 Dated 10.5.2024 M.S Trades & engg | C8: Abhishek Sharma Executive/CIVILl/ JUDN | D8: Track Related works | E8: 0 | F8: 0 | G8: 2 | H8: =SUM(E8:G8) -> 2

Sheet 3109
B1: foHkkxh; [kkrk feyku iqLrd DEPARTMENTAL LEDGER AND TALLY BOOK
A2: ewY; lwph@dwV la[;k Price List / Code No. | D2: 4 | E2: feyku i= la[;k Tally Code No. | H2: 1 | I2: ;wfuV Unit | J2: 3
A3: oLrq dk fooj.k Description of the Article | D3: RAIL DISC CUTTER | E3: ys[kk dk;kZy; i`"B la[;k Accounts Office File No. | I3: 3109
A4: ekg vkSj rkjh[k Month and Date | B4: izkfIr ;k fuxZe okmpj la[;k vkSj rkjh[k No. and Date of Receiot or issue Voucher | C4: fdlls izkIr gqvk ;k fdls tkjh fd;k From Whom received or to whom issued | D4: izkfIr ;k fuxZe dk mn~ns'; Purpose for which received or issue | E4: izkfIr Receipt | F4: LFkkukarj.k Transfer | G4: fuxZe Issues | H4: 'ks"k Balance | I4: 3
E5: ux No. Vu Tonnes fd-xzk-Kgs. | F5: ux No. Vu Tonnes fd-xzk-Kgs. | G5: ux No. Vu Tonnes fd-xzk-Kgs. | H5: ux No. Vu Tonnes fd-xzk-Kgs.
E6: =SUM(E7:E1000) -> 4 | F6: =SUM(F7:F1000) -> 0 | G6: =SUM(G7:G1000) -> 2 | H6: =+E6-F6-G6 -> 2
A7: 45601 | B7: 183 Dated 10.5.2024 | C7: M.S Trades & Eng | D7: Track Related works | E7: 4 | F7: 0 | G7: 0 | H7: =SUM(E7:G7) -> 4
A8: 16/05/2024 | B8: 183 Dated 10.5.2024 M.S Trades & engg | C8: Abhishek Sharma Executive/CIVILl/ JUDN | D8: Track Related works | E8: 0 | F8: 0 | G8: 2 | H8: =SUM(E8:G8) -> 2

Sheet 3114
B1: foHkkxh; [kkrk feyku iqLrd DEPARTMENTAL LEDGER AND TALLY BOOK
A2: ewY; lwph@dwV la[;k Price List / Code No. | D2: 6 | E2: feyku i= la[;k Tally Code No. | H2: 1 | I2: ;wfuV Unit | J2: 3
A3: oLrq dk fooj.k Description of the Article | D3: Rail Drilling machine | E3: ys[kk dk;kZy; i`"B la[;k Accounts Office File No. | I3: 3114
A4: ekg vkSj rkjh[k Month and Date | B4: izkfIr ;k fuxZe okmpj la[;k vkSj rkjh[k No. and Date of Receiot or issue Voucher | C4: fdlls izkIr gqvk ;k fdls tkjh fd;k From Whom received or to whom issued | D4: izkfIr ;k fuxZe dk mn~ns'; Purpose for which received or issue | E4: izkfIr Receipt | F4: LFkkukarj.k Transfer | G4: fuxZe Issues | H4: 'ks"k Balance | I4: 3
E5: ux No. Vu Tonnes fd-xzk-Kgs. | F5: ux No. Vu Tonnes fd-xzk-Kgs. | G5: ux No. Vu Tonnes fd-xzk-Kgs. | H5: ux No. Vu Tonnes fd-xzk-Kgs.
E6: =SUM(E7:E1000) -> 4 | F6: =SUM(F7:F1000) -> 0 | G6: =SUM(G7:G1000) -> 2 | H6: =+E6-F6-G6 -> 2
A7: 45601 | B7: 183 Dated 10.5.2024 | C7: M.S Trades & Eng | D7: Track Related works | E7: 4 | F7: 0 | G7: 0 | H7: =SUM(E7:G7) -> 4
A8: 16/05/2024 | B8: 183 Dated 10.5.2024 M.S Trades & engg | C8: Abhishek Sharma Executive/CIVILl/ JUDN | D8: Track Related works | E8: 0 | F8: 0 | G8: 2 | H8: =SUM(E8:G8) -> 2

Sheet 3116
B1: foHkkxh; [kkrk feyku iqLrd DEPARTMENTAL LEDGER AND TALLY BOOK
A2: ewY; lwph@dwV la[;k Price List / Code No. | D2: 7 | E2: feyku i= la[;k Tally Code No. | H2: 1 | I2: ;wfuV Unit | J2: 3
A3: oLrq dk fooj.k Description of the Article | D3: AT WELDING TRIMMER | E3: ys[kk dk;kZy; i`"B la[;k Accounts Office File No. | I3: 3116
A4: ekg vkSj rkjh[k Month and Date | B4: izkfIr ;k fuxZe okmpj la[;k vkSj rkjh[k No. and Date of Receiot or issue Voucher | C4: fdlls izkIr gqvk ;k fdls tkjh fd;k From Whom received or to whom issued | D4: izkfIr ;k fuxZe dk mn~ns'; Purpose for which received or issue | E4: izkfIr Receipt | F4: LFkkukarj.k Transfer | G4: fuxZe Issues | H4: 'ks"k Balance | I4: 3
E5: ux No. Vu Tonnes fd-xzk-Kgs. | F5: ux No. Vu Tonnes fd-xzk-Kgs. | G5: ux No. Vu Tonnes fd-xzk-Kgs. | H5: ux No. Vu Tonnes fd-xzk-Kgs.
E6: =SUM(E7:E1000) -> 2 | F6: =SUM(F7:F1000) -> 0 | G6: =SUM(G7:G1000) -> 1 | H6: =+E6-F6-G6 -> 1
A7: 45601 | B7: 183 Dated 10.5.2024 | C7: M.S Trades & Eng | D7: Track Related works | E7: 2 | F7: 0 | G7: 0 | H7: =SUM(E7:G7) -> 2
A8: 16/05/2024 | B8: 183 Dated 10.5.2024 M.S Trades & engg | C8: Abhishek Sharma Executive/CIVILl/ JUDN | D8: P-WAY | E8: 0 | F8: 0 | G8: 1 | H8: =SUM(E8:G8) -> 1

Sheet 3119
B1: foHkkxh; [kkrk feyku iqLrd DEPARTMENTAL LEDGER AND TALLY BOOK
A2: ewY; lwph@dwV la[;k Price List / Code No. | D2: 8 | E2: feyku i= la[;k Tally Code No. | H2: 1 | I2: ;wfuV Unit | J2: 3
A3: oLrq dk fooj.k Description of the Article | D3: RAIL MEATING BLOWER FOR AT WELD | E3: ys[kk dk;kZy; i`"B la[;k Accounts Office File No. | I3: 3119
A4: ekg vkSj rkjh[k Month and Date | B4: izkfIr ;k fuxZe okmpj la[;k vkSj rkjh[k No. and Date of Receiot or issue Voucher | C4: fdlls izkIr gqvk ;k fdls tkjh fd;k From Whom received or to whom issued | D4: izkfIr ;k fuxZe dk mn~ns'; Purpose for which received or issue | E4: izkfIr Receipt | F4: LFkkukarj.k Transfer | G4: fuxZe Issues | H4: 'ks"k Balance | I4: 3
E5: ux No. Vu Tonnes fd-xzk-Kgs. | F5: ux No. Vu Tonnes fd-xzk-Kgs. | G5: ux No. Vu Tonnes fd-xzk-Kgs. | H5: ux No. Vu Tonnes fd-xzk-Kgs.
E6: =SUM(E7:E1000) -> 2 | F6: =SUM(F7:F1000) -> 0 | G6: =SUM(G7:G1000) -> 1 | H6: =+E6-F6-G6 -> 1
A7: 45601 | B7: 183 Dated 10.5.2024 | C7: M.S Trades & Eng | D7: Track Related works | E7: 2 | F7: 0 | G7: 0 | H7: =SUM(E7:G7) -> 2
A8: 16/05/2024 | B8: 183 Dated 10.5.2024 M.S Trades & engg | C8: Abhishek Sharma Executive/CIVILl/ JUDN | D8: P-Way works | E8: 0 | F8: 0 | G8: 1 | H8: =SUM(E8:G8) -> 1

Sheet 3122
B1: foHkkxh; [kkrk feyku iqLrd DEPARTMENTAL LEDGER AND TALLY BOOK
A2: ewY; lwph@dwV la[;k Price List / Code No. | D2: 9 | E2: feyku i= la[;k Tally Code No. | H2: 1 | I2: ;wfuV Unit | J2: 3
A3: oLrq dk fooj.k Description of the Article | D3: THERMIT WELDING TOOL SET | E3: ys[kk dk;kZy; i`"B la[;k Accounts Office File No. | I3: 3122
A4: ekg vkSj rkjh[k Month and Date | B4: izkfIr ;k fuxZe okmpj la[;k vkSj rkjh[k No. and Date of Receiot or issue Voucher | C4: fdlls izkIr gqvk ;k fdls tkjh fd;k From Whom received or to whom issued | D4: izkfIr ;k fuxZe dk mn~ns'; Purpose for which received or issue | E4: izkfIr Receipt | F4: LFkkukarj.k Transfer | G4: fuxZe Issues | H4: 'ks"k Balance | I4: 3
E5: ux No. Vu Tonnes fd-xzk-Kgs. | F5: ux No. Vu Tonnes fd-xzk-Kgs. | G5: ux No. Vu Tonnes fd-xzk-Kgs. | H5: ux No. Vu Tonnes fd-xzk-Kgs.
E6: =SUM(E7:E1000) -> 4 | F6: =SUM(F7:F1000) -> 0 | G6: =SUM(G7:G1000) -> 1 | H6: =+E6-F6-G6 -> 3
A7: 45601 | B7: 183 Dated 10.5.2024 | C7: M.S Trades & Eng | D7: Track Related works | E7: 2 | F7: 0 | G7: 0 | H7: =SUM(E7:G7) -> 2
A8: 16/05/2024 | B8: 183 Dated 10.5.2024 M.S Trades & engg | C8: Abhishek Sharma Executive/CIVILl/ JUDN | D8: P-Way works | E8: 0 | F8: 0 | G8: 1 | H8: =SUM(E8:G8) -> 1
A9: 30/06/2024 | B9: 0101/24-25 | C9: Chakradhav industries | D9: P-Way works | E9: 2 | F9: 0 | G9: 0 | H9: 3

Sheet 3125
B1: foHkkxh; [kkrk feyku iqLrd DEPARTMENTAL LEDGER AND TALLY BOOK
A2: ewY; lwph@dwV la[;k Price List / Code No. | D2: 10 | E2: feyku i= la[;k Tally Code No. | H2: 1 | I2: ;wfuV Unit | J2: 3
A3: oLrq dk fooj.k Description of the Article | D3: RAIL PROFILE WELD GRINDER | E3: ys[kk dk;kZy; i`"B la[;k Accounts Office File No. | I3: 3125
A4: ekg vkSj rkjh[k Month and Date | B4: izkfIr ;k fuxZe okmpj la[;k vkSj rkjh[k No. and Date of Receiot or issue Voucher | C4: fdlls izkIr gqvk ;k fdls tkjh fd;k From Whom received or to whom issued | D4: izkfIr ;k fuxZe dk mn~ns'; Purpose for which received or issue | E4: izkfIr Receipt | F4: LFkkukarj.k Transfer | G4: fuxZe Issues | H4: 'ks"k Balance | I4: 3
E5: ux No. Vu Tonnes fd-xzk-Kgs. | F5: ux No. Vu Tonnes fd-xzk-Kgs. | G5: ux No. Vu Tonnes fd-xzk-Kgs. | H5: ux No. Vu Tonnes fd-xzk-Kgs.
E6: =SUM(E7:E1000) -> 3 | F6: =SUM(F7:F1000) -> 0 | G6: =SUM(G7:G1000) -> 1 | H6: =+E6-F6-G6 -> 2
A7: 45601 | B7: 183 Dated 10.5.2024 | C7: M.S Trades & Eng | D7: Track Related works | E7: 3 | F7: 0 | G7: 0 | H7: =SUM(E7:G7) -> 3
A8: 16/05/2024 | B8: 183 Dated 10.5.2024 M.S Trades & engg | C8: Abhishek Sharma Executive/CIVILl/ JUDN | D8: P-Way works | E8: 0 | F8: 0 | G8: 1 | H8: 2

Sheet 3131
B1: foHkkxh; [kkrk feyku iqLrd DEPARTMENTAL LEDGER AND TALLY BOOK
A2: ewY; lwph@dwV la[;k Price List / Code No. | D2: 12 | E2: feyku i= la[;k Tally Code No. | H2: 1 | I2: ;wfuV Unit | J2: 3
A3: oLrq dk fooj.k Description of the Article | D3: TRACK JACK MECHANICAL | E3: ys[kk dk;kZy; i`"B la[;k Accounts Office File No. | I3: 3131
A4: ekg vkSj rkjh[k Month and Date | B4: izkfIr ;k fuxZe okmpj la[;k vkSj rkjh[k No. and Date of Receiot or issue Voucher | C4: fdlls izkIr gqvk ;k fdls tkjh fd;k From Whom received or to whom issued | D4: izkfIr ;k fuxZe dk mn~ns'; Purpose for which received or issue | E4: izkfIr Receipt | F4: LFkkukarj.k Transfer | G4: fuxZe Issues | H4: 'ks"k Balance | I4: 3
E5: ux No. Vu Tonnes fd-xzk-Kgs. | F5: ux No. Vu Tonnes fd-xzk-Kgs. | G5: ux No. Vu Tonnes fd-xzk-Kgs. | H5: ux No. Vu Tonnes fd-xzk-Kgs.
E6: =SUM(E7:E1000) -> 10 | F6: =SUM(F7:F1000) -> 0 | G6: =SUM(G7:G1000) -> 7 | H6: =+E6-F6-G6 -> 3
A7: 45601 | B7: 183 Dated 10.5.2024 | C7: M.S Trades & Eng | D7: Track Related works | E7: 10 | F7: 0 | G7: 0 | H7: =SUM(E7:G7) -> 10
A8: 16/05/2024 | B8: 183 Dated 10.5.2024 M.S Trades & engg | C8: Abhishek Sharma Executive/CIVILl/ JUDN | D8: P-Way works | E8: 0 | F8: 0 | G8: 5 | H8: =SUM(E8:G8) -> 5
A9: 21/06/2024 | B9: 183 Dated 10.5.2024 M.S Trades & engg | C9: Sr. Exe/CIVILl/ KNNN Surendera kumar | D9: For use B/W NSIR -SNL Satition | E9: 0 | F9: 0 | G9: 1 | H9: 4
A10: 45687 | B10: GD/DFC/ Ambala sr. no. 1191 dated 30.01.2025 | C10: Surendera kumar Sr. exe/CIVIL/ KNNN | D10: P-Way works | E10: 0 | F10: 0 | G10: 1 | H10: 3

Sheet 3134
B1: foHkkxh; [kkrk feyku iqLrd DEPARTMENTAL LEDGER AND TALLY BOOK
A2: ewY; lwph@dwV la[;k Price List / Code No. | D2: 13 | E2: feyku i= la[;k Tally Code No. | H2: 1 | I2: ;wfuV Unit | J2: 3
A3: oLrq dk fooj.k Description of the Article | D3: HEXAGONAL BARI FOR TRACK WORIS | E3: ys[kk dk;kZy; i`"B la[;k Accounts Office File No. | I3: 3134 | J3: 3030
A4: ekg vkSj rkjh[k Month and Date | B4: izkfIr ;k fuxZe okmpj la[;k vkSj rkjh[k No. and Date of Receiot or issue Voucher | C4: fdlls izkIr gqvk ;k fdls tkjh fd;k From Whom received or to whom issued | D4: izkfIr ;k fuxZe dk mn~ns'; Purpose for which received or issue | E4: izkfIr Receipt | F4: LFkkukarj.k Transfer | G4: fuxZe Issues | H4: 'ks"k Balance | I4: 3
E5: ux No. Vu Tonnes fd-xzk-Kgs. | F5: ux No. Vu Tonnes fd-xzk-Kgs. | G5: ux No. Vu Tonnes fd-xzk-Kgs. | H5: ux No. Vu Tonnes fd-xzk-Kgs.
E6: =SUM(E7:E1000) -> 100 | F6: =SUM(F7:F1000) -> 0 | G6: =SUM(G7:G1000) -> 67 | H6: =+E6-F6-G6 -> 33
A7: 45601 | B7: 183 Dated 10.5.2024 | C7: M.S Trades & Eng | D7: Track Related works | E7: 100 | F7: 0 | G7: 0 | H7: =SUM(E7:G7) -> 100
A8: 16/05/2024 | B8: 183 Dated 10.5.2024 M.S Trades & engg | C8: Abhishek Sharma Executive/CIVILl/ JUDN | D8: P-Way works | E8: 0 | F8: 0 | G8: 50 | H8: =+H7+E8-F8-G8 -> 50
A9: 21/06/2024 | B9: 183 Dated 10.5.2024 M.S Trades & engg | C9: Executive/CIVILl/ KNNN Surendra kumar | D9: P-Way works B/W NSIR-SNL STATION | E9: 0 | F9: 0 | G9: 2 | H9: =+H8+E9-F9-G9 -> 48
A10: 16/08//2024 | B10: GP/DFC/ Ambala Dated : Sr. NO.1217 | C10: Satish Kumar Bhrdwaj Executive/mech/ SMUN | D10: Mech. Department use | E10: 0 | F10: 0 | G10: 2 | H10: =+H9+E10-F10-G10 -> 46
A11: 24/10/2024 | B11: Reaustion Note Dt: 18.10.2024 | C11: M/S goal brother .Rail in pvt. | D11: P-way works | E11: 0 | F11: 0 | G11: 10 | H11: =+H10+E11-F11-G11 -> 36
A12: 30/01/2025 | B12: GP/DFC/ Ambala Dated : Sr.no. 1192 dated 30.01.2025 | C12: Executive/CIVILl/ KNNN Surendra kumar | D12: P-way maint works | E12: 0 | F12: 0 | G12: 3 | H12: =+H11+E12-F12-G12 -> 33
G13: 0

Sheet 3138
B1: foHkkxh; [kkrk feyku iqLrd DEPARTMENTAL LEDGER AND TALLY BOOK
A2: ewY; lwph@dwV la[;k Price List / Code No. | D2: 14 | E2: feyku i= la[;k Tally Code No. | H2: 1 | I2: ;wfuV Unit | J2: 3
A3: oLrq dk fooj.k Description of the Article | D3: FISH BULT SPANNER | E3: ys[kk dk;kZy; i`"B la[;k Accounts Office File No. | I3: 3138
A4: ekg vkSj rkjh[k Month and Date | B4: izkfIr ;k fuxZe okmpj la[;k vkSj rkjh[k No. and Date of Receiot or issue Voucher | C4: fdlls izkIr gqvk ;k fdls tkjh fd;k From Whom received or to whom issued | D4: izkfIr ;k fuxZe dk mn~ns'; Purpose for which received or issue | E4: izkfIr Receipt | F4: LFkkukarj.k Transfer | G4: fuxZe Issues | H4: 'ks"k Balance | I4: 3
E5: ux No. Vu Tonnes fd-xzk-Kgs. | F5: ux No. Vu Tonnes fd-xzk-Kgs. | G5: ux No. Vu Tonnes fd-xzk-Kgs. | H5: ux No. Vu Tonnes fd-xzk-Kgs.
E6: =SUM(E7:E1000) -> 100 | F6: =SUM(F7:F1000) -> 0 | G6: =SUM(G7:G1000) -> 60 | H6: =+E6-F6-G6 -> 40
A7: 45601 | B7: 183 Dated 10.5.2024 | C7: M.S Trades & Eng | D7: Track Related works | E7: 50 | F7: 0 | G7: 0 | H7: =SUM(E7:G7) -> 50
A8: 45450 | B8: 197 Dated 29/063/2024 | C8: M.S Trades & Eng | D8: Track Related works | E8: 50 | F8: 0 | G8: 0 | H8: =+H7+E8-F8-G8 -> 100
A9: 45573 | B9: GP/DFC/ Ambala Sr. No. 1216 | C9: Abhishek Sharma Exe/CIVILl/ Sr. No. 1216 | D9: Track Related works | E9: 0 | F9: 0 | G9: 50 | H9: =+H8+E9-F9-G9 -> 50
A10: 27/11/2024 | B10: GP/DFC/ Ambala sr. no. 1217 dated | C10: Gurnam singh , Operational off. (AWPO) | D10: For Patrolman | E10: 0 | F10: 0 | G10: 10 | H10: =+H9+E10-F10-G10 -> 40

Sheet 3142
B1: foHkkxh; [kkrk feyku iqLrd DEPARTMENTAL LEDGER AND TALLY BOOK
A2: ewY; lwph@dwV la[;k Price List / Code No. | D2: 15 | E2: feyku i= la[;k Tally Code No. | H2: 1 | I2: ;wfuV Unit | J2: 3
A3: oLrq dk fooj.k Description of the Article | D3: Keying Hammer | E3: ys[kk dk;kZy; i`"B la[;k Accounts Office File No. | I3: 3142
A4: ekg vkSj rkjh[k Month and Date | B4: izkfIr ;k fuxZe okmpj la[;k vkSj rkjh[k No. and Date of Receiot or issue Voucher | C4: fdlls izkIr gqvk ;k fdls tkjh fd;k From Whom received or to whom issued | D4: izkfIr ;k fuxZe dk mn~ns'; Purpose for which received or issue | E4: izkfIr Receipt | F4: LFkkukarj.k Transfer | G4: fuxZe Issues | H4: 'ks"k Balance | I4: 3
E5: ux No. Vu Tonnes fd-xzk-Kgs. | F5: ux No. Vu Tonnes fd-xzk-Kgs. | G5: ux No. Vu Tonnes fd-xzk-Kgs. | H5: ux No. Vu Tonnes fd-xzk-Kgs.
E6: =SUM(E7:E1000) -> 100 | F6: =SUM(F7:F1000) -> 0 | G6: =SUM(G7:G1000) -> 65 | H6: =+E6-F6-G6 -> 35
A7: 45601 | B7: 183 Dated 10.5.2024 | C7: M.S Trades & Eng | D7: Track Related works | E7: 100 | F7: 0 | G7: 0 | H7: =SUM(E7:G7) -> 100
A8: 16/05/2024 | B8: 183 Dated 10.5.2024 M S. Tradres & engg | C8: M.S Trades & Eng | D8: Track Mainteance works | E8: 0 | F8: 0 | G8: 50 | H8: =H7+E8-F8-G8 -> 50
A9: 16/8/2024 | B9: GP/DFC/ Ambala sr. no. 1217 | C9: Abhishek Sharma Exe/CIVILl/ Sr. No. 1216 | D9: Machine Puse | E9: 0 | F9: 0 | G9: 1 | H9: =H8+E9-F9-G9 -> 49
A10: 27/11/2024 | B10: GP/DFC/ Ambala sr. no. 1181 Dated: 27.11.2024 | C10: Gurnam singh , Operational off. (AWPO) | D10: For Patrolman | E10: 0 | F10: 0 | G10: 10 | H10: =H9+E10-F10-G10 -> 39
A11: 30/01/2025 | B11: GP/DFC/ Ambala sr. no. 1192 Dated: 30.01.2025 | C11: Surendra Kumar Sr. Exec/civ/KNNN | D11: fFor track Maint work | E11: 0 | F11: 0 | G11: 4 | H11: =H10+E11-F11-G11 -> 35

Sheet 3145
B1: foHkkxh; [kkrk feyku iqLrd DEPARTMENTAL LEDGER AND TALLY BOOK
A2: ewY; lwph@dwV la[;k Price List / Code No. | D2: 16 | E2: feyku i= la[;k Tally Code No. | H2: 1 | I2: ;wfuV Unit | J2: 3
A3: oLrq dk fooj.k Description of the Article | D3: P-WAY INSPECTION TROLLEY | E3: ys[kk dk;kZy; i`"B la[;k Accounts Office File No. | I3: 3145
A4: ekg vkSj rkjh[k Month and Date | B4: izkfIr ;k fuxZe okmpj la[;k vkSj rkjh[k No. and Date of Receiot or issue Voucher | C4: fdlls izkIr gqvk ;k fdls tkjh fd;k From Whom received or to whom issued | D4: izkfIr ;k fuxZe dk mn~ns'; Purpose for which received or issue | E4: izkfIr Receipt | F4: LFkkukarj.k Transfer | G4: fuxZe Issues | H4: 'ks"k Balance | I4: 3
E5: ux No. Vu Tonnes fd-xzk-Kgs. | F5: ux No. Vu Tonnes fd-xzk-Kgs. | G5: ux No. Vu Tonnes fd-xzk-Kgs. | H5: ux No. Vu Tonnes fd-xzk-Kgs.
E6: =SUM(E7:E1000) -> 5 | F6: =SUM(F7:F1000) -> 0 | G6: =SUM(G7:G1000) -> 5 | H6: =+E6-F6-G6 -> 0
A7: 45601 | B7: 183 Dated 10.05.2024 | C7: M.S Traders & Enginers | D7: Track Related works | E7: 3 | F7: 0 | G7: 0 | H7: =SUM(E7:G7) -> 3
A8: 45601 | B8: 184 Dated 10.05.2024 | C8: M.S Traders & Enginers | D8: Track Related works | E8: 2 | F8: 0 | G8: 0 | H8: 5
A9: 16-05-2024 | B9: 183 Dated 10.05.2024 (M.S. Traders & engg) | C9: Surendera kumar Sr. Exec/CIVIL/ KNNN | D9: For track inspection | E9: 0 | F9: 0 | G9: 1 | H9: 4
A10: 16-05-2024 | B10: 183 Dated 10.05.2024 (M.S. Traders & engg) | C10: A.N.Tripathi JPM/ENGG/UMB | D10: For track inspection | E10: 0 | F10: 0 | G10: 1 | H10: 3
A11: 16-05-2024 | B11: 183 Dated 10.05.2024 (M.S. Traders & engg) | C11: Pradeep kumar Sr.Exe/CIVIL/JUDN | D11: For track inspection | E11: 0 | F11: 0 | G11: 1 | H11: 2
A12: 16-03-2024 | B12: 183 Dated 10.05.2024 (M.S. Traders & engg) | C12: Harpal Singh Sr.Exe/CIVIL/SMUN | D12: For track inspection | E12: 0 | F12: 0 | G12: 2 | H12: 0

Sheet 3147
B1: foHkkxh; [kkrk feyku iqLrd DEPARTMENTAL LEDGER AND TALLY BOOK
A2: ewY; lwph@dwV la[;k Price List / Code No. | D2: 17 | E2: feyku i= la[;k Tally Code No. | H2: 1 | I2: ;wfuV Unit | J2: 3
A3: oLrq dk fooj.k Description of the Article | D3: MAGNIFYING GLASS 100 MM | E3: ys[kk dk;kZy; i`"B la[;k Accounts Office File No. | I3: 3147
A4: ekg vkSj rkjh[k Month and Date | B4: izkfIr ;k fuxZe okmpj la[;k vkSj rkjh[k No. and Date of Receiot or issue Voucher | C4: fdlls izkIr gqvk ;k fdls tkjh fd;k From Whom received or to whom issued | D4: izkfIr ;k fuxZe dk mn~ns'; Purpose for which received or issue | E4: izkfIr Receipt | F4: LFkkukarj.k Transfer | G4: fuxZe Issues | H4: 'ks"k Balance | I4: 3
E5: ux No. Vu Tonnes fd-xzk-Kgs. | F5: ux No. Vu Tonnes fd-xzk-Kgs. | G5: ux No. Vu Tonnes fd-xzk-Kgs. | H5: ux No. Vu Tonnes fd-xzk-Kgs.
E6: =SUM(E7:E1000) -> 50 | F6: =SUM(F7:F1000) -> 0 | G6: =SUM(G7:G1000) -> 25 | H6: =+E6-F6-G6 -> 25
A7: 45601 | B7: 183 Dated 10.05.2024 | C7: M.S Traders & Enginers | D7: Track Related works | E7: 50 | F7: 0 | G7: 0 | H7: =SUM(E7:G7) -> 50
A8: 45601 | B8: 184 Dated 10.05.2024 M .S Traders & engg | C8: Abhishek Sharma Exe/CIVIL/JUDN | D8: Bridge Inspection Related works | E8: 0 | F8: 0 | G8: 25 | H8: 25

Sheet 3150
B1: foHkkxh; [kkrk feyku iqLrd DEPARTMENTAL LEDGER AND TALLY BOOK
A2: ewY; lwph@dwV la[;k Price List / Code No. | D2: 18 | E2: feyku i= la[;k Tally Code No. | H2: 1 | I2: ;wfuV Unit | J2: 3
A3: oLrq dk fooj.k Description of the Article | D3: PLATE SCREW TUBULAR SPANNER | E3: ys[kk dk;kZy; i`"B la[;k Accounts Office File No. | I3: 3150
A4: ekg vkSj rkjh[k Month and Date | B4: izkfIr ;k fuxZe okmpj la[;k vkSj rkjh[k No. and Date of Receiot or issue Voucher | C4: fdlls izkIr gqvk ;k fdls tkjh fd;k From Whom received or to whom issued | D4: izkfIr ;k fuxZe dk mn~ns'; Purpose for which received or issue | E4: izkfIr Receipt | F4: LFkkukarj.k Transfer | G4: fuxZe Issues | H4: 'ks"k Balance | I4: 3
E5: ux No. Vu Tonnes fd-xzk-Kgs. | F5: ux No. Vu Tonnes fd-xzk-Kgs. | G5: ux No. Vu Tonnes fd-xzk-Kgs. | H5: ux No. Vu Tonnes fd-xzk-Kgs.
E6: =SUM(E7:E1000) -> 20 | F6: =SUM(F7:F1000) -> 0 | G6: =SUM(G7:G1000) -> 10 | H6: =+E6-F6-G6 -> 10
A7: 45601 | B7: 183 Dated 10.05.2024 | C7: M.S Traders & Enginers | D7: Track Related works | E7: 20 | F7: 0 | G7: 0 | H7: =SUM(E7:G7) -> 20
A8: 2024-16-05 | B8: 184 Dated 10.05.2024 M .S Traders & engg | C8: Abhishek Sharma Exe/CIVIL/JUDN | D8: Bridge Inspection Related works | E8: 0 | F8: 0 | G8: 10 | H8: 10

Sheet 3153
B1: foHkkxh; [kkrk feyku iqLrd DEPARTMENTAL LEDGER AND TALLY BOOK
A2: ewY; lwph@dwV la[;k Price List / Code No. | D2: 19 | E2: feyku i= la[;k Tally Code No. | H2: 1 | I2: ;wfuV Unit | J2: 3
A3: oLrq dk fooj.k Description of the Article | D3: POWRAM SPADE | E3: ys[kk dk;kZy; i`"B la[;k Accounts Office File No. | I3: 3153
A4: ekg vkSj rkjh[k Month and Date | B4: izkfIr ;k fuxZe okmpj la[;k vkSj rkjh[k No. and Date of Receiot or issue Voucher | C4: fdlls izkIr gqvk ;k fdls tkjh fd;k From Whom received or to whom issued | D4: izkfIr ;k fuxZe dk mn~ns'; Purpose for which received or issue | E4: izkfIr Receipt | F4: LFkkukarj.k Transfer | G4: fuxZe Issues | H4: 'ks"k Balance | I4: 3
E5: ux No. Vu Tonnes fd-xzk-Kgs. | F5: ux No. Vu Tonnes fd-xzk-Kgs. | G5: ux No. Vu Tonnes fd-xzk-Kgs. | H5: ux No. Vu Tonnes fd-xzk-Kgs.
E6: =SUM(E7:E1000) -> 50 | F6: =SUM(F7:F1000) -> 0 | G6: =SUM(G7:G1000) -> 25 | H6: =+E6-F6-G6 -> 25
A7: 45601 | B7: 183 Dated 10.05.2024 | C7: M.S Traders & Enginers | D7: Track Related works | E7: 50 | F7: 0 | G7: 0 | H7: =SUM(E7:G7) -> 50
A8: 2024-16-05 | B8: 184 Dated 10.05.2024 M .S Traders & engg | C8: Abhishek Sharma Exe/CIVIL/JUDN | D8: Track Related works | E8: 0 | F8: 0 | G8: 25 | H8: 25

Sheet 3156
B1: foHkkxh; [kkrk feyku iqLrd DEPARTMENTAL LEDGER AND TALLY BOOK
A2: ewY; lwph@dwV la[;k Price List / Code No. | D2: 20 | E2: feyku i= la[;k Tally Code No. | H2: 1 | I2: ;wfuV Unit | J2: 3
A3: oLrq dk fooj.k Description of the Article | D3: PAN MORTAR | E3: ys[kk dk;kZy; i`"B la[;k Accounts Office File No. | I3: 3156
A4: ekg vkSj rkjh[k Month and Date | B4: izkfIr ;k fuxZe okmpj la[;k vkSj rkjh[k No. and Date of Receiot or issue Voucher | C4: fdlls izkIr gqvk ;k fdls tkjh fd;k From Whom received or to whom issued | D4: izkfIr ;k fuxZe dk mn~ns'; Purpose for which received or issue | E4: izkfIr Receipt | F4: LFkkukarj.k Transfer | G4: fuxZe Issues | H4: 'ks"k Balance | I4: 3
E5: ux No. Vu Tonnes fd-xzk-Kgs. | F5: ux No. Vu Tonnes fd-xzk-Kgs. | G5: ux No. Vu Tonnes fd-xzk-Kgs. | H5: ux No. Vu Tonnes fd-xzk-Kgs.
E6: =SUM(E7:E1000) -> 100 | F6: =SUM(F7:F1000) -> 0 | G6: =SUM(G7:G1000) -> 60 | H6: =+E6-F6-G6 -> 40
A7: 45601 | B7: 183 Dated 10.05.2024 | C7: M.S Traders & Enginers | D7: Track Related works | E7: 100 | F7: 0 | G7: 0 | H7: =SUM(E7:G7) -> 100
A8: 2024-16-05 | B8: 183 Dated 10.05.2024 M .S Traders & engg | C8: Abhishek Sharma Exe/CIVIL-1/JUDN | D8: Track maint. works | E8: 0 | F8: 0 | G8: 50 | H8: =H7+E8-F8-G8 -> 50
A9: 46044 | B9: GP/DFC/Ambala Sr.No. 1166 dt. 22.01.2026 | C9: IMD/CHAN | D9: Track maint. works | E9: 0 | F9: 0 | G9: 10 | H9: =H8+E9-F9-G9 -> 40
E10: 0 | F10: 0
E11: 0 | F11: 0
E12: 0 | F12: 0

Sheet 3159
B1: foHkkxh; [kkrk feyku iqLrd DEPARTMENTAL LEDGER AND TALLY BOOK
A2: ewY; lwph@dwV la[;k Price List / Code No. | D2: 21 | E2: feyku i= la[;k Tally Code No. | H2: 1 | I2: ;wfuV Unit | J2: 3
A3: oLrq dk fooj.k Description of the Article | D3: GREASE GUN | E3: ys[kk dk;kZy; i`"B la[;k Accounts Office File No. | I3: 3159
A4: ekg vkSj rkjh[k Month and Date | B4: izkfIr ;k fuxZe okmpj la[;k vkSj rkjh[k No. and Date of Receiot or issue Voucher | C4: fdlls izkIr gqvk ;k fdls tkjh fd;k From Whom received or to whom issued | D4: izkfIr ;k fuxZe dk mn~ns'; Purpose for which received or issue | E4: izkfIr Receipt | F4: LFkkukarj.k Transfer | G4: fuxZe Issues | H4: 'ks"k Balance | I4: 3
E5: ux No. Vu Tonnes fd-xzk-Kgs. | F5: ux No. Vu Tonnes fd-xzk-Kgs. | G5: ux No. Vu Tonnes fd-xzk-Kgs. | H5: ux No. Vu Tonnes fd-xzk-Kgs.
E6: =SUM(E7:E1000) -> 14 | F6: =SUM(F7:F1000) -> 0 | G6: =SUM(G7:G1000) -> 7 | H6: =+E6-F6-G6 -> 7
A7: 45601 | B7: 183 Dated 10.05.2024 | C7: M.S Traders & Enginers | D7: Track Related works | E7: 14 | F7: 0 | G7: 0 | H7: =SUM(E7:G7) -> 14
A8: 2024-16-05 | B8: 184 Dated 10.05.2024 M .S Traders & engg | C8: Abhishek Sharma Exe/CIVIL-1/JUDN | D8: Track works | E8: 0 | F8: 0 | G8: 7 | H8: 7

Sheet 3160
B1: foHkkxh; [kkrk feyku iqLrd DEPARTMENTAL LEDGER AND TALLY BOOK
A2: ewY; lwph@dwV la[;k Price List / Code No. | D2: 22 | E2: feyku i= la[;k Tally Code No. | H2: 1 | I2: ;wfuV Unit | J2: 3
A3: oLrq dk fooj.k Description of the Article | D3: CONTINUAUS RAIL THERMOMETER(CRT) | E3: ys[kk dk;kZy; i`"B la[;k Accounts Office File No. | I3: 3160
A4: ekg vkSj rkjh[k Month and Date | B4: izkfIr ;k fuxZe okmpj la[;k vkSj rkjh[k No. and Date of Receiot or issue Voucher | C4: fdlls izkIr gqvk ;k fdls tkjh fd;k From Whom received or to whom issued | D4: izkfIr ;k fuxZe dk mn~ns'; Purpose for which received or issue | E4: izkfIr Receipt | F4: LFkkukarj.k Transfer | G4: fuxZe Issues | H4: 'ks"k Balance | I4: 3
E5: ux No. Vu Tonnes fd-xzk-Kgs. | F5: ux No. Vu Tonnes fd-xzk-Kgs. | G5: ux No. Vu Tonnes fd-xzk-Kgs. | H5: ux No. Vu Tonnes fd-xzk-Kgs. | L5: Index '!B23
E6: =SUM(E7:E1000) -> 1 | F6: =SUM(F7:F1000) -> 0 | G6: =SUM(G7:G1000) -> 1 | H6: =+E6-F6-G6 -> 0
A7: 29-06-2024 | B7: DIE- 2024-25-241 Dated 26-06-2024 | C7: Paragon Instrumentaton Engineers pvt ltd (DIE) | D7: Track Related works | E7: 1 | F7: 0 | G7: 0 | H7: =SUM(E7:G7) -> 1
A8: 14-10-2024 | B8: 184 Dated 10.05.2024 M .S Traders & engg | C8: IMSD JUDN, Vibhanshu Prasher , Exe/CIVIL | D8: Track Related works | E8: 0 | F8: 0 | G8: 1 | H8: 0

Sheet 3161
B1: foHkkxh; [kkrk feyku iqLrd DEPARTMENTAL LEDGER AND TALLY BOOK
A2: ewY; lwph@dwV la[;k Price List / Code No. | D2: 23 | E2: feyku i= la[;k Tally Code No. | H2: 1 | I2: ;wfuV Unit | J2: 3
A3: oLrq dk fooj.k Description of the Article | D3: Rail Clip Applicator | E3: ys[kk dk;kZy; i`"B la[;k Accounts Office File No. | I3: 3161
A4: ekg vkSj rkjh[k Month and Date | B4: izkfIr ;k fuxZe okmpj la[;k vkSj rkjh[k No. and Date of Receiot or issue Voucher | C4: fdlls izkIr gqvk ;k fdls tkjh fd;k From Whom received or to whom issued | D4: izkfIr ;k fuxZe dk mn~ns'; Purpose for which received or issue | E4: izkfIr Receipt | F4: LFkkukarj.k Transfer | G4: fuxZe Issues | H4: 'ks"k Balance | I4: 3
E5: ux No. Vu Tonnes fd-xzk-Kgs. | F5: ux No. Vu Tonnes fd-xzk-Kgs. | G5: ux No. Vu Tonnes fd-xzk-Kgs. | H5: ux No. Vu Tonnes fd-xzk-Kgs.
E6: =SUM(E7:E1000) -> 40 | F6: =SUM(F7:F1000) -> 0 | G6: =SUM(G7:G1000) -> 20 | H6: =+E6-F6-G6 -> 20
A7: 45450 | B7: 197 dated 29/06/2024 | C7: M.S Traders & Engg. | D7: Track Related works | E7: 40 | F7: 0 | G7: 0 | H7: =SUM(E7:G7) -> 40
A8: 45573 | B8: GP/DFC/ Ambala Sr. no. 1214 | C8: Abhishek Sharma Exe/CIVIL/JUDN IMSD/JUDN | D8: Track Related works | E8: 0 | F8: 0 | G8: 20 | H8: 20

Sheet 3162
B1: foHkkxh; [kkrk feyku iqLrd DEPARTMENTAL LEDGER AND TALLY BOOK
A2: ewY; lwph@dwV la[;k Price List / Code No. | D2: 24 | E2: feyku i= la[;k Tally Code No. | H2: 1 | I2: ;wfuV Unit | J2: 3
A3: oLrq dk fooj.k Description of the Article | D3: chambering Kit | E3: ys[kk dk;kZy; i`"B la[;k Accounts Office File No. | I3: 3162
A4: ekg vkSj rkjh[k Month and Date | B4: izkfIr ;k fuxZe okmpj la[;k vkSj rkjh[k No. and Date of Receiot or issue Voucher | C4: fdlls izkIr gqvk ;k fdls tkjh fd;k From Whom received or to whom issued | D4: izkfIr ;k fuxZe dk mn~ns'; Purpose for which received or issue | E4: izkfIr Receipt | F4: LFkkukarj.k Transfer | G4: fuxZe Issues | H4: 'ks"k Balance | I4: 3
E5: ux No. Vu Tonnes fd-xzk-Kgs. | F5: ux No. Vu Tonnes fd-xzk-Kgs. | G5: ux No. Vu Tonnes fd-xzk-Kgs. | H5: ux No. Vu Tonnes fd-xzk-Kgs.
E6: =SUM(E7:E1000) -> 5 | F6: =SUM(F7:F1000) -> 0 | G6: =SUM(G7:G1000) -> 2 | H6: =+E6-F6-G6 -> 3
A7: 45450 | B7: 197 dated 29/06/2024 | C7: M.S Traders & Engg. | D7: Track Related works | E7: 5 | F7: 0 | G7: 0 | H7: =SUM(E7:G7) -> 5
A8: 45573 | B8: GP/DFC/ Ambala Sr. no. 1214 | C8: Abhishek Sharma Exe/CIVIL/JUDN IMSD/JUDN | D8: Track Related works | E8: 0 | F8: 0 | G8: 2 | H8: 3

Sheet 3163
B1: foHkkxh; [kkrk feyku iqLrd DEPARTMENTAL LEDGER AND TALLY BOOK
A2: ewY; lwph@dwV la[;k Price List / Code No. | D2: 25 | E2: feyku i= la[;k Tally Code No. | H2: 1 | I2: ;wfuV Unit | J2: 3
A3: oLrq dk fooj.k Description of the Article | D3: Insulated Rail dolly | E3: ys[kk dk;kZy; i`"B la[;k Accounts Office File No. | I3: 3163
A4: ekg vkSj rkjh[k Month and Date | B4: izkfIr ;k fuxZe okmpj la[;k vkSj rkjh[k No. and Date of Receiot or issue Voucher | C4: fdlls izkIr gqvk ;k fdls tkjh fd;k From Whom received or to whom issued | D4: izkfIr ;k fuxZe dk mn~ns'; Purpose for which received or issue | E4: izkfIr Receipt | F4: LFkkukarj.k Transfer | G4: fuxZe Issues | H4: 'ks"k Balance | I4: 3
E5: ux No. Vu Tonnes fd-xzk-Kgs. | F5: ux No. Vu Tonnes fd-xzk-Kgs. | G5: ux No. Vu Tonnes fd-xzk-Kgs. | H5: ux No. Vu Tonnes fd-xzk-Kgs.
E6: =SUM(E7:E1000) -> 10 | F6: =SUM(F7:F1000) -> 0 | G6: =SUM(G7:G1000) -> 4 | H6: =+E6-F6-G6 -> 6
A7: 45450 | B7: 197 dated 29/06/2024 | C7: M.S Traders & Engg. | D7: Track Related works | E7: 10 | F7: 0 | G7: 0 | H7: =SUM(E7:G7) -> 10
A8: 45573 | B8: GP/DFC/ Ambala Sr. no. 1214 | C8: Abhishek Sharma Exe/CIVIL/JUDN IMSD/JUDN | D8: Track Related works | E8: 0 | F8: 0 | G8: 4 | H8: 6

Sheet 3164
B1: foHkkxh; [kkrk feyku iqLrd DEPARTMENTAL LEDGER AND TALLY BOOK
A2: ewY; lwph@dwV la[;k Price List / Code No. | D2: 26 | E2: feyku i= la[;k Tally Code No. | H2: 1 | I2: ;wfuV Unit | J2: 3
A3: oLrq dk fooj.k Description of the Article | D3: Rail Tong | E3: ys[kk dk;kZy; i`"B la[;k Accounts Office File No. | I3: 3164
A4: ekg vkSj rkjh[k Month and Date | B4: izkfIr ;k fuxZe okmpj la[;k vkSj rkjh[k No. and Date of Receiot or issue Voucher | C4: fdlls izkIr gqvk ;k fdls tkjh fd;k From Whom received or to whom issued | D4: izkfIr ;k fuxZe dk mn~ns'; Purpose for which received or issue | E4: izkfIr Receipt | F4: LFkkukarj.k Transfer | G4: fuxZe Issues | H4: 'ks"k Balance | I4: 3
E5: ux No. Vu Tonnes fd-xzk-Kgs. | F5: ux No. Vu Tonnes fd-xzk-Kgs. | G5: ux No. Vu Tonnes fd-xzk-Kgs. | H5: ux No. Vu Tonnes fd-xzk-Kgs.
E6: =SUM(E7:E1000) -> 20 | F6: =SUM(F7:F1000) -> 0 | G6: =SUM(G7:G1000) -> 10 | H6: =+E6-F6-G6 -> 10
A7: 45450 | B7: 197 dated 29/06/2024 | C7: M.S Traders & Engg. | D7: Track Related works | E7: 20 | F7: 0 | G7: 0 | H7: =SUM(E7:G7) -> 20
A8: 45573 | B8: GP/DFC/ Ambala Sr. no. 1214 | C8: Abhishek Sharma Exe/CIVIL/JUDN IMSD/JUDN | D8: Track Related works | E8: 0 | F8: 0 | G8: 10 | H8: 10

Sheet 3165
B1: foHkkxh; [kkrk feyku iqLrd DEPARTMENTAL LEDGER AND TALLY BOOK
A2: ewY; lwph@dwV la[;k Price List / Code No. | D2: 27 | E2: feyku i= la[;k Tally Code No. | H2: 1 | I2: ;wfuV Unit | J2: 3
A3: oLrq dk fooj.k Description of the Article | D3: PRC SLEEPER CHAIN | E3: ys[kk dk;kZy; i`"B la[;k Accounts Office File No. | I3: 3165
A4: ekg vkSj rkjh[k Month and Date | B4: izkfIr ;k fuxZe okmpj la[;k vkSj rkjh[k No. and Date of Receiot or issue Voucher | C4: fdlls izkIr gqvk ;k fdls tkjh fd;k From Whom received or to whom issued | D4: izkfIr ;k fuxZe dk mn~ns'; Purpose for which received or issue | E4: izkfIr Receipt | F4: LFkkukarj.k Transfer | G4: fuxZe Issues | H4: 'ks"k Balance | I4: 3
E5: ux No. Vu Tonnes fd-xzk-Kgs. | F5: ux No. Vu Tonnes fd-xzk-Kgs. | G5: ux No. Vu Tonnes fd-xzk-Kgs. | H5: ux No. Vu Tonnes fd-xzk-Kgs.
E6: =SUM(E7:E1000) -> 10 | F6: =SUM(F7:F1000) -> 0 | G6: =SUM(G7:G1000) -> 4 | H6: =+E6-F6-G6 -> 6
A7: 45450 | B7: 197 dated 29/06/2024 | C7: M.S Traders & Engg. | D7: Track Related works | E7: 10 | F7: 0 | G7: 0 | H7: =SUM(E7:G7) -> 10
A8: 45573 | B8: GP/DFC/ Ambala Sr. no. 1214 | C8: Abhishek Sharma Exe/CIVIL/JUDN IMSD/JUDN | D8: Track Related works | E8: 0 | F8: 0 | G8: 4 | H8: 6

Sheet 3168
B1: foHkkxh; [kkrk feyku iqLrd DEPARTMENTAL LEDGER AND TALLY BOOK
A2: ewY; lwph@dwV la[;k Price List / Code No. | D2: 29 | E2: feyku i= la[;k Tally Code No. | H2: 1 | I2: ;wfuV Unit | J2: 3
A3: oLrq dk fooj.k Description of the Article | D3: MATERIAL TROLLEY | E3: ys[kk dk;kZy; i`"B la[;k Accounts Office File No. | I3: 3168
A4: ekg vkSj rkjh[k Month and Date | B4: izkfIr ;k fuxZe okmpj la[;k vkSj rkjh[k No. and Date of Receiot or issue Voucher | C4: fdlls izkIr gqvk ;k fdls tkjh fd;k From Whom received or to whom issued | D4: izkfIr ;k fuxZe dk mn~ns'; Purpose for which received or issue | E4: izkfIr Receipt | F4: LFkkukarj.k Transfer | G4: fuxZe Issues | H4: 'ks"k Balance | I4: 3
E5: ux No. Vu Tonnes fd-xzk-Kgs. | F5: ux No. Vu Tonnes fd-xzk-Kgs. | G5: ux No. Vu Tonnes fd-xzk-Kgs. | H5: ux No. Vu Tonnes fd-xzk-Kgs.
E6: =SUM(E7:E1000) -> 2 | F6: =SUM(F7:F1000) -> 0 | G6: =SUM(G7:G1000) -> 1 | H6: =+E6-F6-G6 -> 1
A7: 45450 | B7: 197 dated 29/06/2024 | C7: M.S Traders & Engg. | D7: Track Related works | E7: 2 | F7: 0 | G7: 0 | H7: =SUM(E7:G7) -> 2
A8: 46053 | B8: GP/DFC/Ambala Sr.no. 1170 dt 31.01.2026 | C8: IMSD/JUDN | D8: Track Related works | E8: 0 | F8: 0 | G8: 1 | H8: =H7+E8-F8-G8 -> 1

Sheet 3169
B1: foHkkxh; [kkrk feyku iqLrd DEPARTMENTAL LEDGER AND TALLY BOOK
A2: ewY; lwph@dwV la[;k Price List / Code No. | D2: 30 | E2: feyku i= la[;k Tally Code No. | H2: 1 | I2: ;wfuV Unit | J2: 3
A3: oLrq dk fooj.k Description of the Article | D3: DIP LORRY | E3: ys[kk dk;kZy; i`"B la[;k Accounts Office File No. | I3: 3169
A4: ekg vkSj rkjh[k Month and Date | B4: izkfIr ;k fuxZe okmpj la[;k vkSj rkjh[k No. and Date of Receiot or issue Voucher | C4: fdlls izkIr gqvk ;k fdls tkjh fd;k From Whom received or to whom issued | D4: izkfIr ;k fuxZe dk mn~ns'; Purpose for which received or issue | E4: izkfIr Receipt | F4: LFkkukarj.k Transfer | G4: fuxZe Issues | H4: 'ks"k Balance | I4: 3
E5: ux No. Vu Tonnes fd-xzk-Kgs. | F5: ux No. Vu Tonnes fd-xzk-Kgs. | G5: ux No. Vu Tonnes fd-xzk-Kgs. | H5: ux No. Vu Tonnes fd-xzk-Kgs.
E6: =SUM(E7:E1000) -> 10 | F6: =SUM(F7:F1000) -> 0 | G6: =SUM(G7:G1000) -> 4 | H6: =+E6-F6-G6 -> 6
A7: 45450 | B7: 197 dated 29/06/2024 | C7: M.S Traders & Engg. | D7: Track Related works | E7: 2 | F7: 0 | G7: 0 | H7: =SUM(E7:G7) -> 2
A8: 45511 | B8: 198 dated 05/07/2024 | C8: M.S Traders & Engg. | D8: Track Related works | E8: 8 | F8: 0 | G8: 0 | H8: 10
A9: 45573 | B9: GP/DFC/ Ambala Sr. no. 1215 | C9: Abhishek Sharma Exe/CIVIL/JUDN IMSD/JUDN | D9: Track Related works | E9: 0 | F9: 0 | G9: 4 | H9: 6

Sheet 3170
B1: foHkkxh; [kkrk feyku iqLrd DEPARTMENTAL LEDGER AND TALLY BOOK
A2: ewY; lwph@dwV la[;k Price List / Code No. | D2: 31 | E2: feyku i= la[;k Tally Code No. | H2: 1 | I2: ;wfuV Unit | J2: 3
A3: oLrq dk fooj.k Description of the Article | D3: Wire Basket | E3: ys[kk dk;kZy; i`"B la[;k Accounts Office File No. | I3: 3170
A4: ekg vkSj rkjh[k Month and Date | B4: izkfIr ;k fuxZe okmpj la[;k vkSj rkjh[k No. and Date of Receiot or issue Voucher | C4: fdlls izkIr gqvk ;k fdls tkjh fd;k From Whom received or to whom issued | D4: izkfIr ;k fuxZe dk mn~ns'; Purpose for which received or issue | E4: izkfIr Receipt | F4: LFkkukarj.k Transfer | G4: fuxZe Issues | H4: 'ks"k Balance | I4: 3
E5: ux No. Vu Tonnes fd-xzk-Kgs. | F5: ux No. Vu Tonnes fd-xzk-Kgs. | G5: ux No. Vu Tonnes fd-xzk-Kgs. | H5: ux No. Vu Tonnes fd-xzk-Kgs.
E6: =SUM(E7:E1000) -> 50 | F6: =SUM(F7:F1000) -> 0 | G6: =SUM(G7:G1000) -> 29 | H6: =+E6-F6-G6 -> 21
A7: 45450 | B7: 197 dated 29/06/2024 | C7: M.S Traders & Engg. | D7: Track Related works | E7: 50 | F7: 0 | G7: 0 | H7: =SUM(E7:G7) -> 50
A8: 45511 | B8: GP/DFC/ Ambala Sr. no. 1215 | C8: Abhishek Sharma Exe/CIVIL/JUDN IMSD/JUDN | D8: Track Related works | E8: 0 | F8: 0 | G8: 25 | H8: 25
A9: 30/1/2024 | B9: GP/DFC/ Ambala Sr. no. 1192 dated 30.01.2025 | C9: Surendera Kumar Exe/CIVIL/JUDN IMSD/JUDN | D9: P-way maint work | E9: 0 | F9: 0 | G9: 4 | H9: 21

Sheet 3172
B1: foHkkxh; [kkrk feyku iqLrd DEPARTMENTAL LEDGER AND TALLY BOOK
A2: ewY; lwph@dwV la[;k Price List / Code No. | D2: 32 | E2: feyku i= la[;k Tally Code No. | H2: 1 | I2: ;wfuV Unit | J2: 3
A3: oLrq dk fooj.k Description of the Article | D3: Rake Ballast | E3: ys[kk dk;kZy; i`"B la[;k Accounts Office File No. | I3: 3172
A4: ekg vkSj rkjh[k Month and Date | B4: izkfIr ;k fuxZe okmpj la[;k vkSj rkjh[k No. and Date of Receiot or issue Voucher | C4: fdlls izkIr gqvk ;k fdls tkjh fd;k From Whom received or to whom issued | D4: izkfIr ;k fuxZe dk mn~ns'; Purpose for which received or issue | E4: izkfIr Receipt | F4: LFkkukarj.k Transfer | G4: fuxZe Issues | H4: 'ks"k Balance | I4: 3
E5: ux No. Vu Tonnes fd-xzk-Kgs. | F5: ux No. Vu Tonnes fd-xzk-Kgs. | G5: ux No. Vu Tonnes fd-xzk-Kgs. | H5: ux No. Vu Tonnes fd-xzk-Kgs.
E6: =SUM(E7:E1000) -> 50 | F6: =SUM(F7:F1000) -> 0 | G6: =SUM(G7:G1000) -> 25 | H6: =+E6-F6-G6 -> 25
A7: 45450 | B7: 197 dated 29/06/2024 | C7: M.S Traders & Engg. | D7: Track Related works | E7: 50 | F7: 0 | G7: 0 | H7: =SUM(E7:G7) -> 50
A8: 45573 | B8: GP/DFC/ Ambala Sr. no. 1215 | C8: Abhishek Sharma Exe/CIVIL/JUDN IMSD/JUDN | D8: Track Related works | E8: 0 | F8: 0 | G8: 25 | H8: 25

Sheet 3174
B1: foHkkxh; [kkrk feyku iqLrd DEPARTMENTAL LEDGER AND TALLY BOOK
A2: ewY; lwph@dwV la[;k Price List / Code No. | D2: 33 | E2: feyku i= la[;k Tally Code No. | H2: 1 | I2: ;wfuV Unit | J2: 3
A3: oLrq dk fooj.k Description of the Article | D3: Chain Saw | E3: ys[kk dk;kZy; i`"B la[;k Accounts Office File No. | I3: 3174
A4: ekg vkSj rkjh[k Month and Date | B4: izkfIr ;k fuxZe okmpj la[;k vkSj rkjh[k No. and Date of Receiot or issue Voucher | C4: fdlls izkIr gqvk ;k fdls tkjh fd;k From Whom received or to whom issued | D4: izkfIr ;k fuxZe dk mn~ns'; Purpose for which received or issue | E4: izkfIr Receipt | F4: LFkkukarj.k Transfer | G4: fuxZe Issues | H4: 'ks"k Balance | I4: 3
E5: ux No. Vu Tonnes fd-xzk-Kgs. | F5: ux No. Vu Tonnes fd-xzk-Kgs. | G5: ux No. Vu Tonnes fd-xzk-Kgs. | H5: ux No. Vu Tonnes fd-xzk-Kgs.
E6: =SUM(E7:E1000) -> 5 | F6: =SUM(F7:F1000) -> 0 | G6: =SUM(G7:G1000) -> 2 | H6: =+E6-F6-G6 -> 3
A7: 45450 | B7: 197 dated 29/06/2024 | C7: M.S Traders & Engg. | D7: Track Related works | E7: 5 | F7: 0 | G7: 0 | H7: =SUM(E7:G7) -> 5
A8: 45573 | B8: GP/DFC/ Ambala Sr. no. 1215 | C8: Abhishek Sharma Exe/CIVIL/JUDN IMSD/JUDN | D8: Track Related works | E8: 0 | F8: 0 | G8: 2 | H8: 3

Sheet 3175
B1: foHkkxh; [kkrk feyku iqLrd DEPARTMENTAL LEDGER AND TALLY BOOK
A2: ewY; lwph@dwV la[;k Price List / Code No. | D2: 34 | E2: feyku i= la[;k Tally Code No. | H2: 1 | I2: ;wfuV Unit | J2: 3
A3: oLrq dk fooj.k Description of the Article | D3: Bush Cutter (M/C) | E3: ys[kk dk;kZy; i`"B la[;k Accounts Office File No. | I3: 3175
A4: ekg vkSj rkjh[k Month and Date | B4: izkfIr ;k fuxZe okmpj la[;k vkSj rkjh[k No. and Date of Receiot or issue Voucher | C4: fdlls izkIr gqvk ;k fdls tkjh fd;k From Whom received or to whom issued | D4: izkfIr ;k fuxZe dk mn~ns'; Purpose for which received or issue | E4: izkfIr Receipt | F4: LFkkukarj.k Transfer | G4: fuxZe Issues | H4: 'ks"k Balance | I4: 3
E5: ux No. Vu Tonnes fd-xzk-Kgs. | F5: ux No. Vu Tonnes fd-xzk-Kgs. | G5: ux No. Vu Tonnes fd-xzk-Kgs. | H5: ux No. Vu Tonnes fd-xzk-Kgs.
E6: =SUM(E7:E1000) -> 5 | F6: =SUM(F7:F1000) -> 0 | G6: =SUM(G7:G1000) -> 3 | H6: =+E6-F6-G6 -> 2
A7: 45450 | B7: M.S Traders & Engg 197 dated 29/06/2024 | C7: M.S Traders & Engg. | D7: Track Related works | E7: 5 | F7: 0 | G7: 0 | H7: =SUM(E7:G7) -> 5
A8: 45573 | B8: GP/DFC/ Ambala Sr. no. 1215 | C8: Abhishek Sharma Exe/CIVIL/JUDN IMSD/JUDN | D8: Track Related works | E8: 0 | F8: 0 | G8: 2 | H8: =H7+E8-F8-G8 -> 3
A9: 46043 | B9: GP/DFC/ Ambala Sr. no. 1166 | C9: IMD/CHAN | D9: Track Related works | E9: 0 | F9: 0 | G9: 1 | H9: =H8+E9-F9-G9 -> 2

Sheet 3177
B1: foHkkxh; [kkrk feyku iqLrd DEPARTMENTAL LEDGER AND TALLY BOOK
A2: ewY; lwph@dwV la[;k Price List / Code No. | D2: 35 | E2: feyku i= la[;k Tally Code No. | H2: 1 | I2: ;wfuV Unit | J2: 3
A3: oLrq dk fooj.k Description of the Article | D3: Digital Toe Load Machine | E3: ys[kk dk;kZy; i`"B la[;k Accounts Office File No. | I3: 3177
A4: ekg vkSj rkjh[k Month and Date | B4: izkfIr ;k fuxZe okmpj la[;k vkSj rkjh[k No. and Date of Receiot or issue Voucher | C4: fdlls izkIr gqvk ;k fdls tkjh fd;k From Whom received or to whom issued | D4: izkfIr ;k fuxZe dk mn~ns'; Purpose for which received or issue | E4: izkfIr Receipt | F4: LFkkukarj.k Transfer | G4: fuxZe Issues | H4: 'ks"k Balance | I4: 3
E5: ux No. Vu Tonnes fd-xzk-Kgs. | F5: ux No. Vu Tonnes fd-xzk-Kgs. | G5: ux No. Vu Tonnes fd-xzk-Kgs. | H5: ux No. Vu Tonnes fd-xzk-Kgs.
E6: =SUM(E7:E1000) -> 2 | F6: =SUM(F7:F1000) -> 0 | G6: =SUM(G7:G1000) -> 0 | H6: =+E6-F6-G6 -> 2
A7: 45450 | B7: 201 dated 25/07/2024 | C7: M.S Traders & Engg. | D7: Track Related works | E7: 2 | F7: 0 | G7: 0 | H7: =SUM(E7:G7) -> 2

Sheet 3179
B1: foHkkxh; [kkrk feyku iqLrd DEPARTMENTAL LEDGER AND TALLY BOOK
A2: ewY; lwph@dwV la[;k Price List / Code No. | D2: 36 | E2: feyku i= la[;k Tally Code No. | H2: 1 | I2: ;wfuV Unit | J2: 3
A3: oLrq dk fooj.k Description of the Article | D3: Salety Belt | E3: ys[kk dk;kZy; i`"B la[;k Accounts Office File No. | I3: 3179
A4: ekg vkSj rkjh[k Month and Date | B4: izkfIr ;k fuxZe okmpj la[;k vkSj rkjh[k No. and Date of Receiot or issue Voucher | C4: fdlls izkIr gqvk ;k fdls tkjh fd;k From Whom received or to whom issued | D4: izkfIr ;k fuxZe dk mn~ns'; Purpose for which received or issue | E4: izkfIr Receipt | F4: LFkkukarj.k Transfer | G4: fuxZe Issues | H4: 'ks"k Balance | I4: 3
E5: ux No. Vu Tonnes fd-xzk-Kgs. | F5: ux No. Vu Tonnes fd-xzk-Kgs. | G5: ux No. Vu Tonnes fd-xzk-Kgs. | H5: ux No. Vu Tonnes fd-xzk-Kgs.
E6: =SUM(E7:E1000) -> 2 | F6: =SUM(F7:F1000) -> 0 | G6: =SUM(G7:G1000) -> 1 | H6: =+E6-F6-G6 -> 1
A7: 45450 | B7: 197 dated 29/06/2024 | C7: M.S Traders & Engg. | D7: P-way works | E7: 2 | F7: 0 | G7: 0 | H7: =SUM(E7:G7) -> 2
A8: 45512 | B8: GP/DFC/ Ambala Sr. no. 1213 | C8: Abhishek Sharma Exe/CIVIL/JUDN IMSD/JUDN | D8: P-way works | E8: 0 | F8: 0 | G8: 1 | H8: 1

Sheet 3180
B1: foHkkxh; [kkrk feyku iqLrd DEPARTMENTAL LEDGER AND TALLY BOOK
A2: ewY; lwph@dwV la[;k Price List / Code No. | D2: 37 | E2: feyku i= la[;k Tally Code No. | H2: 1 | I2: ;wfuV Unit | J2: 3
A3: oLrq dk fooj.k Description of the Article | D3: Emergency Lighting (Aska Lioght ) | E3: ys[kk dk;kZy; i`"B la[;k Accounts Office File No. | I3: 3180
A4: ekg vkSj rkjh[k Month and Date | B4: izkfIr ;k fuxZe okmpj la[;k vkSj rkjh[k No. and Date of Receiot or issue Voucher | C4: fdlls izkIr gqvk ;k fdls tkjh fd;k From Whom received or to whom issued | D4: izkfIr ;k fuxZe dk mn~ns'; Purpose for which received or issue | E4: izkfIr Receipt | F4: LFkkukarj.k Transfer | G4: fuxZe Issues | H4: 'ks"k Balance | I4: 3
E5: ux No. Vu Tonnes fd-xzk-Kgs. | F5: ux No. Vu Tonnes fd-xzk-Kgs. | G5: ux No. Vu Tonnes fd-xzk-Kgs. | H5: ux No. Vu Tonnes fd-xzk-Kgs.
E6: =SUM(E7:E1000) -> 2 | F6: =SUM(F7:F1000) -> 0 | G6: =SUM(G7:G1000) -> 0 | H6: =+E6-F6-G6 -> 2
A7: 45299 | B7: LR/IN/24-25/ 0112 Date : 19-07-2024 | C7: LOKOZO Technologics Pvt. Ltd. | D7: P-Way Related work | E7: 2 | F7: 0 | G7: 0 | H7: =SUM(E7:G7) -> 2

Sheet 3181
B1: foHkkxh; [kkrk feyku iqLrd DEPARTMENTAL LEDGER AND TALLY BOOK
A2: ewY; lwph@dwV la[;k Price List / Code No. | D2: 38 | E2: feyku i= la[;k Tally Code No. | H2: 1 | I2: ;wfuV Unit | J2: 3
A3: oLrq dk fooj.k Description of the Article | D3: Caution Board | E3: ys[kk dk;kZy; i`"B la[;k Accounts Office File No. | I3: 3181
A4: ekg vkSj rkjh[k Month and Date | B4: izkfIr ;k fuxZe okmpj la[;k vkSj rkjh[k No. and Date of Receiot or issue Voucher | C4: fdlls izkIr gqvk ;k fdls tkjh fd;k From Whom received or to whom issued | D4: izkfIr ;k fuxZe dk mn~ns'; Purpose for which received or issue | E4: izkfIr Receipt | F4: LFkkukarj.k Transfer | G4: fuxZe Issues | H4: 'ks"k Balance | I4: 3
E5: ux No. Vu Tonnes fd-xzk-Kgs. | F5: ux No. Vu Tonnes fd-xzk-Kgs. | G5: ux No. Vu Tonnes fd-xzk-Kgs. | H5: ux No. Vu Tonnes fd-xzk-Kgs.
E6: =SUM(E7:E1000) -> 10 | F6: =SUM(F7:F1000) -> 0 | G6: =SUM(G7:G1000) -> 7 | H6: =+E6-F6-G6 -> 3
A7: 45451 | B7: 12 dated 06/08/2024 | C7: M.S Traders & Engg. | D7: P-way works | E7: 10 | F7: 0 | G7: 0 | H7: =+E7+F7+G7 -> 10
A8: 45512 | B8: GP/DFC/ Ambala Sr. no. 1212 | C8: Abhishek Sharma Exe/CIVIL/JUDN IMSD/JUDN | D8: P-way works | E8: 0 | F8: 0 | G8: 5 | H8: =+H7+E8-F8-G8 -> 5
A9: 45452 | B9: GP/DFC/ Ambala Sr. no. 1219 | C9: Surendra Kumar Sr. Exe/CIVILl/KNNN | D9: P-way works | E9: 0 | F9: 0 | G9: 2 | H9: =+H8+E9-F9-G9 -> 3

Sheet 3183
B1: foHkkxh; [kkrk feyku iqLrd DEPARTMENTAL LEDGER AND TALLY BOOK
A2: ewY; lwph@dwV la[;k Price List / Code No. | D2: 39 | E2: feyku i= la[;k Tally Code No. | H2: 1 | I2: ;wfuV Unit | J2: 3
A3: oLrq dk fooj.k Description of the Article | D3: T/G Board | E3: ys[kk dk;kZy; i`"B la[;k Accounts Office File No. | I3: 3183
A4: ekg vkSj rkjh[k Month and Date | B4: izkfIr ;k fuxZe okmpj la[;k vkSj rkjh[k No. and Date of Receiot or issue Voucher | C4: fdlls izkIr gqvk ;k fdls tkjh fd;k From Whom received or to whom issued | D4: izkfIr ;k fuxZe dk mn~ns'; Purpose for which received or issue | E4: izkfIr Receipt | F4: LFkkukarj.k Transfer | G4: fuxZe Issues | H4: 'ks"k Balance | I4: 3
E5: ux No. Vu Tonnes fd-xzk-Kgs. | F5: ux No. Vu Tonnes fd-xzk-Kgs. | G5: ux No. Vu Tonnes fd-xzk-Kgs. | H5: ux No. Vu Tonnes fd-xzk-Kgs.
E6: =SUM(E7:E1000) -> 10 | F6: =SUM(F7:F1000) -> 0 | G6: =SUM(G7:G1000) -> 7 | H6: =+E6-F6-G6 -> 3
A7: 45451 | B7: 12 dated 06/08/2024 | C7: M.S Traders & Engg. | D7: P-way works | E7: 10 | F7: 0 | G7: 0 | H7: =+E7+F7+G7 -> 10
A8: 45512 | B8: GP/DFC/ Ambala Sr. no. 1212 | C8: Abhishek Sharma Exe/CIVIL/JUDN IMSD/JUDN | D8: P-way works | E8: 0 | F8: 0 | G8: 5 | H8: =+H7+E8-F8-G8 -> 5
A9: 45452 | B9: GP/DFC/ Ambala Sr. no. 1219 | C9: Surendra Kumar Sr. Exe/CIVILl/KNNN | D9: P-way works | E9: 0 | F9: 0 | G9: 2 | H9: 3

Sheet 3185
B1: foHkkxh; [kkrk feyku iqLrd DEPARTMENTAL LEDGER AND TALLY BOOK
A2: ewY; lwph@dwV la[;k Price List / Code No. | D2: 40 | E2: feyku i= la[;k Tally Code No. | H2: 1 | I2: ;wfuV Unit | J2: 3
A3: oLrq dk fooj.k Description of the Article | D3: Speed Indicator sign Board 10 km | E3: ys[kk dk;kZy; i`"B la[;k Accounts Office File No. | I3: 3185
A4: ekg vkSj rkjh[k Month and Date | B4: izkfIr ;k fuxZe okmpj la[;k vkSj rkjh[k No. and Date of Receiot or issue Voucher | C4: fdlls izkIr gqvk ;k fdls tkjh fd;k From Whom received or to whom issued | D4: izkfIr ;k fuxZe dk mn~ns'; Purpose for which received or issue | E4: izkfIr Receipt | F4: LFkkukarj.k Transfer | G4: fuxZe Issues | H4: 'ks"k Balance | I4: 3
E5: ux No. Vu Tonnes fd-xzk-Kgs. | F5: ux No. Vu Tonnes fd-xzk-Kgs. | G5: ux No. Vu Tonnes fd-xzk-Kgs. | H5: ux No. Vu Tonnes fd-xzk-Kgs.
E6: =SUM(E7:E1000) -> 5 | F6: =SUM(F7:F1000) -> 0 | G6: =SUM(G7:G1000) -> 3 | H6: =+E6-F6-G6 -> 2
A7: 45451 | B7: 12 dated 06/08/2024 | C7: M.S Traders & Engg. | D7: P-way works | E7: 5 | F7: 0 | G7: 0 | H7: 5
A8: 45512 | B8: GP/DFC/ Ambala Sr. no. 1212 | C8: Abhishek Sharma Exe/CIVIL/JUDN IMSD/JUDN | D8: P-way works | E8: 0 | F8: 0 | G8: 2 | H8: 3
A9: 45452 | B9: GP/DFC/ Ambala Sr. no. 1220 | C9: Surendra Kumar Sr. Exe/CIVILl/KNNN | D9: P-way works | E9: 0 | F9: 0 | G9: 1 | H9: 2

Sheet 3186
B1: foHkkxh; [kkrk feyku iqLrd DEPARTMENTAL LEDGER AND TALLY BOOK
A2: ewY; lwph@dwV la[;k Price List / Code No. | D2: 41 | E2: feyku i= la[;k Tally Code No. | H2: 1 | I2: ;wfuV Unit | J2: 3
A3: oLrq dk fooj.k Description of the Article | D3: Speed Indicator sign Board 20 km | E3: ys[kk dk;kZy; i`"B la[;k Accounts Office File No. | I3: 3186
A4: ekg vkSj rkjh[k Month and Date | B4: izkfIr ;k fuxZe okmpj la[;k vkSj rkjh[k No. and Date of Receiot or issue Voucher | C4: fdlls izkIr gqvk ;k fdls tkjh fd;k From Whom received or to whom issued | D4: izkfIr ;k fuxZe dk mn~ns'; Purpose for which received or issue | E4: izkfIr Receipt | F4: LFkkukarj.k Transfer | G4: fuxZe Issues | H4: 'ks"k Balance | I4: 3
E5: ux No. Vu Tonnes fd-xzk-Kgs. | F5: ux No. Vu Tonnes fd-xzk-Kgs. | G5: ux No. Vu Tonnes fd-xzk-Kgs. | H5: ux No. Vu Tonnes fd-xzk-Kgs.
E6: =SUM(E7:E1000) -> 10 | F6: =SUM(F7:F1000) -> 0 | G6: =SUM(G7:G1000) -> 7 | H6: =+E6-F6-G6 -> 3
A7: 45451 | B7: 12 dated 06/08/2024 | C7: M.S Traders & Engg. | D7: P-way works | E7: 10 | F7: 0 | G7: 0 | H7: 10
A8: 45512 | B8: GP/DFC/ Ambala Sr. no. 1212 | C8: Abhishek Sharma Exe/CIVIL/JUDN IMSD/JUDN | D8: P-way works | E8: 0 | F8: 0 | G8: 5 | H8: 5
A9: 45452 | B9: GP/DFC/ Ambala Sr. no. 1219 | C9: Surendra Kumar Sr. Exe/CIVILl/KNNN | D9: P-way works | E9: 0 | F9: 0 | G9: 2 | H9: 3

Sheet 3187
B1: foHkkxh; [kkrk feyku iqLrd DEPARTMENTAL LEDGER AND TALLY BOOK
A2: ewY; lwph@dwV la[;k Price List / Code No. | D2: 42 | E2: feyku i= la[;k Tally Code No. | H2: 1 | I2: ;wfuV Unit | J2: 3
A3: oLrq dk fooj.k Description of the Article | D3: Speed Indicator sign Board 30 km | E3: ys[kk dk;kZy; i`"B la[;k Accounts Office File No. | I3: 3187
A4: ekg vkSj rkjh[k Month and Date | B4: izkfIr ;k fuxZe okmpj la[;k vkSj rkjh[k No. and Date of Receiot or issue Voucher | C4: fdlls izkIr gqvk ;k fdls tkjh fd;k From Whom received or to whom issued | D4: izkfIr ;k fuxZe dk mn~ns'; Purpose for which received or issue | E4: izkfIr Receipt | F4: LFkkukarj.k Transfer | G4: fuxZe Issues | H4: 'ks"k Balance | I4: 3
E5: ux No. Vu Tonnes fd-xzk-Kgs. | F5: ux No. Vu Tonnes fd-xzk-Kgs. | G5: ux No. Vu Tonnes fd-xzk-Kgs. | H5: ux No. Vu Tonnes fd-xzk-Kgs.
E6: =SUM(E7:E1000) -> 25 | F6: =SUM(F7:F1000) -> 0 | G6: =SUM(G7:G1000) -> 14 | H6: =+E6-F6-G6 -> 11
A7: 45451 | B7: 12 dated 06/08/2024 | C7: M.S Traders & Engg. | D7: P-way works | E7: 10 | F7: 0 | G7: 0 | H7: 10
A8: 45512 | B8: GP/DFC/ Ambala Sr. no. 1212 | C8: Abhishek Sharma Exe/CIVIL/JUDN IMSD/JUDN | D8: P-way works | E8: 0 | F8: 0 | G8: 5 | H8: =+H7+E8-F8-G8 -> 5
A9: 45421 | B9: DC-193 Date- 05/09/2024 | C9: M.J Trade & Fabrication | D9: P-way works | E9: 15 | F9: 0 | G9: 0 | H9: =+H8+E9-F9-G9 -> 20
A10: 45452 | B10: GP/DFC/ Ambala Sr. no. 1219 | C10: Surendra Kumar Sr. Exe/CIVILl/KNNN | D10: P-way works | E10: 0 | F10: 0 | G10: 2 | H10: =+H9+E10-F10-G10 -> 18
A11: 14/09/2024 | B11: GP/DFC/ Ambala Sr. no. 1219 | C11: Vibhanshu Prashar Sr. Ex/CIVIL/JUDN IMSD/JUDN | D11: P-way works | E11: 0 | F11: 0 | G11: 7 | H11: =+H10+E11-F11-G11 -> 11

Sheet 3188
B1: foHkkxh; [kkrk feyku iqLrd DEPARTMENTAL LEDGER AND TALLY BOOK
A2: ewY; lwph@dwV la[;k Price List / Code No. | D2: 43 | E2: feyku i= la[;k Tally Code No. | H2: 1 | I2: ;wfuV Unit | J2: 3
A3: oLrq dk fooj.k Description of the Article | D3: Speed Indicator sign Board 45 km | E3: ys[kk dk;kZy; i`"B la[;k Accounts Office File No. | I3: 3188
A4: ekg vkSj rkjh[k Month and Date | B4: izkfIr ;k fuxZe okmpj la[;k vkSj rkjh[k No. and Date of Receiot or issue Voucher | C4: fdlls izkIr gqvk ;k fdls tkjh fd;k From Whom received or to whom issued | D4: izkfIr ;k fuxZe dk mn~ns'; Purpose for which received or issue | E4: izkfIr Receipt | F4: LFkkukarj.k Transfer | G4: fuxZe Issues | H4: 'ks"k Balance | I4: 3
E5: ux No. Vu Tonnes fd-xzk-Kgs. | F5: ux No. Vu Tonnes fd-xzk-Kgs. | G5: ux No. Vu Tonnes fd-xzk-Kgs. | H5: ux No. Vu Tonnes fd-xzk-Kgs.
E6: =SUM(E7:E1000) -> 10 | F6: =SUM(F7:F1000) -> 0 | G6: =SUM(G7:G1000) -> 7 | H6: =+E6-F6-G6 -> 3
A7: 45451 | B7: 12 dated 06/08/2024 | C7: M.S Traders & Engg. | D7: P-way works | E7: 10 | F7: 0 | G7: 0 | H7: 10
A8: 45512 | B8: GP/DFC/ Ambala Sr. no. 1213 | C8: Abhishek Sharma Exe/CIVIL/JUDN IMSD/JUDN | D8: P-way works | E8: 0 | F8: 0 | G8: 5 | H8: =+H7+E8-F8-G8 -> 5
A9: 45452 | B9: GP/DFC/ Ambala Sr. no. 1219 | C9: Surendra Kumar Sr. Exe/CIVILl/KNNN | D9: P-way works | E9: 0 | F9: 0 | G9: 2 | H9: =+H8+E9-F9-G9 -> 3

Sheet 3189
B1: foHkkxh; [kkrk feyku iqLrd DEPARTMENTAL LEDGER AND TALLY BOOK
A2: ewY; lwph@dwV la[;k Price List / Code No. | D2: 44 | E2: feyku i= la[;k Tally Code No. | H2: 1 | I2: ;wfuV Unit | J2: 3
A3: oLrq dk fooj.k Description of the Article | D3: Speed Indicator sign Board 75 km | E3: ys[kk dk;kZy; i`"B la[;k Accounts Office File No. | I3: 3189
A4: ekg vkSj rkjh[k Month and Date | B4: izkfIr ;k fuxZe okmpj la[;k vkSj rkjh[k No. and Date of Receiot or issue Voucher | C4: fdlls izkIr gqvk ;k fdls tkjh fd;k From Whom received or to whom issued | D4: izkfIr ;k fuxZe dk mn~ns'; Purpose for which received or issue | E4: izkfIr Receipt | F4: LFkkukarj.k Transfer | G4: fuxZe Issues | H4: 'ks"k Balance | I4: 3
E5: ux No. Vu Tonnes fd-xzk-Kgs. | F5: ux No. Vu Tonnes fd-xzk-Kgs. | G5: ux No. Vu Tonnes fd-xzk-Kgs. | H5: ux No. Vu Tonnes fd-xzk-Kgs.
E6: =SUM(E7:E1000) -> 10 | F6: =SUM(F7:F1000) -> 0 | G6: =SUM(G7:G1000) -> 7 | H6: =+E6-F6-G6 -> 3
A7: 45451 | B7: 12 dated 06/08/2024 | C7: M.S Traders & Engg. | D7: P-way works | E7: 10 | F7: 0 | G7: 0 | H7: 10
A8: 45512 | B8: GP/DFC/ Ambala Sr. no. 1213 | C8: Abhishek Sharma Exe/CIVIL/JUDN IMSD/JUDN | D8: P-way works | E8: 0 | F8: 0 | G8: 5 | H8: =+H7-F8-G8+E8 -> 5
A9: 45452 | B9: GP/DFC/ Ambala Sr. no. 1219 | C9: Surendra Kumar Sr. Exe/CIVILl/KNNN | D9: P-way works | E9: 0 | F9: 0 | G9: 2 | H9: =+H8-F9-G9+E9 -> 3

Sheet 3190
B1: foHkkxh; [kkrk feyku iqLrd DEPARTMENTAL LEDGER AND TALLY BOOK
A2: ewY; lwph@dwV la[;k Price List / Code No. | D2: 44 | E2: feyku i= la[;k Tally Code No. | H2: 1 | I2: ;wfuV Unit | J2: 3
A3: oLrq dk fooj.k Description of the Article | D3: DC Generator | E3: ys[kk dk;kZy; i`"B la[;k Accounts Office File No. | I3: 3189
A4: ekg vkSj rkjh[k Month and Date | B4: izkfIr ;k fuxZe okmpj la[;k vkSj rkjh[k No. and Date of Receiot or issue Voucher | C4: fdlls izkIr gqvk ;k fdls tkjh fd;k From Whom received or to whom issued | D4: izkfIr ;k fuxZe dk mn~ns'; Purpose for which received or issue | E4: izkfIr Receipt | F4: LFkkukarj.k Transfer | G4: fuxZe Issues | H4: 'ks"k Balance | I4: 3
E5: ux No. Vu Tonnes fd-xzk-Kgs. | F5: ux No. Vu Tonnes fd-xzk-Kgs. | G5: ux No. Vu Tonnes fd-xzk-Kgs. | H5: ux No. Vu Tonnes fd-xzk-Kgs.
E6: =SUM(E7:E1000) -> 1 | F6: =SUM(F7:F1000) -> 0 | G6: =SUM(G7:G1000) -> 0 | H6: =+E6-F6-G6 -> 1
A7: 45980 | B7: MTO/DFC/Ambala/Sr.No. 1179 dt. 18.11.2025 | C7: IMSD JUDN | D7: P-way works | E7: 1 | F7: 0 | G7: 0 | H7: 1

Sheet 3191
B1: foHkkxh; [kkrk feyku iqLrd DEPARTMENTAL LEDGER AND TALLY BOOK
A2: ewY; lwph@dwV la[;k Price List / Code No. | D2: 45 | E2: feyku i= la[;k Tally Code No. | H2: 1 | I2: ;wfuV Unit | J2: 3
A3: oLrq dk fooj.k Description of the Article | D3: Air Coolers | E3: ys[kk dk;kZy; i`"B la[;k Accounts Office File No. | I3: 3191
A4: ekg vkSj rkjh[k Month and Date | B4: izkfIr ;k fuxZe okmpj la[;k vkSj rkjh[k No. and Date of Receiot or issue Voucher | C4: fdlls izkIr gqvk ;k fdls tkjh fd;k From Whom received or to whom issued | D4: izkfIr ;k fuxZe dk mn~ns'; Purpose for which received or issue | E4: izkfIr Receipt | F4: LFkkukarj.k Transfer | G4: fuxZe Issues | H4: 'ks"k Balance | I4: 3
E5: ux No. Vu Tonnes fd-xzk-Kgs. | F5: ux No. Vu Tonnes fd-xzk-Kgs. | G5: ux No. Vu Tonnes fd-xzk-Kgs. | H5: ux No. Vu Tonnes fd-xzk-Kgs.
E6: =SUM(E7:E1000) -> 4 | F6: =SUM(F7:F1000) -> 0 | G6: =SUM(G7:G1000) -> 0 | H6: =+E6-F6-G6 -> 4
A7: 45481 | C7: Elect. Department | D7: IMSD Office USE | E7: 4 | F7: 0 | G7: 0 | H7: =SUM(E7:G7) -> 4

Sheet 3194
B1: foHkkxh; [kkrk feyku iqLrd DEPARTMENTAL LEDGER AND TALLY BOOK
A2: ewY; lwph@dwV la[;k Price List / Code No. | D2: 48 | E2: feyku i= la[;k Tally Code No. | H2: 1 | I2: ;wfuV Unit | J2: 3
A3: oLrq dk fooj.k Description of the Article | D3: W Board | E3: ys[kk dk;kZy; i`"B la[;k Accounts Office File No. | I3: 3194
A4: ekg vkSj rkjh[k Month and Date | B4: izkfIr ;k fuxZe okmpj la[;k vkSj rkjh[k No. and Date of Receiot or issue Voucher | C4: fdlls izkIr gqvk ;k fdls tkjh fd;k From Whom received or to whom issued | D4: izkfIr ;k fuxZe dk mn~ns'; Purpose for which received or issue | E4: izkfIr Receipt | F4: LFkkukarj.k Transfer | G4: fuxZe Issues | H4: 'ks"k Balance | I4: 3
E5: ux No. Vu Tonnes fd-xzk-Kgs. | F5: ux No. Vu Tonnes fd-xzk-Kgs. | G5: ux No. Vu Tonnes fd-xzk-Kgs. | H5: ux No. Vu Tonnes fd-xzk-Kgs.
E6: =SUM(E7:E1000) -> 62 | F6: =SUM(F7:F1000) -> 17 | G6: =SUM(G7:G1000) -> 28 | H6: =+E6-F6-G6 -> 17
A7: 45421 | B7: DC-193 dated 05/09/2024 | C7: M.S Traders & Fabrication | D7: P-way works | E7: 45 | F7: 0 | G7: 0 | H7: 45
A8: 14/09/2024 | B8: GP/DFC/ Ambala Sr. no. 1221 | C8: Vibhanshu Prasher Exe/CIVIL/JUDN IMSD/JUDN | D8: P-way works | E8: 0 | F8: 0 | G8: 22 | H8: =+H7+E8-F8-G8 -> 23
A9: 46281 | B9: As per Imsd incharge | C9: IMSD SMUN SECTION | D9: P-way works | E9: 0 | F9: 0 | G9: 6 | H9: =+H8+E9-F9-G9 -> 17
A10: 46123 | B10: GP/DFC/ Ambala Sr. no. 2205 | C10: IMD CHAN | D10: P-way works | E10: 0 | F10: 17 | G10: 0 | H10: =+H9+E10-F10-G10 -> 0
A11: 46239 | B11: MTO/DFC/ Ambala Sr. No. 1035 | C11: IMD CHAN | D11: P-way works | E11: 17 | F11: 0 | G11: 0 | H11: =+H10+E11-F11-G11 -> 17

Sheet 3198
B1: foHkkxh; [kkrk feyku iqLrd DEPARTMENTAL LEDGER AND TALLY BOOK
A2: ewY; lwph@dwV la[;k Price List / Code No. | D2: 51 | E2: feyku i= la[;k Tally Code No. | H2: 1 | I2: ;wfuV Unit | J2: 3
A3: oLrq dk fooj.k Description of the Article | D3: All In One Computer (HD) | E3: ys[kk dk;kZy; i`"B la[;k Accounts Office File No. | I3: 3198
A4: ekg vkSj rkjh[k Month and Date | B4: izkfIr ;k fuxZe okmpj la[;k vkSj rkjh[k No. and Date of Receiot or issue Voucher | C4: fdlls izkIr gqvk ;k fdls tkjh fd;k From Whom received or to whom issued | D4: izkfIr ;k fuxZe dk mn~ns'; Purpose for which received or issue | E4: izkfIr Receipt | F4: LFkkukarj.k Transfer | G4: fuxZe Issues | H4: 'ks"k Balance | I4: 3
E5: ux No. Vu Tonnes fd-xzk-Kgs. | F5: ux No. Vu Tonnes fd-xzk-Kgs. | G5: ux No. Vu Tonnes fd-xzk-Kgs. | H5: ux No. Vu Tonnes fd-xzk-Kgs.
E6: =SUM(E7:E1000) -> 4 | F6: =SUM(F7:F1000) -> 0 | G6: =SUM(G7:G1000) -> 1 | H6: =+E6-F6-G6 -> 3
A7: 45545 | B7: LT-2024-25-681 01-10-2024 | C7: Leap Technologes | D7: Office work | E7: 4 | F7: 0 | G7: 0 | H7: =SUM(E7:G7) -> 4
A8: 14/10/2024 | B8: GP/DFC/ Ambala Sr.no. 1223 Date 14.10.2024 | C8: IMSD JUDN Exe/CIVIL/JUDN | D8: Office work | E8: 0 | F8: 0 | G8: 1 | H8: 3

Sheet 3201
B1: foHkkxh; [kkrk feyku iqLrd DEPARTMENTAL LEDGER AND TALLY BOOK
A2: ewY; lwph@dwV la[;k Price List / Code No. | D2: 1 | E2: feyku i= la[;k Tally Code No. | H2: 1 | I2: ;wfuV Unit | J2: 1
A3: oLrq dk fooj.k Description of the Article | D3: TENT | E3: ys[kk dk;kZy; i`"B la[;k Accounts Office File No. | I3: 3201
A4: ekg vkSj rkjh[k Month and Date | B4: izkfIr ;k fuxZe okmpj la[;k vkSj rkjh[k No. and Date of Receiot or issue Voucher | C4: fdlls izkIr gqvk ;k fdls tkjh fd;k From Whom received or to whom issued | D4: izkfIr ;k fuxZe dk mn~ns'; Purpose for which received or issue | E4: izkfIr Receipt | F4: LFkkukarj.k Transfer | G4: fuxZe Issues | H4: 'ks"k Balance | I4: vk|{kj Signature
E5: ux No. Vu Tonnes fd-xzk-Kgs. | F5: ux No. Vu Tonnes fd-xzk-Kgs. | G5: ux No. Vu Tonnes fd-xzk-Kgs. | H5: ux No. Vu Tonnes fd-xzk-Kgs.
E6: =SUM(E7:E998) -> 4 | F6: =SUM(F7:F998) -> 0 | G6: =SUM(G7:G998) -> 2 | H6: =+E6-F6-G6 -> 2
A7: 17/03/2024 | B7: 167 Dated 16.03.2024 | C7: M.S Traders & Enginers | D7: For track Maintence & Related works | E7: 4 | F7: 0 | G7: 0 | H7: =SUM(E7:G7) -> 4
A8: 28/05/2024 | B8: 167 Date 16.03.2024 M.S Treades & engg | C8: M.S Traders & Enginers | D8: Issued to IMSD JUDN | E8: 0 | F8: 0 | G8: 2 | H8: =H7-G8-F8+E8 -> 2

Sheet 3204
B1: foHkkxh; [kkrk feyku iqLrd DEPARTMENTAL LEDGER AND TALLY BOOK
A2: ewY; lwph@dwV la[;k Price List / Code No. | D2: 2 | E2: feyku i= la[;k Tally Code No. | H2: 1 | I2: ;wfuV Unit | J2: 1
A3: oLrq dk fooj.k Description of the Article | D3: CHAIR(Plastic) | E3: ys[kk dk;kZy; i`"B la[;k Accounts Office File No. | I3: 3204
A4: ekg vkSj rkjh[k Month and Date | B4: izkfIr ;k fuxZe okmpj la[;k vkSj rkjh[k No. and Date of Receiot or issue Voucher | C4: fdlls izkIr gqvk ;k fdls tkjh fd;k From Whom received or to whom issued | D4: izkfIr ;k fuxZe dk mn~ns'; Purpose for which received or issue | E4: izkfIr Receipt | F4: LFkkukarj.k Transfer | G4: fuxZe Issues | H4: 'ks"k Balance | I4: vk|{kj Signature
E5: ux No. Vu Tonnes fd-xzk-Kgs. | F5: ux No. Vu Tonnes fd-xzk-Kgs. | G5: ux No. Vu Tonnes fd-xzk-Kgs. | H5: ux No. Vu Tonnes fd-xzk-Kgs.
E6: =SUM(E7:E998) -> 20 | F6: =SUM(F7:F998) -> 0 | G6: =SUM(G7:G998) -> 14 | H6: =+E6-F6-G6 -> 6
A7: 17/03/2024 | B7: 167 Dated 16.03.2024 | C7: M.S Traders & Enginers | D7: For track Maintence & Related works | E7: 20 | F7: 0 | G7: 0 | H7: =SUM(E7:G7) -> 20
A8: 28/05/2024 | B8: 167 Date 16.03.2024 M.S Treades & engg | C8: Exce/ CIVILl-1/ JUDN Abhishek Sharma | D8: Issued to IMSD JUDN | E8: 0 | F8: 0 | G8: 10 | H8: =H7-G8-F8+E8 -> 10
A9: 15/09/2024 | B9: Gp/DFC/ Ambala Sr. No. 1222 | C9: Satish kr Bharadaz sr. Exe/ SMUN / Mech. | D9: Office use | E9: 0 | F9: 0 | G9: 4 | H9: 6

Sheet 3207
B1: foHkkxh; [kkrk feyku iqLrd DEPARTMENTAL LEDGER AND TALLY BOOK
A2: ewY; lwph@dwV la[;k Price List / Code No. | D2: 3 | E2: feyku i= la[;k Tally Code No. | H2: 1 | I2: ;wfuV Unit | J2: 1
A3: oLrq dk fooj.k Description of the Article | D3: Table | E3: ys[kk dk;kZy; i`"B la[;k Accounts Office File No. | I3: 3207
A4: ekg vkSj rkjh[k Month and Date | B4: izkfIr ;k fuxZe okmpj la[;k vkSj rkjh[k No. and Date of Receiot or issue Voucher | C4: fdlls izkIr gqvk ;k fdls tkjh fd;k From Whom received or to whom issued | D4: izkfIr ;k fuxZe dk mn~ns'; Purpose for which received or issue | E4: izkfIr Receipt | F4: LFkkukarj.k Transfer | G4: fuxZe Issues | H4: 'ks"k Balance | I4: vk|{kj Signature
E5: ux No. Vu Tonnes fd-xzk-Kgs. | F5: ux No. Vu Tonnes fd-xzk-Kgs. | G5: ux No. Vu Tonnes fd-xzk-Kgs. | H5: ux No. Vu Tonnes fd-xzk-Kgs.
E6: =SUM(E7:E998) -> 4 | F6: =SUM(F7:F998) -> 0 | G6: =SUM(G7:G998) -> 2 | H6: =+E6-F6-G6 -> 2
A7: 17/03/2024 | B7: 167 Dated 16.03.2024 | C7: M.S Traders & Enginers | D7: For track Maintence & Related works | E7: 4 | F7: 0 | G7: 0 | H7: =SUM(E7:G7) -> 4
A8: 28/05/2024 | B8: 167 Date 16.03.2024 M.S Treades & engg | C8: Exce/ CIVILl-1/ JUDN Abhishek Sharma | D8: Issued to IMSD JUDN | E8: 0 | F8: 0 | G8: 2 | H8: =H7-G8-F8+E8 -> 2

Sheet 3219
B1: foHkkxh; [kkrk feyku iqLrd DEPARTMENTAL LEDGER AND TALLY BOOK
A2: ewY; lwph@dwV la[;k Price List / Code No. | D2: 9 | E2: feyku i= la[;k Tally Code No. | H2: 1 | I2: ;wfuV Unit | J2: 1
A3: oLrq dk fooj.k Description of the Article | D3: RAIL DRILLING TOOL 31.5 MM | E3: ys[kk dk;kZy; i`"B la[;k Accounts Office File No. | I3: 3219
A4: ekg vkSj rkjh[k Month and Date | B4: izkfIr ;k fuxZe okmpj la[;k vkSj rkjh[k No. and Date of Receiot or issue Voucher | C4: fdlls izkIr gqvk ;k fdls tkjh fd;k From Whom received or to whom issued | D4: izkfIr ;k fuxZe dk mn~ns'; Purpose for which received or issue | E4: izkfIr Receipt | F4: LFkkukarj.k Transfer | G4: fuxZe Issues | H4: 'ks"k Balance | I4: s
E5: ux No. Vu Tonnes fd-xzk-Kgs. | F5: ux No. Vu Tonnes fd-xzk-Kgs. | G5: ux No. Vu Tonnes fd-xzk-Kgs. | H5: ux No. Vu Tonnes fd-xzk-Kgs.
E6: =SUM(E7:E998) -> 20 | F6: =SUM(F7:F998) -> 0 | G6: =SUM(G7:G998) -> 10 | H6: =+E6-F6-G6 -> 10
A7: 17/03/2024 | B7: 167 Dated 16.03.2024 | C7: M.S Traders & Enginers | D7: For track Maintence & Related works | E7: 19 | F7: 0 | G7: 0 | H7: =SUM(E7:G7) -> 19
A8: 28/05/2024 | B8: 167 Date 16.03.2024 M.S Treades & engg | C8: Exce/ CIVILl-1/ JUDN Abhishek Sharma | D8: Issued to IMSD JUDN | E8: 0 | F8: 0 | G8: 10 | H8: =H7-G8-F8+E8 -> 9
A9: 28/07/2024 | B9: 197 DATED 29.06.24 | C9: M.S Traders & Enginers | D9: P-WAY WORKS | E9: 1 | F9: 0 | G9: 0 | H9: =H8-G9-F9+E9 -> 10

Sheet 3220
B1: foHkkxh; [kkrk feyku iqLrd DEPARTMENTAL LEDGER AND TALLY BOOK
A2: ewY; lwph@dwV la[;k Price List / Code No. | D2: 10 | E2: feyku i= la[;k Tally Code No. | H2: 1 | I2: ;wfuV Unit | J2: 1
A3: oLrq dk fooj.k Description of the Article | D3: RAIL DRILLING TOOL 26.5 MM | E3: ys[kk dk;kZy; i`"B la[;k Accounts Office File No. | I3: 3220
A4: ekg vkSj rkjh[k Month and Date | B4: izkfIr ;k fuxZe okmpj la[;k vkSj rkjh[k No. and Date of Receiot or issue Voucher | C4: fdlls izkIr gqvk ;k fdls tkjh fd;k From Whom received or to whom issued | D4: izkfIr ;k fuxZe dk mn~ns'; Purpose for which received or issue | E4: izkfIr Receipt | F4: LFkkukarj.k Transfer | G4: fuxZe Issues | H4: 'ks"k Balance | I4: s
E5: ux No. Vu Tonnes fd-xzk-Kgs. | F5: ux No. Vu Tonnes fd-xzk-Kgs. | G5: ux No. Vu Tonnes fd-xzk-Kgs. | H5: ux No. Vu Tonnes fd-xzk-Kgs.
E6: =SUM(E7:E998) -> 20 | F6: =SUM(F7:F998) -> 0 | G6: =SUM(G7:G998) -> 10 | H6: =+E6-F6-G6 -> 10
A7: 17/03/2024 | B7: 167 Dated 16.03.2024 | C7: M.S Traders & Enginers | D7: For track Maintence & Related works | E7: 19 | F7: 0 | G7: 0 | H7: =SUM(E7:G7) -> 19
A8: 28/05/2024 | B8: 167 Date 16.03.2024 M.S Treades & engg | C8: Exce/ CIVILl-1/ JUDN Abhishek Sharma | D8: Issued to IMSD JUDN | E8: 0 | F8: 0 | G8: 10 | H8: =H7-G8-F8+E8 -> 9
A9: 28/07/2024 | B9: 197 DATED 29.06.24 | C9: M.S Traders & Enginers | D9: P-WAY WORKS | E9: 1 | F9: 0 | G9: 0 | H9: =H8-G9-F9+E9 -> 10

Sheet 3221
B1: foHkkxh; [kkrk feyku iqLrd DEPARTMENTAL LEDGER AND TALLY BOOK
A2: ewY; lwph@dwV la[;k Price List / Code No. | D2: 11 | E2: feyku i= la[;k Tally Code No. | H2: 1 | I2: ;wfuV Unit | J2: 1
A3: oLrq dk fooj.k Description of the Article | D3: RAIL DRILLING TOOL 18 MM | E3: ys[kk dk;kZy; i`"B la[;k Accounts Office File No. | I3: 3221
A4: ekg vkSj rkjh[k Month and Date | B4: izkfIr ;k fuxZe okmpj la[;k vkSj rkjh[k No. and Date of Receiot or issue Voucher | C4: fdlls izkIr gqvk ;k fdls tkjh fd;k From Whom received or to whom issued | D4: izkfIr ;k fuxZe dk mn~ns'; Purpose for which received or issue | E4: izkfIr Receipt | F4: LFkkukarj.k Transfer | G4: fuxZe Issues | H4: 'ks"k Balance | I4: s
E5: ux No. Vu Tonnes fd-xzk-Kgs. | F5: ux No. Vu Tonnes fd-xzk-Kgs. | G5: ux No. Vu Tonnes fd-xzk-Kgs. | H5: ux No. Vu Tonnes fd-xzk-Kgs.
E6: =SUM(E7:E998) -> 10 | F6: =SUM(F7:F998) -> 0 | G6: =SUM(G7:G998) -> 5 | H6: =+E6-F6-G6 -> 5
A7: 17/03/2024 | B7: 167 Dated 16.03.2024 | C7: M.S Traders & Enginers | D7: For track Maintence & Related works | E7: 5 | F7: 0 | G7: 0 | H7: =SUM(E7:G7) -> 5
A8: 28/05/2024 | B8: 167 Date 16.03.2024 M.S Treades & engg | C8: Exce/ CIVILl-1/ JUDN Abhishek Sharma | D8: Issued to IMSD JUDN | E8: 0 | F8: 0 | G8: 5 | H8: =H7-G8-F8+E8 -> 0
A9: 26/07/2024 | B9: 197 DATED 29.06.24 | C9: M.S Traders & Enginers | D9: P-WAY WORKS | E9: 5 | F9: 0 | G9: 0 | H9: =H8-G9-F9+E9 -> 5

Sheet 3222
B1: foHkkxh; [kkrk feyku iqLrd DEPARTMENTAL LEDGER AND TALLY BOOK
A2: ewY; lwph@dwV la[;k Price List / Code No. | D2: 11 | E2: feyku i= la[;k Tally Code No. | H2: 1 | I2: ;wfuV Unit | J2: 1
A3: oLrq dk fooj.k Description of the Article | D3: STRAIGHT EDGE | E3: ys[kk dk;kZy; i`"B la[;k Accounts Office File No. | I3: 3222
A4: ekg vkSj rkjh[k Month and Date | B4: izkfIr ;k fuxZe okmpj la[;k vkSj rkjh[k No. and Date of Receiot or issue Voucher | C4: fdlls izkIr gqvk ;k fdls tkjh fd;k From Whom received or to whom issued | D4: izkfIr ;k fuxZe dk mn~ns'; Purpose for which received or issue | E4: izkfIr Receipt | F4: LFkkukarj.k Transfer | G4: fuxZe Issues | H4: 'ks"k Balance | I4: s
E5: ux No. Vu Tonnes fd-xzk-Kgs. | F5: ux No. Vu Tonnes fd-xzk-Kgs. | G5: ux No. Vu Tonnes fd-xzk-Kgs. | H5: ux No. Vu Tonnes fd-xzk-Kgs.
E6: =SUM(E7:E998) -> 7 | F6: =SUM(F7:F998) -> 0 | G6: =SUM(G7:G998) -> 3 | H6: =+E6-F6-G6 -> 4
A7: 17/03/2024 | B7: 167 Dated 16.03.2024 | C7: M.S Traders & Enginers | D7: For track Maintence & Related works | E7: 5 | F7: 0 | G7: 0 | H7: =SUM(E7:G7) -> 5
A8: 28/05/2024 | B8: 167 Date 16.03.2024 M.S Treades & engg | C8: Exce/ CIVILl-1/ JUDN Abhishek Sharma | D8: Issued to IMSD JUDN | E8: 0 | F8: 0 | G8: 2 | H8: =H7-G8-F8+E8 -> 3
A9: 26/07/2024 | B9: 197 DATED 26.07.24 | C9: M.S Traders & Enginers | D9: P-WAY WORKS | E9: 2 | F9: 0 | G9: 0 | H9: =H8-G9-F9+E9 -> 5
A10: 45573 | B10: GP/DFC/ AMBALA Sr. No. 1216 | C10: Abhishek sharma Exe/ce/ JUDN IMSD JUDN | D10: P-WAY WORKS | E10: 0 | F10: 0 | G10: 1 | H10: =H9-G10-F10+E10 -> 4

Sheet 3224
B1: foHkkxh; [kkrk feyku iqLrd DEPARTMENTAL LEDGER AND TALLY BOOK
A2: ewY; lwph@dwV la[;k Price List / Code No. | D2: 12 | E2: feyku i= la[;k Tally Code No. | H2: 1 | I2: ;wfuV Unit | J2: 1
A3: oLrq dk fooj.k Description of the Article | D3: TRACK JACK | E3: ys[kk dk;kZy; i`"B la[;k Accounts Office File No. | I3: 3224
A4: ekg vkSj rkjh[k Month and Date | B4: izkfIr ;k fuxZe okmpj la[;k vkSj rkjh[k No. and Date of Receiot or issue Voucher | C4: fdlls izkIr gqvk ;k fdls tkjh fd;k From Whom received or to whom issued | D4: izkfIr ;k fuxZe dk mn~ns'; Purpose for which received or issue | E4: izkfIr Receipt | F4: LFkkukarj.k Transfer | G4: fuxZe Issues | H4: 'ks"k Balance | I4: s
E5: ux No. Vu Tonnes fd-xzk-Kgs. | F5: ux No. Vu Tonnes fd-xzk-Kgs. | G5: ux No. Vu Tonnes fd-xzk-Kgs. | H5: ux No. Vu Tonnes fd-xzk-Kgs.
E6: =SUM(E7:E998) -> 20 | F6: =SUM(F7:F998) -> 0 | G6: =SUM(G7:G998) -> 10 | H6: =+E6-F6-G6 -> 10
A7: 17/03/2024 | B7: 167 Dated 16.03.2024 | C7: M.S Traders & Enginers | D7: For track Maintence & Related works | E7: 20 | F7: 0 | G7: 0 | H7: =SUM(E7:G7) -> 20
A8: 28/05/2024 | B8: 167 Date 16.03.2024 M.S Treades & engg | C8: Exce/ CIVILl-1/ JUDN Abhishek Sharma | D8: Issued to IMSD JUDN | E8: 0 | F8: 0 | G8: 10 | H8: =H7-G8-F8+E8 -> 10

Sheet 3226
B1: foHkkxh; [kkrk feyku iqLrd DEPARTMENTAL LEDGER AND TALLY BOOK
A2: ewY; lwph@dwV la[;k Price List / Code No. | D2: 13 | E2: feyku i= la[;k Tally Code No. | H2: 1 | I2: ;wfuV Unit | J2: 1
A3: oLrq dk fooj.k Description of the Article | D3: RAIL THERMOMETER | E3: ys[kk dk;kZy; i`"B la[;k Accounts Office File No. | I3: 3226
A4: ekg vkSj rkjh[k Month and Date | B4: izkfIr ;k fuxZe okmpj la[;k vkSj rkjh[k No. and Date of Receiot or issue Voucher | C4: fdlls izkIr gqvk ;k fdls tkjh fd;k From Whom received or to whom issued | D4: izkfIr ;k fuxZe dk mn~ns'; Purpose for which received or issue | E4: izkfIr Receipt | F4: LFkkukarj.k Transfer | G4: fuxZe Issues | H4: 'ks"k Balance | I4: s
E5: ux No. Vu Tonnes fd-xzk-Kgs. | F5: ux No. Vu Tonnes fd-xzk-Kgs. | G5: ux No. Vu Tonnes fd-xzk-Kgs. | H5: ux No. Vu Tonnes fd-xzk-Kgs.
E6: =SUM(E7:E998) -> 10 | F6: =SUM(F7:F998) -> 0 | G6: =SUM(G7:G998) -> 5 | H6: =+E6-F6-G6 -> 5
A7: 17/03/2024 | B7: 167 Dated 16.03.2024 | C7: M.S Traders & Enginers | D7: For track Maintence & Related works | E7: 10 | F7: 0 | G7: 0 | H7: =SUM(E7:G7) -> 10
A8: 28/05/2024 | B8: 167 Date 16.03.2024 M.S Treades & engg | C8: Exce/ CIVILl-1/ JUDN Abhishek Sharma | D8: Issued to IMSD JUDN | E8: 0 | F8: 0 | G8: 5 | H8: =H7-G8-F8+E8 -> 5

Sheet 3228
B1: foHkkxh; [kkrk feyku iqLrd DEPARTMENTAL LEDGER AND TALLY BOOK
A2: ewY; lwph@dwV la[;k Price List / Code No. | D2: 14 | E2: feyku i= la[;k Tally Code No. | H2: 1 | I2: ;wfuV Unit | J2: 1
A3: oLrq dk fooj.k Description of the Article | D3: PWT KIT | E3: ys[kk dk;kZy; i`"B la[;k Accounts Office File No. | I3: 3228
A4: ekg vkSj rkjh[k Month and Date | B4: izkfIr ;k fuxZe okmpj la[;k vkSj rkjh[k No. and Date of Receiot or issue Voucher | C4: fdlls izkIr gqvk ;k fdls tkjh fd;k From Whom received or to whom issued | D4: izkfIr ;k fuxZe dk mn~ns'; Purpose for which received or issue | E4: izkfIr Receipt | F4: LFkkukarj.k Transfer | G4: fuxZe Issues | H4: 'ks"k Balance | I4: s
E5: ux No. Vu Tonnes fd-xzk-Kgs. | F5: ux No. Vu Tonnes fd-xzk-Kgs. | G5: ux No. Vu Tonnes fd-xzk-Kgs. | H5: ux No. Vu Tonnes fd-xzk-Kgs.
E6: =SUM(E7:E998) -> 7 | F6: =SUM(F7:F998) -> 0 | G6: =SUM(G7:G998) -> 3 | H6: =+E6-F6-G6 -> 4
A7: 17/03/2024 | B7: 167 Dated 16.03.2024 | C7: M.S Traders & Enginers | D7: For Measuring Track Parameters | E7: 6 | F7: 0 | G7: 0 | H7: =SUM(E7:G7) -> 6
A8: 15/03/2024 | B8: PIE-2023-24-866 Dated: 15.3.2024 | C8: Paragon Insumataion eng | D8: For -way movement Related work | E8: 1 | F8: 0 | G8: 0 | H8: 7
A9: 15/03/2024 | B9: PIE-2023-24-866 Dated: 15.3.2024 | C9: Sr. Exce/ engg/ JUDN Inderjeet Pubreja | D9: For -way movement Related work | E9: 0 | F9: 0 | G9: 1 | H9: 6
A10: 17/03/2024 | B10: 167 old 163.m MS Trades & engg | C10: Sr. Exce/ engg/ JUDN Pardeep kumar | D10: For -way movement Related work | E10: 0 | F10: 0 | G10: 1 | H10: 5
A11: 17/03/2024 | B11: 167 Dated 16.03.2024 MS Trades&engg | C11: Sr. Exce/ engg/ JUDN Harpal singh | D11: For -way movement Related work | E11: 0 | F11: 0 | G11: 1 | H11: 4

Sheet 3231
B1: foHkkxh; [kkrk feyku iqLrd DEPARTMENTAL LEDGER AND TALLY BOOK
A2: ewY; lwph@dwV la[;k Price List / Code No. | D2: 15 | E2: feyku i= la[;k Tally Code No. | H2: 1 | I2: ;wfuV Unit | J2: 1
A3: oLrq dk fooj.k Description of the Article | D3: VERSINE MEASURING KIT | E3: ys[kk dk;kZy; i`"B la[;k Accounts Office File No. | I3: 3231
A4: ekg vkSj rkjh[k Month and Date | B4: izkfIr ;k fuxZe okmpj la[;k vkSj rkjh[k No. and Date of Receiot or issue Voucher | C4: fdlls izkIr gqvk ;k fdls tkjh fd;k From Whom received or to whom issued | D4: izkfIr ;k fuxZe dk mn~ns'; Purpose for which received or issue | E4: izkfIr Receipt | F4: LFkkukarj.k Transfer | G4: fuxZe Issues | H4: 'ks"k Balance | I4: s
E5: ux No. Vu Tonnes fd-xzk-Kgs. | F5: ux No. Vu Tonnes fd-xzk-Kgs. | G5: ux No. Vu Tonnes fd-xzk-Kgs. | H5: ux No. Vu Tonnes fd-xzk-Kgs.
E6: =SUM(E7:E998) -> 5 | F6: =SUM(F7:F998) -> 0 | G6: =SUM(G7:G998) -> 2 | H6: =+E6-F6-G6 -> 3
A7: 17/03/2024 | B7: 167 Dated 16.03.2024 | C7: M.S Traders & Enginers | D7: For measuring track parameters | E7: 5 | F7: 0 | G7: 0 | H7: =SUM(E7:G7) -> 5
A8: 28/05/2024 | B8: 167 Date 16.03.2024 M.S Treades & engg | C8: Exce/ CIVILl-1/ JUDN Abhishek Sharma | D8: Issued to IMSD JUDN | E8: 0 | F8: 0 | G8: 2 | H8: =H7-G8-F8+E8 -> 3

Sheet 3233
B1: foHkkxh; [kkrk feyku iqLrd DEPARTMENTAL LEDGER AND TALLY BOOK
A2: ewY; lwph@dwV la[;k Price List / Code No. | D2: 16 | E2: feyku i= la[;k Tally Code No. | H2: 1 | I2: ;wfuV Unit | J2: 1
A3: oLrq dk fooj.k Description of the Article | D3: TRACK GAUGE CUM LEVEL | E3: ys[kk dk;kZy; i`"B la[;k Accounts Office File No. | I3: 3233
A4: ekg vkSj rkjh[k Month and Date | B4: izkfIr ;k fuxZe okmpj la[;k vkSj rkjh[k No. and Date of Receiot or issue Voucher | C4: fdlls izkIr gqvk ;k fdls tkjh fd;k From Whom received or to whom issued | D4: izkfIr ;k fuxZe dk mn~ns'; Purpose for which received or issue | E4: izkfIr Receipt | F4: LFkkukarj.k Transfer | G4: fuxZe Issues | H4: 'ks"k Balance | I4: 3
E5: ux No. Vu Tonnes fd-xzk-Kgs. | F5: ux No. Vu Tonnes fd-xzk-Kgs. | G5: ux No. Vu Tonnes fd-xzk-Kgs. | H5: ux No. Vu Tonnes fd-xzk-Kgs.
E6: =SUM(E7:E998) -> 20 | F6: =SUM(F7:F998) -> 0 | G6: =SUM(G7:G998) -> 12 | H6: =+E6-F6-G6 -> 8
B7: 167 Dated 16.03.2024 | C7: M.S Traders & Enginers | D7: For measuring track parameters | E7: 20 | F7: 0 | G7: 0 | H7: =SUM(E7:G7) -> 20
A8: 28/05/2024 | B8: 167 Date 16.03.2024 M.S Treades & engg | C8: Exce/ CIVILl-1/ JUDN Abhishek Sharma | D8: Issued to IMSD JUDN | E8: 0 | F8: 0 | G8: 10 | H8: =SUM(E8:G8) -> 10
A9: 30/01/2025 | B9: GP/DFC/ Ambala / 1191 dated: 30.01.2025 | C9: Surendra Kumar Sr. Exec/civ/KNNN | D9: P-way work | E9: 0 | F9: 0 | G9: 2 | H9: 8

Sheet 3235
B1: foHkkxh; [kkrk feyku iqLrd DEPARTMENTAL LEDGER AND TALLY BOOK
A2: ewY; lwph@dwV la[;k Price List / Code No. | D2: 17 | E2: feyku i= la[;k Tally Code No. | H2: 1 | I2: ;wfuV Unit | J2: 1
A3: oLrq dk fooj.k Description of the Article | D3: ACD MALE | E3: ys[kk dk;kZy; i`"B la[;k Accounts Office File No. | I3: 3235
A4: ekg vkSj rkjh[k Month and Date | B4: izkfIr ;k fuxZe okmpj la[;k vkSj rkjh[k No. and Date of Receiot or issue Voucher | C4: fdlls izkIr gqvk ;k fdls tkjh fd;k From Whom received or to whom issued | D4: izkfIr ;k fuxZe dk mn~ns'; Purpose for which received or issue | E4: izkfIr Receipt | F4: LFkkukarj.k Transfer | G4: fuxZe Issues | H4: 'ks"k Balance | I4: 3
E5: ux No. Vu Tonnes fd-xzk-Kgs. | F5: ux No. Vu Tonnes fd-xzk-Kgs. | G5: ux No. Vu Tonnes fd-xzk-Kgs. | H5: ux No. Vu Tonnes fd-xzk-Kgs.
E6: =SUM(E7:E998) -> 122 | F6: =SUM(F7:F998) -> 0 | G6: =SUM(G7:G998) -> 75 | H6: =+E6-F6-G6 -> 47
A7: 17/03/2024 | B7: 167 Dated 16.03.2024 | C7: M.S Traders & Enginers | D7: For Track Related works | E7: 35 | F7: 0 | G7: 0 | H7: =SUM(E7:G7) -> 35
A8: 28/05/2024 | B8: 167 Date 16.03.2024 M.S Treades & engg | C8: Exce/ CIVILl-1/ JUDN Abhishek Sharma | D8: Issued to IMSD JUDN | E8: 0 | F8: 0 | G8: 25 | H8: 10
A9: 29/05/2024 | B9: Invoice no. NEW/367 Dated 08.3.2024 | C9: National Fnhh. Works | D9: Track works | E9: 25 | F9: 0 | G9: 0 | H9: 35
A10: 19/02/2025 | B10: 263/ 17.02.2025 | C10: M.S Traders & Enginers | D10: P- way work | E10: 15 | F10: 0 | G10: 0 | H10: 50
A11: 19/02/2025 | B11: AS PER IMSD INCHARGE | C11: IMSD SMUN SECTION | D11: P- way work | E11: 0 | F11: 0 | G11: 3 | H11: 47
A12: 46330 | B12: GP/DFC/AMBALA/2205 | C12: IMD/CHAN | D12: P- way work | E12: 0 | F12: 0 | G12: 47 | H12: 0
A13: 46239 | B13: MTO/DFC/ Ambala Sr. No. 1035 | C13: IMD/CHAN | D13: P- way work | E13: 47 | F13: 0 | G13: 0 | H13: 47

Sheet 3237
B1: foHkkxh; [kkrk feyku iqLrd DEPARTMENTAL LEDGER AND TALLY BOOK
A2: ewY; lwph@dwV la[;k Price List / Code No. | D2: 18 | E2: feyku i= la[;k Tally Code No. | H2: 1 | I2: ;wfuV Unit | J2: 1
A3: oLrq dk fooj.k Description of the Article | D3: ACD FEMALE | E3: ys[kk dk;kZy; i`"B la[;k Accounts Office File No. | I3: 3237
A4: ekg vkSj rkjh[k Month and Date | B4: izkfIr ;k fuxZe okmpj la[;k vkSj rkjh[k No. and Date of Receiot or issue Voucher | C4: fdlls izkIr gqvk ;k fdls tkjh fd;k From Whom received or to whom issued | D4: izkfIr ;k fuxZe dk mn~ns'; Purpose for which received or issue | E4: izkfIr Receipt | F4: LFkkukarj.k Transfer | G4: fuxZe Issues | H4: 'ks"k Balance | I4: 3
E5: ux No. Vu Tonnes fd-xzk-Kgs. | F5: ux No. Vu Tonnes fd-xzk-Kgs. | G5: ux No. Vu Tonnes fd-xzk-Kgs. | H5: ux No. Vu Tonnes fd-xzk-Kgs.
E6: =SUM(E7:E998) -> 82 | F6: =SUM(F7:F998) -> 0 | G6: =SUM(G7:G998) -> 50 | H6: =+E6-F6-G6 -> 32
A7: 17/03/2024 | B7: 167 Dated 16.03.2024 | C7: M.S Traders & Enginers | D7: For measuring track parameters | E7: 25 | F7: 0 | G7: 0 | H7: =SUM(E7:G7) -> 25
A8: 28/05/2024 | B8: 167 Date 16.03.2024 M.S Treades & engg | C8: Exce/ CIVILl-1/ JUDN Abhishek Sharma | D8: For measuring track parameters | E8: 0 | F8: 0 | G8: 12 | H8: 13
A9: 29/05/2024 | B9: Invoice no. New /367 Dated 08.03.2024 | C9: Nationol ENNN works | D9: Track works | E9: 25 | F9: 0 | G9: 0 | H9: 38
A10: 19/02/2025 | B10: AS PER IMSD INCHARGE | C10: IMSD SMUN SECTION | D10: Track works | E10: 0 | F10: 0 | G10: 6 | H10: 32
A11: 46330 | B11: GP/DFC/AMBALA SR.NO.2205 | C11: IMD CHAN | D11: Track works | E11: 0 | F11: 0 | G11: 32 | H11: 0
A12: 46239 | B12: MTO/DFC/ Ambala Sr. No. 1035 | C12: IMD CHAN | D12: Track works | E12: 32 | F12: 0 | G12: 0 | H12: 32

Sheet 3239
B1: foHkkxh; [kkrk feyku iqLrd DEPARTMENTAL LEDGER AND TALLY BOOK
A2: ewY; lwph@dwV la[;k Price List / Code No. | D2: 19 | E2: feyku i= la[;k Tally Code No. | H2: 1 | I2: ;wfuV Unit | J2: 1
A3: oLrq dk fooj.k Description of the Article | D3: ELECTRIC ARC WELDING MACHINE | E3: ys[kk dk;kZy; i`"B la[;k Accounts Office File No. | I3: 3239
A4: ekg vkSj rkjh[k Month and Date | B4: izkfIr ;k fuxZe okmpj la[;k vkSj rkjh[k No. and Date of Receiot or issue Voucher | C4: fdlls izkIr gqvk ;k fdls tkjh fd;k From Whom received or to whom issued | D4: izkfIr ;k fuxZe dk mn~ns'; Purpose for which received or issue | E4: izkfIr Receipt | F4: LFkkukarj.k Transfer | G4: fuxZe Issues | H4: 'ks"k Balance | I4: 3
E5: ux No. Vu Tonnes fd-xzk-Kgs. | F5: ux No. Vu Tonnes fd-xzk-Kgs. | G5: ux No. Vu Tonnes fd-xzk-Kgs. | H5: ux No. Vu Tonnes fd-xzk-Kgs.
E6: =SUM(E7:E998) -> 2 | F6: =SUM(F7:F998) -> 0 | G6: =SUM(G7:G998) -> 1 | H6: =+E6-F6-G6 -> 1
A7: 17/03/2024 | B7: 167 Dated 16.03.2024 | C7: M.S Traders & Enginers | D7: For track maintance works | E7: 2 | F7: 0 | G7: 0 | H7: =SUM(E7:G7) -> 2
A8: 28/05/2024 | B8: 167 Date 16.03.2024 M.S Treades & engg | C8: Exce/ CIVILl-1/ JUDN Abhishek Sharma | D8: Issued to IMSD JUDN | E8: 0 | F8: 0 | G8: 1 | H8: 1

Sheet 3243
B1: foHkkxh; [kkrk feyku iqLrd DEPARTMENTAL LEDGER AND TALLY BOOK
A2: ewY; lwph@dwV la[;k Price List / Code No. | D2: 21 | E2: feyku i= la[;k Tally Code No. | H2: 1 | I2: ;wfuV Unit | J2: 1
A3: oLrq dk fooj.k Description of the Article | D3: SAFETY CHAIN WITH LOCK | E3: ys[kk dk;kZy; i`"B la[;k Accounts Office File No. | I3: 3243
A4: ekg vkSj rkjh[k Month and Date | B4: izkfIr ;k fuxZe okmpj la[;k vkSj rkjh[k No. and Date of Receiot or issue Voucher | C4: fdlls izkIr gqvk ;k fdls tkjh fd;k From Whom received or to whom issued | D4: izkfIr ;k fuxZe dk mn~ns'; Purpose for which received or issue | E4: izkfIr Receipt | F4: LFkkukarj.k Transfer | G4: fuxZe Issues | H4: 'ks"k Balance | I4: 3
E5: ux No. Vu Tonnes fd-xzk-Kgs. | F5: ux No. Vu Tonnes fd-xzk-Kgs. | G5: ux No. Vu Tonnes fd-xzk-Kgs. | H5: ux No. Vu Tonnes fd-xzk-Kgs.
E6: =SUM(E7:E998) -> 140 | F6: =SUM(F7:F998) -> 0 | G6: =SUM(G7:G998) -> 105 | H6: =+E6-F6-G6 -> 35
A7: 28/02/2024 | B7: 166 Dated 27.02.2024 | C7: M.S Traders & Enginers | D7: For OP&BD dept use | E7: 70 | F7: 0 | G7: 0 | H7: =SUM(E7:G7) -> 70
A8: 17/03/2024 | B8: 167 Dated 16.03.2024 | C8: M.S Traders & Enginers | D8: For OP&BD dept use | E8: 70 | F8: 0 | G8: 0 | H8: 140
A9: 28/02/2024 | B9: ISSUE NOTE NO. -73 DATED 28.02.2024 | C9: JPM/OP&BD/JUDN Udham solanki | D9: For OP&BD dept use | E9: 0 | F9: 0 | G9: 70 | H9: 70
A10: 28/05/2025 | B10: 167 DATED 16.03.2024 M.S. Tradness & engg | C10: Exce/ CIVILl-1/ JUDN Abhishek Sharma | D10: issued to IMSD JUDN | E10: 0 | F10: 0 | G10: 35 | H10: 35

Sheet 3251
B1: foHkkxh; [kkrk feyku iqLrd DEPARTMENTAL LEDGER AND TALLY BOOK
A2: ewY; lwph@dwV la[;k Price List / Code No. | D2: 24 | E2: feyku i= la[;k Tally Code No. | H2: 1 | I2: ;wfuV Unit | J2: 1
A3: oLrq dk fooj.k Description of the Article | D3: Number Plate | E3: ys[kk dk;kZy; i`"B la[;k Accounts Office File No. | I3: 3251
A4: ekg vkSj rkjh[k Month and Date | B4: izkfIr ;k fuxZe okmpj la[;k vkSj rkjh[k No. and Date of Receiot or issue Voucher | C4: fdlls izkIr gqvk ;k fdls tkjh fd;k From Whom received or to whom issued | D4: izkfIr ;k fuxZe dk mn~ns'; Purpose for which received or issue | E4: izkfIr Receipt | F4: LFkkukarj.k Transfer | G4: fuxZe Issues | H4: 'ks"k Balance | I4: 3
E5: ux No. Vu Tonnes fd-xzk-Kgs. | F5: ux No. Vu Tonnes fd-xzk-Kgs. | G5: ux No. Vu Tonnes fd-xzk-Kgs. | H5: ux No. Vu Tonnes fd-xzk-Kgs.
E6: =SUM(E7:E998) -> 100 | F6: =SUM(F7:F998) -> 0 | G6: =SUM(G7:G998) -> 50 | H6: =+E6-F6-G6 -> 50
A7: 17/03/2024 | B7: 167 Dated 16.03.2024 | C7: M.S Traders & Enginers | D7: For PatrolingTracks | E7: 100 | F7: 0 | G7: 0 | H7: =SUM(E7:G7) -> 100
A8: 28/05/2024 | B8: 167 Date 16.03.2024 M.S Treades & engg | C8: Exce/ CIVILL-1/ JUDN Abhishek Sharma | D8: issued to IMSD JUDN | E8: 0 | F8: 0 | G8: 50 | H8: =SUM(E8:G8) -> 50

Sheet 3255
B1: foHkkxh; [kkrk feyku iqLrd DEPARTMENTAL LEDGER AND TALLY BOOK
A2: ewY; lwph@dwV la[;k Price List / Code No. | D2: 26 | E2: feyku i= la[;k Tally Code No. | H2: 1 | I2: ;wfuV Unit | J2: 1
A3: oLrq dk fooj.k Description of the Article | D3: Measuring Tape 30 mtr | E3: ys[kk dk;kZy; i`"B la[;k Accounts Office File No. | I3: 3255
A4: ekg vkSj rkjh[k Month and Date | B4: izkfIr ;k fuxZe okmpj la[;k vkSj rkjh[k No. and Date of Receiot or issue Voucher | C4: fdlls izkIr gqvk ;k fdls tkjh fd;k From Whom received or to whom issued | D4: izkfIr ;k fuxZe dk mn~ns'; Purpose for which received or issue | E4: izkfIr Receipt | F4: LFkkukarj.k Transfer | G4: fuxZe Issues | H4: 'ks"k Balance | I4: 3
E5: ux No. Vu Tonnes fd-xzk-Kgs. | F5: ux No. Vu Tonnes fd-xzk-Kgs. | G5: ux No. Vu Tonnes fd-xzk-Kgs. | H5: ux No. Vu Tonnes fd-xzk-Kgs.
E6: =SUM(E7:E998) -> 10 | F6: =SUM(F7:F998) -> 0 | G6: =SUM(G7:G998) -> 5 | H6: =+E6-F6-G6 -> 5
A7: 17/03/2024 | B7: 167 Dated 16.03.2024 | C7: M.S Traders & Enginers | D7: For track Mantince Related works | E7: 10 | F7: 0 | G7: 0 | H7: =SUM(E7:G7) -> 10
A8: 28/05/2024 | B8: 167 Date 16.03.2024 M.S Treades & engg | C8: Exce/ CIVILL-1/ JUDN Abhishek Sharma | D8: issued to IMSD JUDN | E8: 0 | F8: 0 | G8: 5 | H8: 5

Sheet 3256
B1: foHkkxh; [kkrk feyku iqLrd DEPARTMENTAL LEDGER AND TALLY BOOK
A2: ewY; lwph@dwV la[;k Price List / Code No. | D2: 27 | E2: feyku i= la[;k Tally Code No. | H2: 1 | I2: ;wfuV Unit | J2: 1
A3: oLrq dk fooj.k Description of the Article | D3: Measuring Tape 5 mtr | E3: ys[kk dk;kZy; i`"B la[;k Accounts Office File No. | I3: 3256
A4: ekg vkSj rkjh[k Month and Date | B4: izkfIr ;k fuxZe okmpj la[;k vkSj rkjh[k No. and Date of Receiot or issue Voucher | C4: fdlls izkIr gqvk ;k fdls tkjh fd;k From Whom received or to whom issued | D4: izkfIr ;k fuxZe dk mn~ns'; Purpose for which received or issue | E4: izkfIr Receipt | F4: LFkkukarj.k Transfer | G4: fuxZe Issues | H4: 'ks"k Balance | I4: 3
E5: ux No. Vu Tonnes fd-xzk-Kgs. | F5: ux No. Vu Tonnes fd-xzk-Kgs. | G5: ux No. Vu Tonnes fd-xzk-Kgs. | H5: ux No. Vu Tonnes fd-xzk-Kgs.
E6: =SUM(E7:E998) -> 20 | F6: =SUM(F7:F998) -> 0 | G6: =SUM(G7:G998) -> 10 | H6: =+E6-F6-G6 -> 10
A7: 17/03/2024 | B7: 167 Dated 16.03.2024 | C7: M.S Traders & Enginers | D7: For track Mantince Related works | E7: 20 | F7: 0 | G7: 0 | H7: =SUM(E7:G7) -> 20
A8: 28/05/2024 | B8: 167 Date 16.03.2024 M.S Treades & engg | C8: Exce/ CIVILL-1/ JUDN Abhishek Sharma | D8: issued to IMSD JUDN | E8: 0 | F8: 0 | G8: 10 | H8: 10

Sheet 3257
B1: foHkkxh; [kkrk feyku iqLrd DEPARTMENTAL LEDGER AND TALLY BOOK
A2: ewY; lwph@dwV la[;k Price List / Code No. | D2: 28 | E2: feyku i= la[;k Tally Code No. | H2: 1 | I2: ;wfuV Unit | J2: 1
A3: oLrq dk fooj.k Description of the Article | D3: Steel sections cutting equipment | E3: ys[kk dk;kZy; i`"B la[;k Accounts Office File No. | I3: 3257
A4: ekg vkSj rkjh[k Month and Date | B4: izkfIr ;k fuxZe okmpj la[;k vkSj rkjh[k No. and Date of Receiot or issue Voucher | C4: fdlls izkIr gqvk ;k fdls tkjh fd;k From Whom received or to whom issued | D4: izkfIr ;k fuxZe dk mn~ns'; Purpose for which received or issue | E4: izkfIr Receipt | F4: LFkkukarj.k Transfer | G4: fuxZe Issues | H4: 'ks"k Balance | I4: 3
E5: ux No. Vu Tonnes fd-xzk-Kgs. | F5: ux No. Vu Tonnes fd-xzk-Kgs. | G5: ux No. Vu Tonnes fd-xzk-Kgs. | H5: ux No. Vu Tonnes fd-xzk-Kgs.
E6: =SUM(E7:E998) -> 2 | F6: =SUM(F7:F998) -> 0 | G6: =SUM(G7:G998) -> 1 | H6: =+E6-F6-G6 -> 1
A7: 17/03/2024 | B7: 167 Dated 16.03.2024 | C7: M.S Traders & Enginers | D7: For track Mantaince works | E7: 2 | F7: 0 | G7: 0 | H7: =SUM(E7:G7) -> 2
A8: 28/05/2024 | B8: 167 Date 16.03.2024 M.S Treades & engg | C8: Exce/ CIVILL-1/ JUDN Abhishek Sharma | D8: issued to IMSD JUDN | E8: 0 | F8: 0 | G8: 1 | H8: 1

Sheet 3258
B1: foHkkxh; [kkrk feyku iqLrd DEPARTMENTAL LEDGER AND TALLY BOOK
A2: ewY; lwph@dwV la[;k Price List / Code No. | D2: 29 | E2: feyku i= la[;k Tally Code No. | H2: 1 | I2: ;wfuV Unit | J2: 1
A3: oLrq dk fooj.k Description of the Article | D3: ADJUSTABLE SPANNER | E3: ys[kk dk;kZy; i`"B la[;k Accounts Office File No. | I3: 3258
A4: ekg vkSj rkjh[k Month and Date | B4: izkfIr ;k fuxZe okmpj la[;k vkSj rkjh[k No. and Date of Receiot or issue Voucher | C4: fdlls izkIr gqvk ;k fdls tkjh fd;k From Whom received or to whom issued | D4: izkfIr ;k fuxZe dk mn~ns'; Purpose for which received or issue | E4: izkfIr Receipt | F4: LFkkukarj.k Transfer | G4: fuxZe Issues | H4: 'ks"k Balance | I4: 3
E5: ux No. Vu Tonnes fd-xzk-Kgs. | F5: ux No. Vu Tonnes fd-xzk-Kgs. | G5: ux No. Vu Tonnes fd-xzk-Kgs. | H5: ux No. Vu Tonnes fd-xzk-Kgs.
E6: =SUM(E7:E998) -> 20 | F6: =SUM(F7:F998) -> 0 | G6: =SUM(G7:G998) -> 10 | H6: =+E6-F6-G6 -> 10
A7: 17/03/2024 | B7: 167 Dated 16.03.2024 | C7: M.S Traders & Enginers | D7: For track Mantaince works | E7: 20 | F7: 0 | G7: 0 | H7: =SUM(E7:G7) -> 20
A8: 28/05/2024 | B8: 167 Date 16.03.2024 M.S Treades & engg | C8: Exce/ CIVILL-1/ JUDN Abhishek Sharma | D8: issued to IMSD JUDN | E8: 0 | F8: 0 | G8: 10 | H8: 10

Sheet 3259
B1: foHkkxh; [kkrk feyku iqLrd DEPARTMENTAL LEDGER AND TALLY BOOK
A2: ewY; lwph@dwV la[;k Price List / Code No. | D2: 30 | E2: feyku i= la[;k Tally Code No. | H2: 1 | I2: ;wfuV Unit | J2: 1
A3: oLrq dk fooj.k Description of the Article | D3: WHISTLE | E3: ys[kk dk;kZy; i`"B la[;k Accounts Office File No. | I3: 3259
A4: ekg vkSj rkjh[k Month and Date | B4: izkfIr ;k fuxZe okmpj la[;k vkSj rkjh[k No. and Date of Receiot or issue Voucher | C4: fdlls izkIr gqvk ;k fdls tkjh fd;k From Whom received or to whom issued | D4: izkfIr ;k fuxZe dk mn~ns'; Purpose for which received or issue | E4: izkfIr Receipt | F4: LFkkukarj.k Transfer | G4: fuxZe Issues | H4: 'ks"k Balance | I4: 3
E5: ux No. Vu Tonnes fd-xzk-Kgs. | F5: ux No. Vu Tonnes fd-xzk-Kgs. | G5: ux No. Vu Tonnes fd-xzk-Kgs. | H5: ux No. Vu Tonnes fd-xzk-Kgs.
E6: =SUM(E7:E998) -> 50 | F6: =SUM(F7:F998) -> 0 | G6: =SUM(G7:G998) -> 48 | H6: =+E6-F6-G6 -> 2
A7: 17/03/2024 | B7: 167 Dated 16.03.2024 | C7: M.S Traders & Enginers | D7: For track Mantaince works | E7: 50 | F7: 0 | G7: 0 | H7: =SUM(E7:G7) -> 50
A8: 28/05/2024 | B8: 167 Date 16.03.2024 M.S Treades & engg | C8: Exce/ CIVILL-1/ JUDN Abhishek Sharma | D8: issued to IMSD JUDN | E8: 0 | F8: 0 | G8: 25 | H8: 25
A9: 45846 | B9: _ | C9: Mansoon Patrolman | D9: Patrolling purpose | E9: 0 | F9: 0 | G9: 15 | H9: 10
A10: 08.07.2025 | B10: _ | C10: MTS IMSD SMUN | D10: Patrolling purpose | E10: 0 | F10: 0 | G10: 8 | H10: 2

Sheet 3261
B1: foHkkxh; [kkrk feyku iqLrd DEPARTMENTAL LEDGER AND TALLY BOOK
A2: ewY; lwph@dwV la[;k Price List / Code No. | D2: 31 | E2: feyku i= la[;k Tally Code No. | H2: 1 | I2: ;wfuV Unit | J2: 1
A3: oLrq dk fooj.k Description of the Article | D3: SMALL TESTING HAMMER | E3: ys[kk dk;kZy; i`"B la[;k Accounts Office File No. | I3: 3261
A4: ekg vkSj rkjh[k Month and Date | B4: izkfIr ;k fuxZe okmpj la[;k vkSj rkjh[k No. and Date of Receiot or issue Voucher | C4: fdlls izkIr gqvk ;k fdls tkjh fd;k From Whom received or to whom issued | D4: izkfIr ;k fuxZe dk mn~ns'; Purpose for which received or issue | E4: izkfIr Receipt | F4: LFkkukarj.k Transfer | G4: fuxZe Issues | H4: 'ks"k Balance | I4: 3
E5: ux No. Vu Tonnes fd-xzk-Kgs. | F5: ux No. Vu Tonnes fd-xzk-Kgs. | G5: ux No. Vu Tonnes fd-xzk-Kgs. | H5: ux No. Vu Tonnes fd-xzk-Kgs.
E6: =SUM(E7:E998) -> 5 | F6: =SUM(F7:F998) -> 0 | G6: =SUM(G7:G998) -> 2 | H6: =+E6-F6-G6 -> 3
A7: 17/03/2024 | B7: 167 Dated 16.03.2024 | C7: M.S Traders & Enginers | D7: For track Related Bridge Related works | E7: 5 | F7: 0 | G7: 0 | H7: =SUM(E7:G7) -> 5
A8: 28/05/2024 | B8: 167 Date 16.03.2024 M.S Treades & engg | C8: Exce/ CIVIL-1/ JUDN Abhishek Sharma | D8: issued to IMSD JUDN | E8: 0 | F8: 0 | G8: 2 | H8: 3

Sheet 3263
B1: foHkkxh; [kkrk feyku iqLrd DEPARTMENTAL LEDGER AND TALLY BOOK
A2: ewY; lwph@dwV la[;k Price List / Code No. | D2: 32 | E2: feyku i= la[;k Tally Code No. | H2: 1 | I2: ;wfuV Unit | J2: 1
A3: oLrq dk fooj.k Description of the Article | D3: CHIPPING HAMMER | E3: ys[kk dk;kZy; i`"B la[;k Accounts Office File No. | I3: 3263
A4: ekg vkSj rkjh[k Month and Date | B4: izkfIr ;k fuxZe okmpj la[;k vkSj rkjh[k No. and Date of Receiot or issue Voucher | C4: fdlls izkIr gqvk ;k fdls tkjh fd;k From Whom received or to whom issued | D4: izkfIr ;k fuxZe dk mn~ns'; Purpose for which received or issue | E4: izkfIr Receipt | F4: LFkkukarj.k Transfer | G4: fuxZe Issues | H4: 'ks"k Balance | I4: 3
E5: ux No. Vu Tonnes fd-xzk-Kgs. | F5: ux No. Vu Tonnes fd-xzk-Kgs. | G5: ux No. Vu Tonnes fd-xzk-Kgs. | H5: ux No. Vu Tonnes fd-xzk-Kgs.
E6: =SUM(E7:E998) -> 5 | F6: =SUM(F7:F998) -> 0 | G6: =SUM(G7:G998) -> 2 | H6: =+E6-F6-G6 -> 3
A7: 17/03/2024 | B7: 167 Dated 16.03.2024 | C7: M.S Traders & Enginers | D7: Bridge insprhion Related works | E7: 5 | F7: 0 | G7: 0 | H7: =SUM(E7:G7) -> 5
A8: 28/05/2024 | B8: 167 Date 16.03.2024 M.S Treades & engg | C8: Exce/ CIVILL-1/ JUDN Abhishek Sharma | D8: issued to IMSD JUDN | E8: 0 | F8: 0 | G8: 2 | H8: 3

Sheet 3265
B1: foHkkxh; [kkrk feyku iqLrd DEPARTMENTAL LEDGER AND TALLY BOOK
A2: ewY; lwph@dwV la[;k Price List / Code No. | D2: 33 | E2: feyku i= la[;k Tally Code No. | H2: 1 | I2: ;wfuV Unit | J2: 1
A3: oLrq dk fooj.k Description of the Article | D3: ELCOMETER | E3: ys[kk dk;kZy; i`"B la[;k Accounts Office File No. | I3: 3265
A4: ekg vkSj rkjh[k Month and Date | B4: izkfIr ;k fuxZe okmpj la[;k vkSj rkjh[k No. and Date of Receiot or issue Voucher | C4: fdlls izkIr gqvk ;k fdls tkjh fd;k From Whom received or to whom issued | D4: izkfIr ;k fuxZe dk mn~ns'; Purpose for which received or issue | E4: izkfIr Receipt | F4: LFkkukarj.k Transfer | G4: fuxZe Issues | H4: 'ks"k Balance | I4: 3
E5: ux No. Vu Tonnes fd-xzk-Kgs. | F5: ux No. Vu Tonnes fd-xzk-Kgs. | G5: ux No. Vu Tonnes fd-xzk-Kgs. | H5: ux No. Vu Tonnes fd-xzk-Kgs.
E6: =SUM(E7:E998) -> 2 | F6: =SUM(F7:F998) -> 0 | G6: =SUM(G7:G998) -> 1 | H6: =+E6-F6-G6 -> 1
A7: 17/03/2024 | B7: 167 Dated 16.03.2024 | C7: M.S Traders & Enginers | D7: Measurement of pain Thikness | E7: 2 | F7: 0 | G7: 0 | H7: =SUM(E7:G7) -> 2
A8: 28/05/2024 | B8: 167 Date 16.03.2024 M.S Treades & engg | C8: Exce/ CIVILL-1/ JUDN Abhishek Sharma | D8: issued to IMSD JUDN | E8: 0 | F8: 0 | G8: 1 | H8: 1

Sheet 3266
B1: foHkkxh; [kkrk feyku iqLrd DEPARTMENTAL LEDGER AND TALLY BOOK
A2: ewY; lwph@dwV la[;k Price List / Code No. | D2: 34 | E2: feyku i= la[;k Tally Code No. | H2: 1 | I2: ;wfuV Unit | J2: 1
A3: oLrq dk fooj.k Description of the Article | D3: MEASURING TAPE | E3: ys[kk dk;kZy; i`"B la[;k Accounts Office File No. | I3: 3266
A4: ekg vkSj rkjh[k Month and Date | B4: izkfIr ;k fuxZe okmpj la[;k vkSj rkjh[k No. and Date of Receiot or issue Voucher | C4: fdlls izkIr gqvk ;k fdls tkjh fd;k From Whom received or to whom issued | D4: izkfIr ;k fuxZe dk mn~ns'; Purpose for which received or issue | E4: izkfIr Receipt | F4: LFkkukarj.k Transfer | G4: fuxZe Issues | H4: 'ks"k Balance | I4: 3
E5: ux No. Vu Tonnes fd-xzk-Kgs. | F5: ux No. Vu Tonnes fd-xzk-Kgs. | G5: ux No. Vu Tonnes fd-xzk-Kgs. | H5: ux No. Vu Tonnes fd-xzk-Kgs.
E6: =SUM(E7:E998) -> 1 | F6: =SUM(F7:F998) -> 0 | G6: =SUM(G7:G998) -> 0 | H6: =+E6-F6-G6 -> 1
A7: 17/03/2024 | B7: 167 Dated 16.03.2024 | C7: M.S Traders & Enginers | D7: Track Related works | E7: 1 | F7: 0 | G7: 0 | H7: =SUM(E7:G7) -> 1

Sheet 3267
B1: foHkkxh; [kkrk feyku iqLrd DEPARTMENTAL LEDGER AND TALLY BOOK
A2: ewY; lwph@dwV la[;k Price List / Code No. | D2: 35 | E2: feyku i= la[;k Tally Code No. | H2: 1 | I2: ;wfuV Unit | J2: 1
A3: oLrq dk fooj.k Description of the Article | D3: CALLIPER SET | E3: ys[kk dk;kZy; i`"B la[;k Accounts Office File No. | I3: 3267
A4: ekg vkSj rkjh[k Month and Date | B4: izkfIr ;k fuxZe okmpj la[;k vkSj rkjh[k No. and Date of Receiot or issue Voucher | C4: fdlls izkIr gqvk ;k fdls tkjh fd;k From Whom received or to whom issued | D4: izkfIr ;k fuxZe dk mn~ns'; Purpose for which received or issue | E4: izkfIr Receipt | F4: LFkkukarj.k Transfer | G4: fuxZe Issues | H4: 'ks"k Balance | I4: 3
E5: ux No. Vu Tonnes fd-xzk-Kgs. | F5: ux No. Vu Tonnes fd-xzk-Kgs. | G5: ux No. Vu Tonnes fd-xzk-Kgs. | H5: ux No. Vu Tonnes fd-xzk-Kgs.
E6: =SUM(E7:E998) -> 5 | F6: =SUM(F7:F998) -> 0 | G6: =SUM(G7:G998) -> 2 | H6: =+E6-F6-G6 -> 3
A7: 17/03/2024 | B7: 167 Dated 16.03.2024 | C7: M.S Traders & Enginers | D7: Track & Bridge Related works. | E7: 5 | F7: 0 | G7: 0 | H7: =SUM(E7:G7) -> 5
A8: 17/03/2024 | B8: 167 Date 16.03.2024 M.S Treades & engg | C8: Exce/ CIVILL-1/ JUDN Abhishek Sharma | D8: issued to IMSD JUDN | E8: 0 | F8: 0 | G8: 2 | H8: 3

Sheet 3268
B1: foHkkxh; [kkrk feyku iqLrd DEPARTMENTAL LEDGER AND TALLY BOOK
A2: ewY; lwph@dwV la[;k Price List / Code No. | D2: 36 | E2: feyku i= la[;k Tally Code No. | H2: 1 | I2: ;wfuV Unit | J2: 1
A3: oLrq dk fooj.k Description of the Article | D3: FEELER GAUNE | E3: ys[kk dk;kZy; i`"B la[;k Accounts Office File No. | I3: 3267
A4: ekg vkSj rkjh[k Month and Date | B4: izkfIr ;k fuxZe okmpj la[;k vkSj rkjh[k No. and Date of Receiot or issue Voucher | C4: fdlls izkIr gqvk ;k fdls tkjh fd;k From Whom received or to whom issued | D4: izkfIr ;k fuxZe dk mn~ns'; Purpose for which received or issue | E4: izkfIr Receipt | F4: LFkkukarj.k Transfer | G4: fuxZe Issues | H4: 'ks"k Balance | I4: 3
E5: ux No. Vu Tonnes fd-xzk-Kgs. | F5: ux No. Vu Tonnes fd-xzk-Kgs. | G5: ux No. Vu Tonnes fd-xzk-Kgs. | H5: ux No. Vu Tonnes fd-xzk-Kgs.
E6: =SUM(E7:E998) -> 5 | F6: =SUM(F7:F998) -> 0 | G6: =SUM(G7:G998) -> 2 | H6: =+E6-F6-G6 -> 3
A7: 17/03/2024 | B7: 167 Dated 16.03.2024 | C7: M.S Traders & Enginers | D7: Track & Bridge Related works. | E7: 5 | F7: 0 | G7: 0 | H7: =SUM(E7:G7) -> 5
A8: 28/08/2024 | B8: 167 Date 16.03.2024 M.S Treades & engg | C8: Exce/ CIVILL-1/ JUDN Abhishek Sharma | D8: issued to IMSD JUDN | E8: 0 | F8: 0 | G8: 2 | H8: 3

Sheet 3271
B1: foHkkxh; [kkrk feyku iqLrd DEPARTMENTAL LEDGER AND TALLY BOOK
A2: ewY; lwph@dwV la[;k Price List / Code No. | D2: 38 | E2: feyku i= la[;k Tally Code No. | H2: 1 | I2: ;wfuV Unit | J2: 1
A3: oLrq dk fooj.k Description of the Article | D3: PLUMB BOB | E3: ys[kk dk;kZy; i`"B la[;k Accounts Office File No. | I3: 3271
A4: ekg vkSj rkjh[k Month and Date | B4: izkfIr ;k fuxZe okmpj la[;k vkSj rkjh[k No. and Date of Receiot or issue Voucher | C4: fdlls izkIr gqvk ;k fdls tkjh fd;k From Whom received or to whom issued | D4: izkfIr ;k fuxZe dk mn~ns'; Purpose for which received or issue | E4: izkfIr Receipt | F4: LFkkukarj.k Transfer | G4: fuxZe Issues | H4: 'ks"k Balance | I4: 3
E5: ux No. Vu Tonnes fd-xzk-Kgs. | F5: ux No. Vu Tonnes fd-xzk-Kgs. | G5: ux No. Vu Tonnes fd-xzk-Kgs. | H5: ux No. Vu Tonnes fd-xzk-Kgs.
E6: =SUM(E7:E998) -> 2 | F6: =SUM(F7:F998) -> 0 | G6: =SUM(G7:G998) -> 0 | H6: =+E6-F6-G6 -> 2
A7: 17/03/2024 | B7: 167 Dated 16.03.2024 | C7: M.S Traders & Enginers | D7: Track & Bridge Related works. | E7: 2 | F7: 0 | G7: 0 | H7: =SUM(E7:G7) -> 2

Sheet 3272
B1: foHkkxh; [kkrk feyku iqLrd DEPARTMENTAL LEDGER AND TALLY BOOK
A2: ewY; lwph@dwV la[;k Price List / Code No. | D2: 39 | E2: feyku i= la[;k Tally Code No. | H2: 1 | I2: ;wfuV Unit | J2: 1
A3: oLrq dk fooj.k Description of the Article | D3: AUTO LEVEL | E3: ys[kk dk;kZy; i`"B la[;k Accounts Office File No. | I3: 3272
A4: ekg vkSj rkjh[k Month and Date | B4: izkfIr ;k fuxZe okmpj la[;k vkSj rkjh[k No. and Date of Receiot or issue Voucher | C4: fdlls izkIr gqvk ;k fdls tkjh fd;k From Whom received or to whom issued | D4: izkfIr ;k fuxZe dk mn~ns'; Purpose for which received or issue | E4: izkfIr Receipt | F4: LFkkukarj.k Transfer | G4: fuxZe Issues | H4: 'ks"k Balance | I4: 3
E5: ux No. Vu Tonnes fd-xzk-Kgs. | F5: ux No. Vu Tonnes fd-xzk-Kgs. | G5: ux No. Vu Tonnes fd-xzk-Kgs. | H5: ux No. Vu Tonnes fd-xzk-Kgs.
E6: =SUM(E7:E998) -> 2 | F6: =SUM(F7:F998) -> 0 | G6: =SUM(G7:G998) -> 1 | H6: =+E6-F6-G6 -> 1
A7: 17/03/2024 | B7: 167 Dated 16.03.2024 | C7: M.S Traders & Enginers | D7: Track & Bridge Related works. | E7: 2 | F7: 0 | G7: 0 | H7: =SUM(E7:G7) -> 2
A8: 28/05/2024 | B8: 167 Date 16.03.2024 M.S Treades & engg | C8: Exce/ CIVILL-1/ JUDN Abhishek Sharma | D8: issued to IMSD JUDN | E8: 0 | F8: 0 | G8: 1 | H8: 1

Sheet 3274
B1: foHkkxh; [kkrk feyku iqLrd DEPARTMENTAL LEDGER AND TALLY BOOK
A2: ewY; lwph@dwV la[;k Price List / Code No. | D2: 40 | E2: feyku i= la[;k Tally Code No. | H2: 1 | I2: ;wfuV Unit | J2: 1
A3: oLrq dk fooj.k Description of the Article | D3: POINTS CLAMP WITH LOCK | E3: ys[kk dk;kZy; i`"B la[;k Accounts Office File No. | I3: 3274
A4: ekg vkSj rkjh[k Month and Date | B4: izkfIr ;k fuxZe okmpj la[;k vkSj rkjh[k No. and Date of Receiot or issue Voucher | C4: fdlls izkIr gqvk ;k fdls tkjh fd;k From Whom received or to whom issued | D4: izkfIr ;k fuxZe dk mn~ns'; Purpose for which received or issue | E4: izkfIr Receipt | F4: LFkkukarj.k Transfer | G4: fuxZe Issues | H4: 'ks"k Balance | I4: 3
E5: ux No. Vu Tonnes fd-xzk-Kgs. | F5: ux No. Vu Tonnes fd-xzk-Kgs. | G5: ux No. Vu Tonnes fd-xzk-Kgs. | H5: ux No. Vu Tonnes fd-xzk-Kgs.
E6: =SUM(E7:E998) -> 120 | F6: =SUM(F7:F998) -> 0 | G6: =SUM(G7:G998) -> 120 | H6: =+E6-F6-G6 -> 0
A7: 17/03/2024 | B7: 167 Dated 16.03.2024 | C7: M.S Traders & Enginers | D7: For OP&BD Dept. use | E7: 120 | F7: 0 | G7: 0 | H7: =SUM(E7:G7) -> 120
A8: 28/08/2024 | B8: 167 Date 16.03.2024 M.S Treades & engg | C8: JPM/OP&BD/JUDN UDHAM SOLANKI | D8: For OP&BD Dept. use | E8: 0 | F8: 0 | G8: 120 | H8: 0

Sheet 3276
B1: foHkkxh; [kkrk feyku iqLrd DEPARTMENTAL LEDGER AND TALLY BOOK
A2: ewY; lwph@dwV la[;k Price List / Code No. | D2: 40 | E2: feyku i= la[;k Tally Code No. | H2: 1 | I2: ;wfuV Unit | J2: 1
A3: oLrq dk fooj.k Description of the Article | D3: visitor Chair | E3: ys[kk dk;kZy; i`"B la[;k Accounts Office File No. | I3: 3274
A4: ekg vkSj rkjh[k Month and Date | B4: izkfIr ;k fuxZe okmpj la[;k vkSj rkjh[k No. and Date of Receiot or issue Voucher | C4: fdlls izkIr gqvk ;k fdls tkjh fd;k From Whom received or to whom issued | D4: izkfIr ;k fuxZe dk mn~ns'; Purpose for which received or issue | E4: izkfIr Receipt | F4: LFkkukarj.k Transfer | G4: fuxZe Issues | H4: 'ks"k Balance | I4: 3
E5: ux No. Vu Tonnes fd-xzk-Kgs. | F5: ux No. Vu Tonnes fd-xzk-Kgs. | G5: ux No. Vu Tonnes fd-xzk-Kgs. | H5: ux No. Vu Tonnes fd-xzk-Kgs.
E6: =SUM(E7:E998) -> 2 | F6: =SUM(F7:F998) -> 0 | G6: =SUM(G7:G998) -> 0 | H6: =+E6-F6-G6 -> 2
A7: 45869 | B7: GP/DFC/Ambala/Sr.No. 1553 dt. 21.07.2025 | C7: IMD/CHAN | D7: office use | E7: 2 | F7: 0 | G7: 0 | H7: =SUM(E7:G7) -> 2

Sheet 3278
B1: foHkkxh; [kkrk feyku iqLrd DEPARTMENTAL LEDGER AND TALLY BOOK
A2: ewY; lwph@dwV la[;k Price List / Code No. | D2: 42 | E2: feyku i= la[;k Tally Code No. | H2: 1 | I2: ;wfuV Unit | J2: 1
A3: oLrq dk fooj.k Description of the Article | D3: FIRST AID BOX | E3: ys[kk dk;kZy; i`"B la[;k Accounts Office File No. | I3: 3278
A4: ekg vkSj rkjh[k Month and Date | B4: izkfIr ;k fuxZe okmpj la[;k vkSj rkjh[k No. and Date of Receiot or issue Voucher | C4: fdlls izkIr gqvk ;k fdls tkjh fd;k From Whom received or to whom issued | D4: izkfIr ;k fuxZe dk mn~ns'; Purpose for which received or issue | E4: izkfIr Receipt | F4: LFkkukarj.k Transfer | G4: fuxZe Issues | H4: 'ks"k Balance | I4: 3
E5: ux No. Vu Tonnes fd-xzk-Kgs. | F5: ux No. Vu Tonnes fd-xzk-Kgs. | G5: ux No. Vu Tonnes fd-xzk-Kgs. | H5: ux No. Vu Tonnes fd-xzk-Kgs.
E6: =SUM(E7:E998) -> 12 | F6: =SUM(F7:F998) -> 0 | G6: =SUM(G7:G998) -> 12 | H6: =+E6-F6-G6 -> 0
A7: 28/02//2024 | B7: 166 Dated 27.02.2024 | C7: M.S Traders & Enginers | D7: For use in Stations under CGM / UMB | E7: 12 | F7: 0 | G7: 0 | H7: =SUM(E7:G7) -> 12
A8: 28/02/2024 | B8: ISSUE NOTE NO.73 Dated: 28.02.2024 | C8: JPM/OP&BD/JUDN UDHAM SOLANKI | D8: For use in Stations under CGM / UMB | E8: 0 | F8: 0 | G8: 12 | H8: 0

Sheet 3280
B1: foHkkxh; [kkrk feyku iqLrd DEPARTMENTAL LEDGER AND TALLY BOOK
A2: ewY; lwph@dwV la[;k Price List / Code No. | D2: 43 | E2: feyku i= la[;k Tally Code No. | H2: 1 | I2: ;wfuV Unit | J2: 1
A3: oLrq dk fooj.k Description of the Article | D3: FIRE EXTINGUISHER | E3: ys[kk dk;kZy; i`"B la[;k Accounts Office File No. | I3: 3280
A4: ekg vkSj rkjh[k Month and Date | B4: izkfIr ;k fuxZe okmpj la[;k vkSj rkjh[k No. and Date of Receiot or issue Voucher | C4: fdlls izkIr gqvk ;k fdls tkjh fd;k From Whom received or to whom issued | D4: izkfIr ;k fuxZe dk mn~ns'; Purpose for which received or issue | E4: izkfIr Receipt | F4: LFkkukarj.k Transfer | G4: fuxZe Issues | H4: 'ks"k Balance | I4: 3
E5: ux No. Vu Tonnes fd-xzk-Kgs. | F5: ux No. Vu Tonnes fd-xzk-Kgs. | G5: ux No. Vu Tonnes fd-xzk-Kgs. | H5: ux No. Vu Tonnes fd-xzk-Kgs.
E6: =SUM(E7:E998) -> 24 | F6: =SUM(F7:F998) -> 0 | G6: =SUM(G7:G998) -> 24 | H6: =+E6-F6-G6 -> 0
A7: 28/02//2024 | B7: 166 Dated 27.02.2024 | C7: M.S Traders & Enginers | D7: For use in Stations under CGM / UMB | E7: 24 | F7: 0 | G7: 0 | H7: =SUM(E7:G7) -> 24
A8: 28/02/2024 | B8: ISSUE NOTE NO.73 Dated: 28.02.2024 | C8: JPM/OP&BD/JUDN UDHAM SOLANKI | D8: For use in Stations under CGM / UMB | E8: 0 | F8: 0 | G8: 24 | H8: 0

Sheet 3282
B1: foHkkxh; [kkrk feyku iqLrd DEPARTMENTAL LEDGER AND TALLY BOOK
A2: ewY; lwph@dwV la[;k Price List / Code No. | D2: 45 | E2: feyku i= la[;k Tally Code No. | H2: 1 | I2: ;wfuV Unit | J2: 1
A3: oLrq dk fooj.k Description of the Article | D3: FIRE BUCKET WITH STAND | E3: ys[kk dk;kZy; i`"B la[;k Accounts Office File No. | I3: 3283
A4: ekg vkSj rkjh[k Month and Date | B4: izkfIr ;k fuxZe okmpj la[;k vkSj rkjh[k No. and Date of Receiot or issue Voucher | C4: fdlls izkIr gqvk ;k fdls tkjh fd;k From Whom received or to whom issued | D4: izkfIr ;k fuxZe dk mn~ns'; Purpose for which received or issue | E4: izkfIr Receipt | F4: LFkkukarj.k Transfer | G4: fuxZe Issues | H4: 'ks"k Balance | I4: 3
E5: ux No. Vu Tonnes fd-xzk-Kgs. | F5: ux No. Vu Tonnes fd-xzk-Kgs. | G5: ux No. Vu Tonnes fd-xzk-Kgs. | H5: ux No. Vu Tonnes fd-xzk-Kgs.
E6: =SUM(E7:E998) -> 12 | F6: =SUM(F7:F998) -> 0 | G6: =SUM(G7:G998) -> 12 | H6: =+E6-F6-G6 -> 0
A7: 28/02//2024 | B7: 166 Dated 27.02.2024 | C7: M.S Traders & Enginers | D7: For use in Stations under CGM / UMB | E7: 12 | F7: 0 | G7: 0 | H7: =SUM(E7:G7) -> 12
A8: 28/02/2024 | B8: ISSUE NOTE NO.73 Dated: 28.02.2024 | C8: JPM/OP&BD/JUDN UDHAM SOLANKI | D8: For use in Stations under CGM / UMB | E8: 0 | F8: 0 | G8: 12 | H8: 0

Sheet 3283
B1: foHkkxh; [kkrk feyku iqLrd DEPARTMENTAL LEDGER AND TALLY BOOK
A2: ewY; lwph@dwV la[;k Price List / Code No. | D2: 45 | E2: feyku i= la[;k Tally Code No. | H2: 1 | I2: ;wfuV Unit | J2: 1
A3: oLrq dk fooj.k Description of the Article | D3: EMERGENCY MEDICAL HAND STRETCHER | E3: ys[kk dk;kZy; i`"B la[;k Accounts Office File No. | I3: 3283
A4: ekg vkSj rkjh[k Month and Date | B4: izkfIr ;k fuxZe okmpj la[;k vkSj rkjh[k No. and Date of Receiot or issue Voucher | C4: fdlls izkIr gqvk ;k fdls tkjh fd;k From Whom received or to whom issued | D4: izkfIr ;k fuxZe dk mn~ns'; Purpose for which received or issue | E4: izkfIr Receipt | F4: LFkkukarj.k Transfer | G4: fuxZe Issues | H4: 'ks"k Balance | I4: 3
E5: ux No. Vu Tonnes fd-xzk-Kgs. | F5: ux No. Vu Tonnes fd-xzk-Kgs. | G5: ux No. Vu Tonnes fd-xzk-Kgs. | H5: ux No. Vu Tonnes fd-xzk-Kgs.
E6: =SUM(E7:E998) -> 6 | F6: =SUM(F7:F998) -> 0 | G6: =SUM(G7:G998) -> 6 | H6: =+E6-F6-G6 -> 0
A7: 28/02//2024 | B7: 166 Dated 27.02.2024 | C7: M.S Traders & Enginers | D7: For use in Stations under CGM / UMB | E7: 6 | F7: 0 | G7: 0 | H7: =SUM(E7:G7) -> 6
A8: 28/02/2024 | B8: ISSUE NOTE NO.73 Dated: 28.02.2024 | C8: JPM/OP&BD/JUDN UDHAM SOLANKI | D8: For use in Stations under CGM / UMB | E8: 0 | F8: 0 | G8: 6 | H8: 0

Sheet 3284
B1: foHkkxh; [kkrk feyku iqLrd DEPARTMENTAL LEDGER AND TALLY BOOK
A2: ewY; lwph@dwV la[;k Price List / Code No. | D2: 46 | E2: feyku i= la[;k Tally Code No. | H2: 1 | I2: ;wfuV Unit | J2: 1
A3: oLrq dk fooj.k Description of the Article | D3: WOODEN SKIDS | E3: ys[kk dk;kZy; i`"B la[;k Accounts Office File No. | I3: 3284
A4: ekg vkSj rkjh[k Month and Date | B4: izkfIr ;k fuxZe okmpj la[;k vkSj rkjh[k No. and Date of Receiot or issue Voucher | C4: fdlls izkIr gqvk ;k fdls tkjh fd;k From Whom received or to whom issued | D4: izkfIr ;k fuxZe dk mn~ns'; Purpose for which received or issue | E4: izkfIr Receipt | F4: LFkkukarj.k Transfer | G4: fuxZe Issues | H4: 'ks"k Balance | I4: 3
E5: ux No. Vu Tonnes fd-xzk-Kgs. | F5: ux No. Vu Tonnes fd-xzk-Kgs. | G5: ux No. Vu Tonnes fd-xzk-Kgs. | H5: ux No. Vu Tonnes fd-xzk-Kgs.
E6: =SUM(E7:E998) -> 100 | F6: =SUM(F7:F998) -> 0 | G6: =SUM(G7:G998) -> 100 | H6: =+E6-F6-G6 -> 0
A7: 28/02//2024 | B7: 166 Dated 27.02.2024 | C7: M.S Traders & Enginers | D7: FOR OP&BD Dept. | E7: 100 | F7: 0 | G7: 0 | H7: =SUM(E7:G7) -> 100
A8: 28/02/2024 | B8: ISSUE NOTE NO.73 Dated: 28.02.2024 | C8: JPM/OP&BD/JUDN UDHAM SOLANKI | D8: FOR OP&BD Dept. | E8: 0 | F8: 0 | G8: 100 | H8: 0

Sheet 3294
B1: foHkkxh; [kkrk feyku iqLrd DEPARTMENTAL LEDGER AND TALLY BOOK
A2: ewY; lwph@dwV la[;k Price List / Code No. | D2: 50 | E2: feyku i= la[;k Tally Code No. | H2: 1 | I2: ;wfuV Unit | J2: 1
A3: oLrq dk fooj.k Description of the Article | D3: Safety helment with Torch | E3: ys[kk dk;kZy; i`"B la[;k Accounts Office File No. | I3: 3294
A4: ekg vkSj rkjh[k Month and Date | B4: izkfIr ;k fuxZe okmpj la[;k vkSj rkjh[k No. and Date of Receiot or issue Voucher | C4: fdlls izkIr gqvk ;k fdls tkjh fd;k From Whom received or to whom issued | D4: izkfIr ;k fuxZe dk mn~ns'; Purpose for which received or issue | E4: izkfIr Receipt | F4: LFkkukarj.k Transfer | G4: fuxZe Issues | H4: 'ks"k Balance | I4: 3
E5: ux No. Vu Tonnes fd-xzk-Kgs. | F5: ux No. Vu Tonnes fd-xzk-Kgs. | G5: ux No. Vu Tonnes fd-xzk-Kgs. | H5: ux No. Vu Tonnes fd-xzk-Kgs.
E6: =SUM(E7:E1000) -> 100 | F6: =SUM(F7:F1000) -> 50 | G6: =SUM(G7:G1000) -> 50 | H6: =+E6-F6-G6 -> 0
A7: 45572 | B7: DC/01 Dated 10/07/2024 | C7: Pray Associates. | D7: Track Related works | E7: 100 | F7: 0 | G7: 0 | H7: =SUM(E7:G7) -> 100
A8: 24/10/2024 | B8: GP/DFC/Ambala SR. NO. 1225 DATE 24.10.2024 | C8: IMSD JUDN Executive/CIVILl/ JUDN | D8: Track Related works | E8: 0 | F8: 0 | G8: 50 | H8: 50
A9: 46330 | B9: GP/DFC/Ambala SR. NO. 2205 DATE 11.04.2026 | C9: IMD/CHAN | D9: Track Related works | E9: 0 | F9: 50 | G9: 0 | H9: 0

Sheet 3296
B1: foHkkxh; [kkrk feyku iqLrd DEPARTMENTAL LEDGER AND TALLY BOOK
A2: ewY; lwph@dwV la[;k Price List / Code No. | D2: 51 | E2: feyku i= la[;k Tally Code No. | H2: 1 | I2: ;wfuV Unit | J2: 1
A3: oLrq dk fooj.k Description of the Article | D3: Electronic Track and Turnout gauge | E3: ys[kk dk;kZy; i`"B la[;k Accounts Office File No. | I3: 3296
A4: ekg vkSj rkjh[k Month and Date | B4: izkfIr ;k fuxZe okmpj la[;k vkSj rkjh[k No. and Date of Receiot or issue Voucher | C4: fdlls izkIr gqvk ;k fdls tkjh fd;k From Whom received or to whom issued | D4: izkfIr ;k fuxZe dk mn~ns'; Purpose for which received or issue | E4: izkfIr Receipt | F4: LFkkukarj.k Transfer | G4: fuxZe Issues | H4: 'ks"k Balance | I4: 3
E5: ux No. Vu Tonnes fd-xzk-Kgs. | F5: ux No. Vu Tonnes fd-xzk-Kgs. | G5: ux No. Vu Tonnes fd-xzk-Kgs. | H5: ux No. Vu Tonnes fd-xzk-Kgs.
E6: =SUM(E7:E1000) -> 2 | F6: =SUM(F7:F1000) -> 0 | G6: =SUM(G7:G1000) -> 1 | H6: =+E6-F6-G6 -> 1
A7: 45454 | B7: PIE-2024-25-549 DATED 29.10.2024 | C7: Paragun instromention eng pvt. | D7: P-way Related work | E7: 2 | F7: 0 | G7: 0 | H7: =SUM(E7:G7) -> 2
A8: 20/11/2024 | B8: GP/DFC/Ambala SR. NO. 1179 DATE 20.11.2024 | C8: Vibhanshu prashar Executive/CIVILl/ JUDN | D8: P-way Related work | E8: 0 | F8: 0 | G8: 1 | H8: 1

Sheet 3298
B1: foHkkxh; [kkrk feyku iqLrd DEPARTMENTAL LEDGER AND TALLY BOOK
A2: ewY; lwph@dwV la[;k Price List / Code No. | D2: 51 | E2: feyku i= la[;k Tally Code No. | H2: 1 | I2: ;wfuV Unit | J2: 1
A3: oLrq dk fooj.k Description of the Article | D3: Hydrolic jack 100mm lift 100ton acp with out handle | E3: ys[kk dk;kZy; i`"B la[;k Accounts Office File No. | I3: 3298
A4: ekg vkSj rkjh[k Month and Date | B4: izkfIr ;k fuxZe okmpj la[;k vkSj rkjh[k No. and Date of Receiot or issue Voucher | C4: fdlls izkIr gqvk ;k fdls tkjh fd;k From Whom received or to whom issued | D4: izkfIr ;k fuxZe dk mn~ns'; Purpose for which received or issue | E4: izkfIr Receipt | F4: LFkkukarj.k Transfer | G4: fuxZe Issues | H4: 'ks"k Balance | I4: 3
E5: ux No. Vu Tonnes fd-xzk-Kgs. | F5: ux No. Vu Tonnes fd-xzk-Kgs. | G5: ux No. Vu Tonnes fd-xzk-Kgs. | H5: ux No. Vu Tonnes fd-xzk-Kgs.
E6: =SUM(E7:E1000) -> 1 | F6: =SUM(F7:F1000) -> 0 | G6: =SUM(G7:G1000) -> 0 | H6: =+E6-F6-G6 -> 1
A7: 45913 | B7: Invoice No. 125 dt, 13.09.2025 | C7: Sai Associates. | D7: P-way Related work | E7: 1 | F7: 0 | G7: 0 | H7: =SUM(E7:G7) -> 1

Sheet 3299
B1: foHkkxh; [kkrk feyku iqLrd DEPARTMENTAL LEDGER AND TALLY BOOK
A2: ewY; lwph@dwV la[;k Price List / Code No. | D2: 51 | E2: feyku i= la[;k Tally Code No. | H2: 1 | I2: ;wfuV Unit | J2: 1
A3: oLrq dk fooj.k Description of the Article | D3: Torque Wrench With Sockets | E3: ys[kk dk;kZy; i`"B la[;k Accounts Office File No. | I3: 3299
A4: ekg vkSj rkjh[k Month and Date | B4: izkfIr ;k fuxZe okmpj la[;k vkSj rkjh[k No. and Date of Receiot or issue Voucher | C4: fdlls izkIr gqvk ;k fdls tkjh fd;k From Whom received or to whom issued | D4: izkfIr ;k fuxZe dk mn~ns'; Purpose for which received or issue | E4: izkfIr Receipt | F4: LFkkukarj.k Transfer | G4: fuxZe Issues | H4: 'ks"k Balance | I4: 3
E5: ux No. Vu Tonnes fd-xzk-Kgs. | F5: ux No. Vu Tonnes fd-xzk-Kgs. | G5: ux No. Vu Tonnes fd-xzk-Kgs. | H5: ux No. Vu Tonnes fd-xzk-Kgs.
E6: =SUM(E7:E1000) -> 1 | F6: =SUM(F7:F1000) -> 0 | G6: =SUM(G7:G1000) -> 0 | H6: =+E6-F6-G6 -> 1
A7: 45913 | B7: Invoice No. 125 dt, 13.09.2025 | C7: Sai Associates. | D7: P-way Related work | E7: 1 | F7: 0 | G7: 0 | H7: =SUM(E7:G7) -> 1

Sheet 3300
B1: foHkkxh; [kkrk feyku iqLrd DEPARTMENTAL LEDGER AND TALLY BOOK
A2: ewY; lwph@dwV la[;k Price List / Code No. | D2: 51 | E2: feyku i= la[;k Tally Code No. | H2: 1 | I2: ;wfuV Unit | J2: 1
A3: oLrq dk fooj.k Description of the Article | D3: Grease Nipple | E3: ys[kk dk;kZy; i`"B la[;k Accounts Office File No. | I3: 3300
A4: ekg vkSj rkjh[k Month and Date | B4: izkfIr ;k fuxZe okmpj la[;k vkSj rkjh[k No. and Date of Receiot or issue Voucher | C4: fdlls izkIr gqvk ;k fdls tkjh fd;k From Whom received or to whom issued | D4: izkfIr ;k fuxZe dk mn~ns'; Purpose for which received or issue | E4: izkfIr Receipt | F4: LFkkukarj.k Transfer | G4: fuxZe Issues | H4: 'ks"k Balance | I4: 3
E5: ux No. Vu Tonnes fd-xzk-Kgs. | F5: ux No. Vu Tonnes fd-xzk-Kgs. | G5: ux No. Vu Tonnes fd-xzk-Kgs. | H5: ux No. Vu Tonnes fd-xzk-Kgs.
E6: =SUM(E7:E1000) -> 3000 | F6: =SUM(F7:F1000) -> 0 | G6: =SUM(G7:G1000) -> 0 | H6: =+E6-F6-G6 -> 3000
A7: 45913 | B7: Invoice No. 125 dt, 13.09.2025 | C7: Sai Associates. | D7: P-way Related work | E7: 3000 | F7: 0 | G7: 0 | H7: =SUM(E7:G7) -> 3000
