Workbook

Sheet INDEX
A1: f | B1: Dedicated Freight Corridor Corporation of India | L1: C & P Items
A2: Index | L2: Furniture Items
A3: Sr.No. | B3: Particular | C3: Page No. | D3: izkfIr Receipt | E3: LFkkukarj.k Transfer | F3: fuxZe Issues | G3: 'ks"k Balance | H3: Remarks | I3: QR | L3: Cash Imprest Items
A4: 1 | B4: Safety Shoe | C4: 1401 | D4: ='1401'!E6 -> 150 | E4: ='1401'!F6 -> 0 | F4: ='1401'!G6 -> 75 | G4: ='1401'!H6 -> 75 | H4: nos
A5: 2 | B5: Rain Coat Officer | C5: 1402 | D5: ='1402'!E6 -> 55 | E5: ='1402'!F6 -> 0 | F5: ='1402'!G6 -> 26 | G5: ='1402'!H6 -> 29 | H5: nos | J5: ='1402'!K6 -> 0
A6: 3 | B6: Rain Coat Staff | C6: 1403 | D6: ='1403'!E6 -> 350 | E6: ='1403'!F6 -> 0 | F6: ='1403'!G6 -> 341 | G6: ='1403'!H6 -> 9 | H6: nos

Sheet 1401
B1: foHkkxh; [kkrk feyku iqLrd DEPARTMENTAL LEDGER AND TALLY BOOK
A2: ewY; lwph@dwV la[;k Price List / Code No. | D2: 7 | E2: feyku i= la[;k Tally Code No. | H2: 1 | I2: ;wfuV Unit | J2: 1
A3: oLrq dk fooj.k Description of the Article | D3: Safety Shoe | E3: ys[kk dk;kZy; i`"B la[;k Accounts Office File No. | I3: 1401
A4: ekg vkSj rkjh[k Month and Date | B4: izkfIr ;k fuxZe okmpj la[;k vkSj rkjh[k No. and Date of Receiot or issue Voucher | C4: fdlls izkIr gqvk ;k fdls tkjh fd;k From Whom received or to whom issued | D4: izkfIr ;k fuxZe dk mn~ns'; Purpose for which received or issue | E4: izkfIr Receipt | F4: LFkkukarj.k Transfer | G4: fuxZe Issues | H4: 'ks"k Balance | I4: vk|{kj Signature
E5: ux No. Vu Tonnes fd-xzk-Kgs. | F5: ux No. Vu Tonnes fd-xzk-Kgs. | G5: ux No. Vu Tonnes fd-xzk-Kgs. | H5: ux No. Vu Tonnes fd-xzk-Kgs.
E6: =SUM(E7:E998) -> 150 | F6: =SUM(F7:F998) -> 0 | G6: =SUM(G7:G998) -> 75 | H6: =+E6-F6-G6 -> 75
A7: 45479 | B7: 197/ dt. 29.06.224 | C7: M.S. Traders &eng. | D7: For track Maintence & Related works | E7: 150 | F7: 0 | G7: 0 | H7: =SUM(E7:G7) -> 150
A8: 45514 | B8: GP/DFC/Ambala Sr.No.1215 dt. 10.08.2024 | C8: IMSD/JUDN | D8: For track Maintence & Related works | E8: 0 | F8: 0 | G8: 75 | H8: =H7-G8-F8+E8 -> 75

Sheet 1402
B1: foHkkxh; [kkrk feyku iqLrd DEPARTMENTAL LEDGER AND TALLY BOOK
A2: ewY; lwph@dwV la[;k Price List / Code No. | D2: 7 | E2: feyku i= la[;k Tally Code No. | H2: 1 | I2: ;wfuV Unit | J2: 1
A3: oLrq dk fooj.k Description of the Article | D3: Rain Suit officer | E3: ys[kk dk;kZy; i`"B la[;k Accounts Office File No. | I3: 1402
A4: ekg vkSj rkjh[k Month and Date | B4: izkfIr ;k fuxZe okmpj la[;k vkSj rkjh[k No. and Date of Receiot or issue Voucher | C4: fdlls izkIr gqvk ;k fdls tkjh fd;k From Whom received or to whom issued | D4: izkfIr ;k fuxZe dk mn~ns'; Purpose for which received or issue | E4: izkfIr Receipt | F4: LFkkukarj.k Transfer | G4: fuxZe Issues | H4: 'ks"k Balance | I4: vk|{kj Signature
E5: ux No. Vu Tonnes fd-xzk-Kgs. | F5: ux No. Vu Tonnes fd-xzk-Kgs. | G5: ux No. Vu Tonnes fd-xzk-Kgs. | H5: ux No. Vu Tonnes fd-xzk-Kgs.
E6: =SUM(E7:E998) -> 55 | F6: =SUM(F7:F998) -> 0 | G6: =SUM(G7:G998) -> 26 | H6: =+E6-F6-G6 -> 29
A7: 45483 | B7: DC/02 dt. 10.07.2024 | C7: Pary Associates | D7: For track Maintence & Related works | E7: 55 | F7: 0 | G7: 0 | H7: =SUM(E7:G7) -> 55
A8: 45505 | B8: As per Sheet page no 228 | C8: officer | D8: For track Maintence & Related works | E8: 0 | F8: 0 | G8: 19 | H8: =H7-G8-F8+E8 -> 36
A9: 45488 | B9: As per Sheet page no 229 | C9: officer | D9: For track Maintence & Related works | E9: 0 | F9: 0 | G9: 4 | H9: =H8-G9-F9+E9 -> 32
A10: 46044 | B10: GP/DFC/Ambala Sr.No.1166 | C10: officer | D10: For track Maintence & Related works | E10: 0 | F10: 0 | G10: 3 | H10: =H9-G10-F10+E10 -> 29

Sheet 1403
B1: foHkkxh; [kkrk feyku iqLrd DEPARTMENTAL LEDGER AND TALLY BOOK
A2: ewY; lwph@dwV la[;k Price List / Code No. | D2: 7 | E2: feyku i= la[;k Tally Code No. | H2: 1 | I2: ;wfuV Unit | J2: 1
A3: oLrq dk fooj.k Description of the Article | D3: Rain Suit | E3: ys[kk dk;kZy; i`"B la[;k Accounts Office File No. | I3: 1403
A4: ekg vkSj rkjh[k Month and Date | B4: izkfIr ;k fuxZe okmpj la[;k vkSj rkjh[k No. and Date of Receiot or issue Voucher | C4: fdlls izkIr gqvk ;k fdls tkjh fd;k From Whom received or to whom issued | D4: izkfIr ;k fuxZe dk mn~ns'; Purpose for which received or issue | E4: izkfIr Receipt | F4: LFkkukarj.k Transfer | G4: fuxZe Issues | H4: 'ks"k Balance | I4: vk|{kj Signature
E5: ux No. Vu Tonnes fd-xzk-Kgs. | F5: ux No. Vu Tonnes fd-xzk-Kgs. | G5: ux No. Vu Tonnes fd-xzk-Kgs. | H5: ux No. Vu Tonnes fd-xzk-Kgs.
E6: =SUM(E7:E998) -> 350 | F6: =SUM(F7:F998) -> 0 | G6: =SUM(G7:G998) -> 341 | H6: =+E6-F6-G6 -> 9
A7: 17/03/2024 | B7: 167 Dated 16.03.2024 | C7: M.S Traders & Enginers | D7: For track Maintence & Related works | E7: 50 | F7: 0 | G7: 0 | H7: =SUM(E7:G7) -> 50
A8: 28/05/2024 | B8: 167 Date 16.03.2024 M.S Treades & engg | C8: Exce/ CIVILl-1/ JUDN Abhishek Sharma | D8: Issued to IMSD JUDN | E8: 0 | F8: 0 | G8: 25 | H8: =H7-G8-F8+E8 -> 25
A9: 26/06/2024 | B9: 167 Date 16.03.2024 M.S Treades & engg | C9: Sr. Exe/CIVILl/ Knnn Surendera kumar | D9: For CHAN. NSIR | E9: 0 | F9: 0 | G9: 25 | H9: =H8-G9-F9+E9 -> 0
A10: 45511 | B10: 003/24-25 Dray Associates | C10: Dray Associates | D10: For track Maintence & Related works | E10: 100 | F10: 0 | G10: 0 | H10: =H9-G10-F10+E10 -> 100
A11: 45542 | B11: 1205/ GP/DFC/ AMBALA Date: 09.07.2024 | C11: Sr. Exe/CIVILl/UMB Inderjeet Singh | D11: Sr. exe/CIVILl | E11: 0 | F11: 0 | G11: 100 | H11: =H10-G11-F11+E11 -> 0
A12: 45572 | B12: DCL 2 Dated 10.07.2024 | C12: Dray Associates | D12: For Track maintence Related works | E12: 200 | F12: 0 | G12: 0 | H12: =H11-G12-F12+E12 -> 200
A13: 45572 | B13: GP/DFC/ Ambala Sr. No. 1206 | C13: JPM/OPDB/UMB Avinesh Thakr | D13: For Track maintence Related works | E13: 0 | F13: 0 | G13: 50 | H13: =H12-G13-F13+E13 -> 150
A14: 15/07/2024 | B14: GP/DFC/ Ambala Sr. No. 1207 | C14: JPM/OPDB/UMB Avinesh Thakr | D14: For Track maintence Related works | E14: 0 | F14: 0 | G14: 62 | H14: =H13-G14-F14+E14 -> 88
A15: 45299 | B15: GP/DFC/ Ambala Sr. No. 1208 | C15: Sr. exe/ engg / SMUN | D15: For Track work | E15: 0 | F15: 0 | G15: 30 | H15: =H14-G15-F15+E15 -> 58
A16: 45839 | B16: Staff Use | C16: SMUN Staff Use | D16: For Track work | E16: 0 | F16: 0 | G16: 12 | H16: =H15-G16-F16+E16 -> 46
A17: 45973 | B17: Cold weather Patrolman | C17: Cold weather Patrolman | D17: For Track work | E17: 0 | F17: 0 | G17: 19 | H17: =H16-G17-F17+E17 -> 27
A18: 46247 | B18: GP/26/000116 dt 13.08.2026 | C18: Keyman | D18: For Track work | E18: 0 | F18: 0 | G18: 18 | H18: =H17-G18-F18+E18 -> 9
