Workbook
Name Slicer_Column14: #REF!
Name Slicer_Column15: #REF!
Name SlicerCache_Table_1_Col_10: #N/A
Name SlicerCache_Table_1_Col_12: #N/A

Sheet Filter data
E7: NSIR | R7: ROB
A9: S. No | B9: Station | C9: Point No. | D9: Line | E9: Angle | F9: SRJ Chainage | G9: Laid On | H9: LH/RH | I9: Traffic | J9: SE | K9: D | L9: Stations behind the X-ing | O9: Bridge No. | P9: Section | Q9: From | R9: To | S9: Bridge Type | T9: Old Bridge No. | U9: Column15 | V9: Span Configuration | W9: Length of Bridge | X9: Linear Waterway
A10: =ROW()-9 -> 1 | B10: {=IF(E7="", "", IFERROR(_xlfn._xlws.FILTER(PNC!B:L, PNC!B:B=E7), "Data Not Found"))} -> NSIR | C10: 201b | D10: Main Line | E10: 1/12 | F10: 1200.778 | G10: Straight | H10: LH | I10: Facing | J10: 0 | L10: 3 | O10: {=IF(E7="","",IFERROR(_xlfn._xlws.FILTER(Bridge!B:K,Bridge!F:F=R7),"Data Not Found"))} -> 1169/1 | P10: 01. UBCD-SMUN | Q10: 1169.024 | R10: 1169.024 | S10: ROB | T10: 131 | U10: RCC/PSC Girder | V10: 1x26.00m | W10: 0
A11: =ROW()-9 -> 2 | B11: NSIR | C11: 243b | D11: Main Line | E11: 1/12 | F11: 1201.669 | G11: Curve | H11: LH | I11: Facing | J11: 20 | K11: 0.22 | L11: 3 | O11: 1178/2 | P11: 03. SMUN-SBJN | Q11: 1178.791 | R11: 1178.791 | S11: ROB | T11: 135 | U11: RCC/PSC Girder | V11: 1x8.50m | W11: 0
A12: =ROW()-9 -> 3 | B12: NSIR | C12: 244a | D12: Main Line | E12: 1/12 | F12: 1201.925 | G12: Curve | H12: RH | I12: Trailing | J12: 20 | K12: 0.22 | L12: 3 | O12: 1180/2 | P12: 03. SMUN-SBJN | Q12: 1180.604 | R12: 1180.604 | S12: ROB | T12: 120 | U12: Box | V12: 1x6.30m | W12: 0
A13: =ROW()-9 -> 4 | B13: NSIR | C13: 245a | D13: Main Line | E13: 1/12 | F13: 1201.938 | G13: Curve | H13: RH | I13: Facing | J13: 20 | K13: 0.22 | L13: 3 | O13: 1203/3 | P13: 06. NSIR Yard | Q13: 1203.476 | R13: 1203.476 | S13: ROB | T13: 145A | U13: RCC/PSC Girder | V13: 1x24.69m | W13: 0
A14: =ROW()-9 -> 5 | B14: NSIR | C14: 295b | D14: Main Line | E14: 1/12 | F14: 1203.015 | G14: Straight | H14: RH | I14: Trailing | J14: 0 | L14: 3 | O14: 1204/1 | P14: 06. NSIR Yard | Q14: 1204.021 | R14: 1204.021 | S14: ROB | T14: 145B | U14: RCC/PSC Girder | V14: 1x24.39m | W14: 0
A15: =ROW()-9 -> 6 | B15: NSIR | C15: 296b | D15: Main Line | E15: 1/12 | F15: 1203.076 | G15: Straight | H15: LH | I15: Trailing | J15: 0 | L15: 3 | O15: 1218/1 | P15: 09. GVGN-KNNN | Q15: 1218.166 | R15: 1218.166 | S15: ROB | T15: 153 C | U15: Composite Girder | V15: 1x30.18m | W15: 0
A16: =ROW()-9 -> 7 | B16: NSIR | C16: 297a | D16: Main Line | E16: 1/12 | F16: 1203.089 | G16: Straight | H16: LH | I16: Facing | J16: 0 | L16: 3 | O16: 1223/1 | P16: 09. GVGN-KNNN | Q16: 1223.362 | R16: 1223.362 | S16: ROB | T16: ROB Khanna | U16: RCC/PSC Girder | V16: 1x31.40m | W16: 0
A17: =ROW()-9 -> 8 | B17: NSIR | C17: 299b | D17: Main Line | E17: 1/12 | F17: 1203.97 | G17: Curve | H17: LH | I17: Trailing | J17: 30 | K17: 0.49 | L17: 3 | O17: 1224/1 | P17: 09. GVGN-KNNN | Q17: 1224.99 | R17: 1224.99 | S17: ROB | T17: 155 B | U17: RCC/PSC Girder | V17: 1x33.52m | W17: 0
A18: =ROW()-9 -> 9 | B18: NSIR | C18: 201a | D18: Loop | E18: 1/12 | F18: 1200.899 | G18: Straight | H18: LH | I18: SL | J18: 0 | L18: 3 | O18: 1234/1 | P18: 11. KNNN-CHAN | Q18: 1234.357 | R18: 1234.357 | S18: ROB | T18: 161 | U18: RCC/PSC Girder | V18: 1x23.40m | W18: 0
A19: =ROW()-9 -> 10 | B19: NSIR | C19: 243a | D19: Loop | E19: 1/12 | F19: 1201.79 | G19: Straight | H19: RH | I19: SL | J19: 0 | L19: 3
A20: =ROW()-9 -> 11 | B20: NSIR | C20: 244b | D20: Loop | E20: 1/12 | F20: 1201.803 | G20: Curve | H20: RH | I20: SL | J20: 0 | K20: NA | L20: 3
A21: =ROW()-9 -> 12 | B21: NSIR | C21: 245b | D21: Loop | E21: 1/12 | F21: 1202.065 | G21: Straight | H21: RH | I21: SL | J21: 0 | L21: 3
A22: =ROW()-9 -> 13 | B22: NSIR | C22: 246a | D22: Loop | E22: 1/12 | F22: 1202.072 | G22: Straight | H22: RH | I22: SL | J22: 0 | L22: 10
A23: =ROW()-9 -> 14 | B23: NSIR | C23: 295a | D23: Loop | E23: 1/12 | F23: 1202.893 | G23: Straight | H23: RH | I23: SL | J23: 0 | L23: 3
A24: =ROW()-9 -> 15 | B24: NSIR | C24: 296a | D24: Loop | E24: 1/12 | F24: 1202.955 | G24: Straight | H24: RH | I24: SL | J24: 0 | L24: 3
A25: =ROW()-9 -> 16 | B25: NSIR | C25: 297b | D25: Loop | E25: 1/12 | F25: 1203.21 | G25: Straight | H25: LH | I25: SL | J25: 0 | L25: 3
A26: =ROW()-9 -> 17 | B26: NSIR | C26: 299a | D26: Loop | E26: 1/12 | F26: 1203.846 | G26: Curve | H26: LH | I26: SL | J26: 0 | K26: NA | L26: 3
A27: =ROW()-9 -> 18 | B27: NSIR | C27: 246b | D27: D/S | E27: 1/12 | F27: 1202.205 | G27: Curve | H27: LH | I27: SL | J27: 0 | K27: NA | L27: 0
A28: =ROW()-9 -> 19
A29: =ROW()-9 -> 20
A30: =ROW()-9 -> 21
A31: =ROW()-9 -> 22
A32: =ROW()-9 -> 23
A33: =ROW()-9 -> 24
A34: =ROW()-9 -> 25
A35: =ROW()-9 -> 26
A36: =ROW()-9 -> 27
A37: =ROW()-9 -> 28
A38: =ROW()-9 -> 29
A39: =ROW()-9 -> 30
... A44: =ROW()-9 -> 35

Sheet finder
V2: ID No. | X2: 14803 | AE2: =_xlfn.XLOOKUP(X2,ExMaster_DATA!B:B,ExMaster_DATA!L:L,"Not Found") -> #VALUE!
E7: SBJN | L7: 291a | Q7: {=_xlfn.XLOOKUP(1, (PNC!$B:$B=$E$7)*(PNC!$C:$C=$L$7), PNC!$H:$H, "")} -> RH | W7: ID: | Y7: =_xlfn.XLOOKUP($X$2,ExMaster_DATA!B:B,ExMaster_DATA!B:B,"Not Found") -> 14803
W8: Name: | Y8: =_xlfn.XLOOKUP(X2,ExMaster_DATA!B:B,ExMaster_DATA!C:C,"Not Found") -> Tarsem Singh
A9: Station Behind the crossing | D9: {=_xlfn.XLOOKUP(1, (PNC!$B:$B=$E$7)*(PNC!$C:$C=$L$7), PNC!$L:$L, "")} -> 3 | F9: Line | G9: {=_xlfn.XLOOKUP(1, (PNC!$B:$B=$E$7)*(PNC!$C:$C=$L$7), PNC!$D:$D, "")} -> Main Line | I9: SRJ Ch. | J9: {=_xlfn.XLOOKUP(1, (PNC!$B:$B=$E$7)*(PNC!$C:$C=$L$7), PNC!$F:$F, "")} -> 1189.578 | M9: Laid ON | N9: {=_xlfn.XLOOKUP(1, (PNC!$B:$B=$E$7)*(PNC!$C:$C=$L$7), PNC!$G:$G, "")} -> Straight | Q9: Angle | R9: {=_xlfn.XLOOKUP(1, (PNC!$B:$B=$E$7)*(PNC!$C:$C=$L$7), PNC!$E:$E, "")} -> 1/12 | Y9: =IF(W3="", "", IFERROR(VLOOKUP(W3, '[1]Mater DATA'!$A$2:$M$54, 4, FALSE), "Not Found"))
W10: Designation: | Y10: =_xlfn.XLOOKUP($X$2,ExMaster_DATA!B:B,ExMaster_DATA!H:H,"Not Found") -> Patrolman
A11: Curve-Finder | X11: =IF(W3="", "", IFERROR(VLOOKUP(W3, '[1]Mater DATA'!$A$2:$M$54, 5, FALSE), "Not Found")) | Y11: =IF(W3="", "", IFERROR(VLOOKUP(W3, '[1]Mater DATA'!$A$2:$M$54, 6, FALSE), "Not Found"))
W12: Address: | Y12: {=_xlfn.XLOOKUP($X$2,ExMaster_DATA!B:B,ExMaster_DATA!I:I & " " & ExMaster_DATA!J:J,"Not Found")} -> VPO Mohan pur Teh Khanna Ludhiana | AE12: =_xlfn.XLOOKUP(X2,ExMaster_DATA!B:B,ExMaster_DATA!M:M,"Not Found") -> #VALUE!
E13: 369 | I13: Km From | J13: =_xlfn.XLOOKUP($E$13, Curve!B:B, Curve!C:C, "") -> 1223.674 | L13: Km To | M13: =_xlfn.XLOOKUP(E13, Curve!B:B, Curve!D:D, "") -> 1223.751 | P13: Versine | Q13: =_xlfn.XLOOKUP(E13, Curve!B:B, Curve!I:I, "") -> 5
B15: Degree | D15: =_xlfn.XLOOKUP(E13, Curve!B:B, Curve!F:F, "") -> 0.17 | F15: TCL | G15: =_xlfn.XLOOKUP(E13, Curve!B:B, Curve!J:J, "") -> 20 | I15: CCL | J15: =_xlfn.XLOOKUP(E13, Curve!B:B, Curve!K:K, "") -> 36.88 | M15: Radius | N15: =_xlfn.XLOOKUP(E13, Curve!B:B, Curve!H:H, "") -> 10000 | Q15: SE | R15: =_xlfn.XLOOKUP(E13, Curve!B:B, Curve!M:M, "") -> 20 | W15: Beat Details | Y15: =_xlfn.XLOOKUP($X$2,ExMaster_DATA!B:B,ExMaster_DATA!E:E,"Not Found") -> SPN-09
Y16: =_xlfn.XLOOKUP($X$2,ExMaster_DATA!B:B,ExMaster_DATA!F:F,"Not Found") -> B 1226/1 to C 1233/16
A17: Bridge-Finder
E19: RUB | L19: 1177/CL/1 | Q19: Block Section or Yard
Q20: =_xlfn.XLOOKUP(L19,Bridge!B:B,Bridge!C:C,"") -> 14.SMUN-RPJ
B21: Old Bridge No. | D21: =_xlfn.XLOOKUP(L19,Bridge!B:B,Bridge!G:G,"") -> 115 | F21: Km From | G21: =_xlfn.XLOOKUP(L19,Bridge!B:B,Bridge!D:D,"") -> 1176.953 | I21: Km To | J21: =_xlfn.XLOOKUP(L19,Bridge!B:B,Bridge!E:E,"") -> 1177.085 | M21: =_xlfn.XLOOKUP(L19,Bridge!B:B,Bridge!F:F,"") -> MJB (OWG)
B23: Bridge Type | C23: =_xlfn.XLOOKUP(L19,Bridge!B:B,Bridge!H:H,"") -> OWG | I23: Span | K23: =_xlfn.XLOOKUP(L19,Bridge!B:B,Bridge!I:I,"") -> 4x31.10m

Sheet At a Glance
A1: Section under IMSD SMUN (Bridge Details)
A2: Section | B2: Line | C2: Chainage | E2: MJB | F2: MIB | G2: RUB | H2: ROB | I2: FOB | J2: OWG | K2: LC
C3: From | D3: To
A4: UBCD-SMUN | B4: SL | C4: 1167.21 | D4: 1170.435 | E4: 1 | F4: 2 | G4: 1 | H4: 1 | I4: 0 | J4: 0 | K4: 0
A5: SMUN-SBJN | B5: SL | C5: =+D4 -> 1170.435 | D5: 1188.575 | E5: 5 | F5: 19 | G5: 8 | H5: 2 | I5: 1 | J5: 1 | K5: 0
A6: SBJN-NSIR | B6: SL | C6: =+D5 -> 1188.575 | D6: 1202.015 | E6: 6 | F6: 16 | G6: 8 | H6: 0 | I6: 1 | J6: 0 | K6: 0
A7: NSIR-GVGN | B7: SL | C7: =+D6 -> 1202.015 | D7: 1213.187 | E7: 4 | F7: 11 | G7: 9 | H7: 2 | I7: 0 | J7: 2 | K7: 0
A8: GVGN-KNNN | B8: SL | C8: =+D7 -> 1213.187 | D8: 1229.087 | E8: 0 | F8: 10 | G8: 3 | H8: 3 | I8: 2 | J8: 0 | K8: 1
A9: KNNN-CHAN | B9: SL | C9: =+D8 -> 1229.087 | D9: 1235.837 | E9: 0 | F9: 6 | G9: 3 | H9: 1 | I9: 0 | J9: 0 | K9: 1
A10: CHAN-SNL | B10: SL | C10: =+D9 -> 1235.837 | D10: 1249.7 | E10: 1 | F10: 8 | G10: 3 | H10: 0 | I10: 2 | J10: 1 | K10: 3
A11: SMUN-RPJ | B11: SL | C11: 1168.697 | D11: 1178.15 | E11: 1 | F11: 2 | G11: 2 | H11: 0 | I11: 0 | J11: 1 | K11: 0
A12: Total | B12: SL | C12: =(D10-C4)+(D11-C11) -> 91.943 | E12: =SUM(E4:E11) -> 18 | F12: =SUM(F4:F11) -> 74 | G12: =SUM(G4:G11) -> 37 | H12: =SUM(H4:H11) -> 9 | I12: =SUM(I4:I11) -> 6 | J12: =SUM(J4:J11) -> 5 | K12: =SUM(K4:K11) -> 5
A13: Total | E13: =+E12+F12+G12+H12+I12 -> 144
A15: Section under IMSD SMUN (Point & Crossing Details)
A16: Station | B16: Centre | C16: From | D16: To | E16: 1 in 12 | F16: 1 in 8.5 | G16: DS | H16: Total | I16: Main | J16: Loop | K16: Total
A17: SMUN | B17: 1170.435 | C17: 1168.697 | D17: 1172.297 | E17: 25 | F17: 0 | G17: 10 | H17: =+G17+F17+E17 -> 35 | I17: 9 | J17: 26 | K17: =+J17+I17 -> 35
A18: SBJN | B18: 1188.575 | C18: 1186.837 | D18: 1190.292 | E18: 21 | F18: 0 | G18: 5 | H18: =+G18+F18+E18 -> 26 | I18: 7 | J18: 19 | K18: =+J18+I18 -> 26
A19: NSIR | B19: 1202.015 | C19: 1200.287 | D19: 1204.293 | E19: 17 | F19: 0 | G19: 1 | H19: =+G19+F19+E19 -> 18 | I19: 8 | J19: 10 | K19: =+J19+I19 -> 18
A20: GVGN | B20: 1213.187 | C20: 1211.29 | D20: 1215.054 | E20: 22 | F20: 0 | G20: 10 | H20: =+G20+F20+E20 -> 32 | I20: 7 | J20: 25 | K20: =+J20+I20 -> 32
A21: KNNN | B21: 1229.087 | C21: 1227.267 | D21: 1230.845 | E21: 10 | F21: 4 | G21: 8 | H21: =+G21+F21+E21 -> 22 | I21: 4 | J21: 18 | K21: =+J21+I21 -> 22
A22: CHAN | B22: 1235.837 | C22: 1235.837 | D22: 1239.419 | E22: 23 | F22: 0 | G22: 5 | H22: =+G22+F22+E22 -> 28 | I22: 6 | J22: 22 | K22: =+J22+I22 -> 28
A23: Total | E23: =+E17+E18+E19+E20+E21+E22 -> 118 | F23: =+F17+F18+F19+F20+F21+F22 -> 4 | G23: =+G17+G18+G19+G20+G21+G22 -> 39 | H23: =+H17+H18+H19+H20+H21+H22 -> 161 | I23: =+I17+I18+I19+I20+I21+I22 -> 41 | J23: =+J17+J18+J19+J20+J21+J22 -> 120 | K23: =+K17+K18+K19+K20+K21+K22 -> 161
A25: Summery of point & Crossing Under IMSD-SMUN
A26: Stations | B26: Angle | C26: Main line | F26: Loop lines | I26: DS | L26: Total
C27: RH | D27: LH | E27: Total | F27: RH | G27: LH | H27: Total | I27: RH | J27: LH | K27: Total
A28: CHAN | B28: 1:12 | C28: 4 | D28: 2 | E28: =+C28+D28 -> 6 | F28: 10 | G28: 7 | H28: =+F28+G28 -> 17 | I28: 3 | J28: 2 | K28: =+I28+J28 -> 5 | L28: =+E28+H28+K28 -> 28
A29: KNNN | B29: 1:12 | C29: 2 | D29: 2 | E29: =+C29+D29 -> 4 | F29: 4 | G29: 2 | H29: =+F29+G29 -> 6 | I29: 2 | J29: 4 | K29: =+I29+J29 -> 6 | L29: =+E29+H29+K29 -> 16
B30: 1:8.5 | C30: 0 | D30: 0 | E30: =+C30+D30 -> 0 | F30: 2 | G30: 2 | H30: =+F30+G30 -> 4 | I30: 0 | J30: 2 | K30: 2 | L30: =+E30+H30+K30 -> 6
A31: GVGN | B31: 1:12 | C31: 3 | D31: 4 | E31: =+C31+D31 -> 7 | F31: 7 | G31: 8 | H31: =+F31+G31 -> 15 | I31: 5 | J31: 5 | K31: =+I31+J31 -> 10 | L31: =+E31+H31+K31 -> 32
A32: NSIR | B32: 1:12 | C32: 3 | D32: 5 | E32: =+C32+D32 -> 8 | F32: 6 | G32: 3 | H32: =+F32+G32 -> 9 | I32: 0 | J32: 1 | K32: =+I32+J32 -> 1 | L32: =+E32+H32+K32 -> 18
A33: SBJN | B33: 1:12 | C33: 4 | D33: 3 | E33: =+C33+D33 -> 7 | F33: 8 | G33: 6 | H33: =+F33+G33 -> 14 | I33: 3 | J33: 2 | K33: =+I33+J33 -> 5 | L33: =+E33+H33+K33 -> 26
A34: SMUN | B34: 1:12 | C34: 5 | D34: 4 | E34: =+C34+D34 -> 9 | F34: 9 | G34: 7 | H34: =+F34+G34 -> 16 | I34: 6 | J34: 4 | K34: =+I34+J34 -> 10 | L34: =+E34+H34+K34 -> 35
G35: Grand Total | L35: =SUM(L28:L34) -> 161
A38: Section under IMSD SMUN (Curve Details)
A39: Section | B39: Line | C39: Chainage | E39: <1.50* | G39: >1.5* | I39: Total
C40: From | D40: To
A41: UBCD-SMUN | B41: SL | C41: 1167.21 | D41: 1170.435 | E41: 3 | G41: 0 | I41: =+G41+E41 -> 3
A42: SMUN-SBJN | B42: SL | C42: =+D41 -> 1170.435 | D42: 1188.575 | E42: 14 | G42: 3 | I42: =+G42+E42 -> 17
A43: SBJN-NSIR | B43: SL | C43: =+D42 -> 1188.575 | D43: 1202.015 | E43: 14 | G43: 0 | I43: =+G43+E43 -> 14
A44: NSIR-GVGN | B44: SL | C44: =+D43 -> 1202.015 | D44: 1213.187 | E44: 4 | G44: 6 | I44: =+G44+E44 -> 10
A45: GVGN-KNNN | B45: SL | C45: =+D44 -> 1213.187 | D45: 1229.087 | E45: 17 | G45: 2 | I45: =+G45+E45 -> 19
A46: KNNN-CHAN | B46: SL | C46: =+D45 -> 1229.087 | D46: 1235.837 | E46: 10 | G46: 0 | I46: =+G46+E46 -> 10
A47: CHAN-SNL | B47: SL | C47: =+D46 -> 1235.837 | D47: 1249.7 | E47: 9 | G47: 0 | I47: =+G47+E47 -> 9
A48: SMUN-RPJ | B48: SL | C48: 1168.697 | D48: 1178.15 | E48: 13 | G48: 0 | I48: =+G48+E48 -> 13
A49: Total | B49: SL | C49: =(D47-C41)+(D48-C48) -> 91.943 | E49: =+E41+E42+E43+E44+E45+E46+E47+E48 -> 84 | G49: =SUM(G41:H48) -> 11 | I49: =SUM(I41:I48) -> 95
A50: Total | E50: =+E49+G49 -> 95

Sheet LC, LWR, SEJ
A1: Section under IMSD SMUN (LWR Details)
A2: S. No | B2: LWR No. | C2: Section | D2: SRJ Chainage | F2: Length | G2: Gap measured on
D3: From | E3: To
A4: 1 | B4: 9 | C4: NSIR - CHAN | D4: 1207.857 | E4: 1210.72 | F4: =+E4-D4 -> 2.863 | G4: Tongue Rail
A5: 2 | B5: 10 | C5: NSIR - CHAN | D5: 1210.863 | E5: 1244.814 | F5: =+E5-D5 -> 33.951 | G5: Tongue Rail
A6: 3 | B6: 11 | C6: NSIR - CHAN | D6: 1244.97 | E6: 1249.674 | F6: =+E6-D6 -> 4.704 | G6: Tongue Rail
A7: 4 | B7: 12 | C7: SMUN - RPJ | D7: 1172.01 | E7: 1176.92 | F7: =+E7-D7 -> 4.91 | G7: Stock Rail
A8: 5 | B8: 13 | C8: SMUN - RPJ | D8: 1177.135 | E8: 1178.15 | F8: =+E8-D8 -> 1.015 | G8: Stock Rail
A9: 6 | B9: 7 | C9: KNZN - SMUN | D9: 1149.333 | E9: 1175.831 | F9: =+E9-D9 -> 26.498 | G9: Tongue Rail
A10: 7 | B10: 8 | C10: SMUN - SBJN | D10: 1175.987 | E10: 1207.741 | F10: =+E10-D10 -> 31.754 | G10: Tongue Rail
A11: Section under IMSD SMUN (Level Crossing Details)
A12: S. No | B12: LC No. | C12: Blcok Section | E12: Chainage | F12: TUV
A14: 1 | B14: 151C | C14: GVGN | D14: KNNN | E14: 1215.034 | F14: 886440
A15: 2 | B15: 159C | C15: KNNN | D15: CHAN | E15: 1232.095 | F15: 183937.5
A16: 3 | B16: 163spl | C16: CHAN | D16: SNL | E16: 1239.827 | F16: 143633.76
A17: 4 | B17: 164spl | C17: CHAN | D17: SNL | E17: 1244.833 | F17: 599622.31
A18: 5 | B18: 167C | C18: CHAN | D18: SNL | E18: 1248.664 | F18: 232435.43
A19: Section under IMSD SMUN (SEJ Details)
A20: S. No | B20: SEJ No. | C20: Station | D20: SRJ Chainage | E20: DRG No. | G20: Temp.
A22: 1 | B22: 13 | C22: SMUN-SBJN | D22: 1175.831 | E22: Mod. SEJ | G22: 32
A23: 2 | B23: 14 | C23: SMUN-SBJN | D23: 1175.987 | E23: Mod. SEJ | G23: 32
A24: 3 | B24: 15 | C24: NSIR-GVGN | D24: 1207.741 | E24: Mod. SEJ | G24: 29
A25: 4 | B25: 16 | C25: NSIR-GVGN | D25: 1207.857 | E25: Mod. SEJ | G25: 30
A26: 5 | B26: 17 | C26: NSIR-GVGN | D26: 1210.72 | E26: Mod. SEJ | G26: 31
A27: 6 | B27: 18 | C27: NSIR-GVGN | D27: 1210.863 | E27: Mod. SEJ | G27: 32
A28: 7 | B28: 19 | C28: CHAN-SNL | D28: 1244.814 | E28: Mod. SEJ | G28: 32
A29: 8 | B29: 20 | C29: CHAN-SNL | D29: 1244.97 | E29: Mod. SEJ | G29: 31
A30: 9 | B30: 21 | C30: CHAN-SNL | D30: 1249.674 | E30: Mod. SEJ | G30: 32
A31: 10 | B31: 22 | C31: SMUN-RPJ | D31: 1176.92 | E31: 6902-60kg | G31: 36
A32: 11 | B32: 22 | C32: SMUN-RPJ | D32: 1177.135 | E32: 6902-60kg | G32: 36
A33: 12 | B33: Dummy 1 | C33: SMUN-RPJ | D33: 1172.01 | E33: 6902-60kg | G33: 38
A34: 13 | B34: Dummy 2 | C34: SMUN-RPJ | D34: 1178.15 | E34: 6902-60kg | G34: 39

Sheet Bridge
A1: S. No. | B1: Bridge No. | C1: Section | D1: From | E1: To | F1: Bridge Type | G1: Old Bridge No. | H1: Column15 | I1: Span Configuration | J1: Length of Bridge | K1: Linear Waterway
A2: =(ROW(A1)) -> 1 | B2: FOB(O)--08 | C2: 03. SMUN-SBJN | D2: 1179.287 | E2: 1179.287 | F2: FOB | G2: FOB Rajpura | H2: FOB | J2: 88.94 | L2: {=_xlfn.XLOOKUP(Table_1[[#This Row],[Bridge No.]],[2]DATA!$A$1:$A$65536,[2]DATA!$G$1:$H$65536,"")} -> Not Applicable | M2: FOB
A3: =(ROW(A2)) -> 2 | B3: FOB(O)--9 | C3: 05. SBJN-NSIR | D3: 1196.859 | E3: 1196.859 | F3: FOB | G3: FOB Sadhugarh | H3: FOB | J3: 49.19 | L3: {=_xlfn.XLOOKUP(Table_1[[#This Row],[Bridge No.]],[2]DATA!$A$1:$A$65536,[2]DATA!$G$1:$H$65536,"")} -> Not Applicable | M3: FOB
A4: =(ROW(A3)) -> 3 | B4: FOB(O)--10 | C4: 09. GVGN-KNNN | D4: 1215.74 | E4: 1215.74 | F4: FOB | G4: FOB Govindgarh | H4: FOB | J4: 59.48 | L4: {=_xlfn.XLOOKUP(Table_1[[#This Row],[Bridge No.]],[2]DATA!$A$1:$A$65536,[2]DATA!$G$1:$H$65536,"")} -> Not Applicable | M4: FOB
A5: =(ROW(A4)) -> 4 | B5: FOB(O)--11 | C5: 09. GVGN-KNNN | D5: 1224.069 | E5: 1224.069 | F5: FOB | G5: FOB Khanna | H5: FOB | J5: 15.09 | L5: {=_xlfn.XLOOKUP(Table_1[[#This Row],[Bridge No.]],[2]DATA!$A$1:$A$65536,[2]DATA!$G$1:$H$65536,"")} -> Not Applicable | M5: FOB
A6: =(ROW(A5)) -> 5 | B6: FOB(O)--12 | C6: 11. KNNN-CHAN | D6: 1234.828 | E6: 1234.828 | F6: FOB | G6: FOB Chawapail | H6: FOB | J6: 13.71 | L6: {=_xlfn.XLOOKUP(Table_1[[#This Row],[Bridge No.]],[2]DATA!$A$1:$A$65536,[2]DATA!$G$1:$H$65536,"")} -> Not Applicable | M6: FOB
A7: =(ROW(A6)) -> 6 | B7: FOB(O)-13 | C7: 13. CHAN-SNL | D7: 1244.112 | E7: 1244.112 | F7: FOB | G7: FOB DORAHA | H7: FOB | L7: {=_xlfn.XLOOKUP(Table_1[[#This Row],[Bridge No.]],[2]DATA!$A$1:$A$65536,[2]DATA!$G$1:$H$65536,"")}
A8: 1 | B8: 1167/1 | C8: 01. UBCD-SMUN | D8: 1167.528 | E8: 1167.559 | F8: MJB | G8: 96 | H8: Box | I8: 4x6.90m | J8: 31 | K8: 29 | L8: {=_xlfn.XLOOKUP(Table_1[[#This Row],[Bridge No.]],[2]DATA!$A$1:$A$65536,[2]DATA!$G$1:$H$65536,"")} -> Major | M8: Rail Bridge
A9: =(ROW(A8)) -> 8 | B9: 1172/2 | C9: 03. SMUN-SBJN | D9: 1172.753 | E9: 1172.821 | F9: MJB | G9: 103 | H9: Mixed | I9: 1x12.48m + 2x18.60m + 1x12.48m | J9: 68 | K9: 65 | L9: {=_xlfn.XLOOKUP(Table_1[[#This Row],[Bridge No.]],[2]DATA!$A$1:$A$65536,[2]DATA!$G$1:$H$65536,"")} -> Major | M9: Rail Bridge
A10: =(ROW(A9)) -> 9 | B10: 1175/2 | C10: 03. SMUN-SBJN | D10: 1175.857 | E10: 1175.964 | F10: MJB (ROR) | G10: 108 | H10: ROR | I10: 1x12.17m + 1x77.34m + 1x12.17m | J10: 107 | L10: {=_xlfn.XLOOKUP(Table_1[[#This Row],[Bridge No.]],[2]DATA!$A$1:$A$65536,[2]DATA!$G$1:$H$65536,"")} -> Major | M10: ROR
A11: =(ROW(A10)) -> 10 | B11: 1177/1 | C11: 03. SMUN-SBJN | D11: 1177.018 | E11: 1177.148 | F11: MJB | G11: 114 | H11: RCC/PSC Girder | I11: 1x30.02m + 2x30.80m + 1x30.02m | J11: 130 | K11: 127 | L11: {=_xlfn.XLOOKUP(Table_1[[#This Row],[Bridge No.]],[2]DATA!$A$1:$A$65536,[2]DATA!$G$1:$H$65536,"")} -> Major | M11: Rail Bridge
A12: =(ROW(A11)) -> 11 | B12: 1181/2 | C12: 03. SMUN-SBJN | D12: 1181.473 | E12: 1181.494 | F12: MJB | G12: 123 | H12: Slab | I12: 2x9.51m | J12: 21 | K12: 19.02 | L12: {=_xlfn.XLOOKUP(Table_1[[#This Row],[Bridge No.]],[2]DATA!$A$1:$A$65536,[2]DATA!$G$1:$H$65536,"")} -> Major | M12: Rail Bridge
A13: =(ROW(A12)) -> 12 | B13: 1183/3 | C13: 03. SMUN-SBJN | D13: 1183.905 | E13: 1184.013 | F13: MJB | G13: 126 | H13: Box | I13: 15x6.56m | J13: 108 | K13: 105 | L13: {=_xlfn.XLOOKUP(Table_1[[#This Row],[Bridge No.]],[2]DATA!$A$1:$A$65536,[2]DATA!$G$1:$H$65536,"")} -> Major | M13: Rail Bridge
A14: =(ROW(A13)) -> 13 | B14: 1190/1 | C14: 04. SBJN Yard | D14: 1190.113 | E14: 1190.17 | F14: MJB | G14: 134 | H14: Box | I14: 8x6.40m | J14: 57 | K14: 54 | L14: {=_xlfn.XLOOKUP(Table_1[[#This Row],[Bridge No.]],[2]DATA!$A$1:$A$65536,[2]DATA!$G$1:$H$65536,"")} -> Major | M14: Rail Bridge
A15: =(ROW(A14)) -> 14 | B15: 1191/1 | C15: 05. SBJN-NSIR | D15: 1191.089 | E15: 1191.146 | F15: MJB | G15: 135 | H15: Box | I15: 8x6.40m | J15: 57 | K15: 54 | L15: {=_xlfn.XLOOKUP(Table_1[[#This Row],[Bridge No.]],[2]DATA!$A$1:$A$65536,[2]DATA!$G$1:$H$65536,"")} -> Major | M15: Rail Bridge
A16: =(ROW(A15)) -> 15 | B16: 1191/2 | C16: 05. SBJN-NSIR | D16: 1191.366 | E16: 1191.387 | F16: MJB | G16: 136 | H16: Slab | I16: 2x9.51m | J16: 21 | K16: 18 | L16: {=_xlfn.XLOOKUP(Table_1[[#This Row],[Bridge No.]],[2]DATA!$A$1:$A$65536,[2]DATA!$G$1:$H$65536,"")} -> Major | M16: Rail Bridge
A17: =(ROW(A16)) -> 16 | B17: 1193/2 | C17: 05. SBJN-NSIR | D17: 1193.539 | E17: 1193.597 | F17: MJB | G17: 140 | H17: Box | I17: 8x6.60m | J17: 58 | K17: 55 | L17: {=_xlfn.XLOOKUP(Table_1[[#This Row],[Bridge No.]],[2]DATA!$A$1:$A$65536,[2]DATA!$G$1:$H$65536,"")} -> Major | M17: Rail Bridge
A18: =(ROW(A17)) -> 17 | B18: 1195/1 | C18: 05. SBJN-NSIR | D18: 1195.027 | E18: 1195.048 | F18: MJB | G18: 145 | H18: Slab | I18: 2x9.51m | J18: 21 | K18: 19 | L18: {=_xlfn.XLOOKUP(Table_1[[#This Row],[Bridge No.]],[2]DATA!$A$1:$A$65536,[2]DATA!$G$1:$H$65536,"")} -> Major | M18: Rail Bridge
A19: =(ROW(A18)) -> 18 | B19: 1195/4 | C19: 05. SBJN-NSIR | D19: 1195.932 | E19: 1195.968 | F19: MJB | G19: 148 | H19: Box | I19: 5x6.50m | J19: 36 | K19: 33 | L19: {=_xlfn.XLOOKUP(Table_1[[#This Row],[Bridge No.]],[2]DATA!$A$1:$A$65536,[2]DATA!$G$1:$H$65536,"")} -> Major | M19: Rail Bridge
A20: =(ROW(A19)) -> 19 | B20: 1206/1 | C20: 07. NSIR-GVGN | D20: 1206.045 | E20: 1206.127 | F20: MJB | G20: 163 | H20: RCC/PSC Girder | I20: 1x17.93m + 2x18.80m + 1x17.93m | J20: 82 | K20: 79 | L20: {=_xlfn.XLOOKUP(Table_1[[#This Row],[Bridge No.]],[2]DATA!$A$1:$A$65536,[2]DATA!$G$1:$H$65536,"")} -> Major | M20: Rail Bridge
A21: =(ROW(A20)) -> 20 | B21: 1206/2 | C21: 07. NSIR-GVGN | D21: 1206.497 | E21: 1206.544 | F21: MJB (ROR) | G21: 164 | H21: ROR | I21: 1x9.07m + 1x24.40m + 1x9.07m | J21: 47 | L21: {=_xlfn.XLOOKUP(Table_1[[#This Row],[Bridge No.]],[2]DATA!$A$1:$A$65536,[2]DATA!$G$1:$H$65536,"")} -> Major | M21: ROR
A22: =(ROW(A21)) -> 21 | B22: 1207/3 | C22: 07. NSIR-GVGN | D22: 1207.778 | E22: 1207.833 | F22: MJB (ROR) | G22: 165 | H22: ROR | I22: 1x9.16m + 1x31.46m + 1x9.16m | J22: 55 | L22: {=_xlfn.XLOOKUP(Table_1[[#This Row],[Bridge No.]],[2]DATA!$A$1:$A$65536,[2]DATA!$G$1:$H$65536,"")} -> Major | M22: ROR
A23: =(ROW(A22)) -> 22 | B23: 1210/2 | C23: 07. NSIR-GVGN | D23: 1210.76 | E23: 1210.824 | F23: MJB (OWG) | G23: 170 | H23: OWG | I23: 1x62.10m | J23: 64 | K23: 62.1 | L23: {=_xlfn.XLOOKUP(Table_1[[#This Row],[Bridge No.]],[2]DATA!$A$1:$A$65536,[2]DATA!$G$1:$H$65536,"")} -> Major | M23: Rail Bridge
A24: =(ROW(A23)) -> 23 | B24: 1244/2 | C24: 13. CHAN-SNL | D24: 1244.851 | E24: 1244.931 | F24: MJB (OWG) | G24: 199 | H24: OWG | I24: 1x78.05m | J24: 80 | K24: 78.05 | L24: {=_xlfn.XLOOKUP(Table_1[[#This Row],[Bridge No.]],[2]DATA!$A$1:$A$65536,[2]DATA!$G$1:$H$65536,"")} -> Major | M24: Rail Bridge
A25: =(ROW(A24)) -> 24 | B25: 1177/CL/1 | C25: 14.SMUN-RPJ | D25: 1176.953 | E25: 1177.085 | F25: MJB (OWG) | G25: 115 | H25: OWG | I25: 4x31.10m | J25: 132 | K25: 129 | L25: {=_xlfn.XLOOKUP(Table_1[[#This Row],[Bridge No.]],[2]DATA!$A$1:$A$65536,[2]DATA!$G$1:$H$65536,"")} -> Major | M25: Rail Bridge
A26: =(ROW(A25)) -> 25 | B26: 1169/2 | C26: 01. UBCD-SMUN | D26: 1169.849 | E26: 1169.852 | F26: Minor | G26: 98 | H26: Box | I26: 1x2.00m | J26: 3 | K26: 2 | L26: {=_xlfn.XLOOKUP(Table_1[[#This Row],[Bridge No.]],[2]DATA!$A$1:$A$65536,[2]DATA!$G$1:$H$65536,"")} -> Minor | M26: Rail Bridge
A27: =(ROW(A26)) -> 26 | B27: 1170/1 | C27: 02. SMUN Yard | D27: 1170.075 | E27: 1170.078 | F27: Minor | G27: 101 A | H27: Box | I27: 1x2.00m | J27: 3 | K27: 2 | L27: {=_xlfn.XLOOKUP(Table_1[[#This Row],[Bridge No.]],[2]DATA!$A$1:$A$65536,[2]DATA!$G$1:$H$65536,"")} -> Minor | M27: Rail Bridge
A28: =(ROW(A27)) -> 27 | B28: 1170/2 | C28: 02. SMUN Yard | D28: 1170.499 | E28: 1170.503 | F28: Minor | G28: 99 | H28: Box | I28: 1x3.00m | J28: 4 | K28: 3 | L28: {=_xlfn.XLOOKUP(Table_1[[#This Row],[Bridge No.]],[2]DATA!$A$1:$A$65536,[2]DATA!$G$1:$H$65536,"")} -> Minor | M28: Rail Bridge
A29: =(ROW(A28)) -> 28 | B29: 1170/3 | C29: 02. SMUN Yard | D29: 1170.972 | E29: 1170.976 | F29: Minor | G29: 100 | H29: Box | I29: 2x2.75m | J29: 4 | K29: 5.5 | L29: {=_xlfn.XLOOKUP(Table_1[[#This Row],[Bridge No.]],[2]DATA!$A$1:$A$65536,[2]DATA!$G$1:$H$65536,"")} -> Minor | M29: Rail Bridge
A30: =(ROW(A29)) -> 29 | B30: 1171/1 | C30: 02. SMUN Yard | D30: 1171.609 | E30: 1171.616 | F30: RUB | G30: LC 132 | H30: Box | I30: 1x5.50m | J30: 7 | L30: {=_xlfn.XLOOKUP(Table_1[[#This Row],[Bridge No.]],[2]DATA!$A$1:$A$65536,[2]DATA!$G$1:$H$65536,"")} -> Minor | M30: RUB
A31: =(ROW(A30)) -> 30 | B31: 1172/1 | C31: 03. SMUN-SBJN | D31: 1172.392 | E31: 1172.398 | F31: Minor | G31: 102 | H31: Box | I31: 1x4.50m | J31: 6 | K31: 4.5 | L31: {=_xlfn.XLOOKUP(Table_1[[#This Row],[Bridge No.]],[2]DATA!$A$1:$A$65536,[2]DATA!$G$1:$H$65536,"")} -> Minor | M31: Rail Bridge
A32: =(ROW(A31)) -> 31 | B32: 1174/1 | C32: 03. SMUN-SBJN | D32: 1174.865 | E32: 1174.873 | F32: Minor | G32: 104 | H32: Box | I32: 1x3.50m | J32: 8 | K32: 3.5 | L32: {=_xlfn.XLOOKUP(Table_1[[#This Row],[Bridge No.]],[2]DATA!$A$1:$A$65536,[2]DATA!$G$1:$H$65536,"")} -> Minor | M32: Rail Bridge
A33: =(ROW(A32)) -> 32 | B33: 1175/1 | C33: 03. SMUN-SBJN | D33: 1175.249 | E33: 1175.254 | F33: Minor | G33: 106 | H33: Box | I33: 1x4.00m | J33: 5 | K33: 4 | L33: {=_xlfn.XLOOKUP(Table_1[[#This Row],[Bridge No.]],[2]DATA!$A$1:$A$65536,[2]DATA!$G$1:$H$65536,"")} -> Minor | M33: Rail Bridge
A34: =(ROW(A33)) -> 33 | B34: 1176/2 | C34: 03. SMUN-SBJN | D34: 1176.615 | E34: 1176.633 | F34: Minor | G34: 111 | H34: Box | I34: 1x6.00m | J34: 18 | K34: 6 | L34: {=_xlfn.XLOOKUP(Table_1[[#This Row],[Bridge No.]],[2]DATA!$A$1:$A$65536,[2]DATA!$G$1:$H$65536,"")} -> Minor | M34: Rail Bridge
A35: =(ROW(A34)) -> 34 | B35: 1176/3 | C35: 03. SMUN-SBJN | D35: 1176.829 | E35: 1176.845 | F35: Minor | G35: 113 | H35: Box | I35: 1x6.05m | J35: 16 | K35: 6.05 | L35: {=_xlfn.XLOOKUP(Table_1[[#This Row],[Bridge No.]],[2]DATA!$A$1:$A$65536,[2]DATA!$G$1:$H$65536,"")} -> Minor | M35: Rail Bridge
A36: =(ROW(A35)) -> 35 | B36: 1178/3 | C36: 03. SMUN-SBJN | D36: 1178.985 | E36: 1178.987 | F36: Minor | G36: MIB | H36: Box | I36: 1x1.20m | J36: 2 | K36: 1.2 | L36: {=_xlfn.XLOOKUP(Table_1[[#This Row],[Bridge No.]],[2]DATA!$A$1:$A$65536,[2]DATA!$G$1:$H$65536,"")} -> Minor | M36: Rail Bridge
A37: =(ROW(A36)) -> 36 | B37: 1180/1 | C37: 03. SMUN-SBJN | D37: 1180.536 | E37: 1180.538 | F37: Minor | G37: 121 | H37: Box | I37: 1x1.20m | J37: 2 | K37: 1.2 | L37: {=_xlfn.XLOOKUP(Table_1[[#This Row],[Bridge No.]],[2]DATA!$A$1:$A$65536,[2]DATA!$G$1:$H$65536,"")} -> Minor | M37: Rail Bridge
A38: =(ROW(A37)) -> 37 | B38: 1180/3 | C38: 03. SMUN-SBJN | D38: 1180.955 | E38: 1180.959 | F38: Minor | G38: 119 | H38: Box | I38: 1x3.00m | J38: 4 | K38: 3 | L38: {=_xlfn.XLOOKUP(Table_1[[#This Row],[Bridge No.]],[2]DATA!$A$1:$A$65536,[2]DATA!$G$1:$H$65536,"")} -> Minor | M38: Rail Bridge
A39: =(ROW(A38)) -> 38 | B39: 1181/1 | C39: 03. SMUN-SBJN | D39: 1181.229 | E39: 1181.237 | F39: Minor | G39: 122 | H39: Box | I39: 2x3.40m | J39: 8 | K39: 6.8 | L39: {=_xlfn.XLOOKUP(Table_1[[#This Row],[Bridge No.]],[2]DATA!$A$1:$A$65536,[2]DATA!$G$1:$H$65536,"")} -> Minor | M39: Rail Bridge
A40: =(ROW(A39)) -> 39 | B40: 1182/1 | C40: 03. SMUN-SBJN | D40: 1182.908 | E40: 1182.925 | F40: Minor | G40: 124 | H40: Box | I40: 4x3.30m | J40: 17 | K40: 15 | L40: {=_xlfn.XLOOKUP(Table_1[[#This Row],[Bridge No.]],[2]DATA!$A$1:$A$65536,[2]DATA!$G$1:$H$65536,"")} -> Minor | M40: Rail Bridge
A41: =(ROW(A40)) -> 40 | B41: 1183/2 | C41: 03. SMUN-SBJN | D41: 1183.582 | E41: 1183.595 | F41: Minor | G41: 125 | H41: Box | I41: 3x3.80m | J41: 13 | K41: 11.4 | L41: {=_xlfn.XLOOKUP(Table_1[[#This Row],[Bridge No.]],[2]DATA!$A$1:$A$65536,[2]DATA!$G$1:$H$65536,"")} -> Minor | M41: Rail Bridge
A42: =(ROW(A41)) -> 41 | B42: 1184/1 | C42: 03. SMUN-SBJN | D42: 1184.767 | E42: 1184.771 | F42: Minor | G42: 128 | H42: Box | I42: 1x3.00m | J42: 4 | K42: 3 | L42: {=_xlfn.XLOOKUP(Table_1[[#This Row],[Bridge No.]],[2]DATA!$A$1:$A$65536,[2]DATA!$G$1:$H$65536,"")} -> Minor | M42: Rail Bridge
A43: =(ROW(A42)) -> 42 | B43: 1184/2 | C43: 03. SMUN-SBJN | D43: 1184.965 | E43: 1184.974 | F43: Minor | G43: 127 | H43: Box | I43: 2x3.60m | J43: 9 | K43: 7.2 | L43: {=_xlfn.XLOOKUP(Table_1[[#This Row],[Bridge No.]],[2]DATA!$A$1:$A$65536,[2]DATA!$G$1:$H$65536,"")} -> Minor | M43: Rail Bridge
A44: =(ROW(A43)) -> 43 | B44: 1185/1 | C44: 03. SMUN-SBJN | D44: 1185.746 | E44: 1185.748 | F44: Minor | G44: 129 | H44: Box | I44: 1x1.20m | J44: 2 | K44: 1.2 | L44: {=_xlfn.XLOOKUP(Table_1[[#This Row],[Bridge No.]],[2]DATA!$A$1:$A$65536,[2]DATA!$G$1:$H$65536,"")} -> Minor | M44: Rail Bridge
A45: =(ROW(A44)) -> 44 | B45: 1187/1 | C45: 04. SBJN Yard | D45: 1187.213 | E45: 1187.232 | F45: Minor | G45: 130 | H45: Box | I45: 4x4.00m | J45: 19 | K45: 16 | L45: {=_xlfn.XLOOKUP(Table_1[[#This Row],[Bridge No.]],[2]DATA!$A$1:$A$65536,[2]DATA!$G$1:$H$65536,"")} -> Minor | M45: Rail Bridge
A46: =(ROW(A45)) -> 45 | B46: 1188/1 | C46: 04. SBJN Yard | D46: 1188.481 | E46: 1188.489 | F46: Minor | G46: 132 | H46: Box | I46: 2x3.20m | J46: 8 | K46: 6.4 | L46: {=_xlfn.XLOOKUP(Table_1[[#This Row],[Bridge No.]],[2]DATA!$A$1:$A$65536,[2]DATA!$G$1:$H$65536,"")} -> Minor | M46: Rail Bridge
A47: =(ROW(A46)) -> 46 | B47: 1188/2 | C47: 04. SBJN Yard | D47: 1188.497 | E47: 1188.499 | F47: Minor | G47: 131 | H47: Box | I47: 1x1.20m | J47: 2 | K47: 1.2 | L47: {=_xlfn.XLOOKUP(Table_1[[#This Row],[Bridge No.]],[2]DATA!$A$1:$A$65536,[2]DATA!$G$1:$H$65536,"")} -> Minor | M47: Rail Bridge
A48: =(ROW(A47)) -> 47 | B48: 1191/3 | C48: 05. SBJN-NSIR | D48: 1191.921 | E48: 1191.941 | F48: Minor | G48: 137 | H48: Box | I48: 5x3.30m | J48: 20 | K48: 16.5 | L48: {=_xlfn.XLOOKUP(Table_1[[#This Row],[Bridge No.]],[2]DATA!$A$1:$A$65536,[2]DATA!$G$1:$H$65536,"")} -> Minor | M48: Rail Bridge
... A66: =(ROW(A65)) -> 65 | B66: 1203/2 | C66: 06. NSIR Yard | D66: 1203.392 | E66: 1203.394 | F66: Minor | G66: 158 | H66: Box | I66: 1x1.30m | J66: 2 | K66: 1 | L66: {=_xlfn.XLOOKUP(Table_1[[#This Row],[Bridge No.]],[2]DATA!$A$1:$A$65536,[2]DATA!$G$1:$H$65536,"")} -> Minor | M66: Rail Bridge
A67: =(ROW(A66)) -> 66 | B67: 1207/1 | C67: 07. NSIR-GVGN | D67: 1207.003 | E67: 1207.007 | F67: Minor | G67: 164A | H67: Box | I67: 1x3.00m | J67: 4 | L67: {=_xlfn.XLOOKUP(Table_1[[#This Row],[Bridge No.]],[2]DATA!$A$1:$A$65536,[2]DATA!$G$1:$H$65536,"")} -> Minor | M67: Other
A68: =(ROW(A67)) -> 67 | B68: 1207/2 | C68: 07. NSIR-GVGN | D68: 1207.443 | E68: 1207.447 | F68: Minor | G68: 164B | H68: Box | I68: 1x3.00m | J68: 4 | L68: {=_xlfn.XLOOKUP(Table_1[[#This Row],[Bridge No.]],[2]DATA!$A$1:$A$65536,[2]DATA!$G$1:$H$65536,"")} -> Minor | M68: Other
A69: =(ROW(A68)) -> 68 | B69: 1208/2 | C69: 07. NSIR-GVGN | D69: 1208.574 | E69: 1208.578 | F69: Minor | G69: 167A | H69: Box | I69: 1x3.00m | J69: 4 | K69: 3 | L69: {=_xlfn.XLOOKUP(Table_1[[#This Row],[Bridge No.]],[2]DATA!$A$1:$A$65536,[2]DATA!$G$1:$H$65536,"")} -> Minor | M69: Rail Bridge
A70: =(ROW(A69)) -> 69 | B70: 1209/1 | C70: 07. NSIR-GVGN | D70: 1209.062 | E70: 1209.07 | F70: Minor | G70: 168 | H70: Box | I70: 1x7.00m | J70: 8 | K70: 7 | L70: {=_xlfn.XLOOKUP(Table_1[[#This Row],[Bridge No.]],[2]DATA!$A$1:$A$65536,[2]DATA!$G$1:$H$65536,"")} -> Minor | M70: Rail Bridge
A71: =(ROW(A70)) -> 70 | B71: 1209/2 | C71: 07. NSIR-GVGN | D71: 1209.443 | E71: 1209.448 | F71: Minor | G71: 168A | H71: Box | I71: 1x4.00m | J71: 5 | K71: 4 | L71: {=_xlfn.XLOOKUP(Table_1[[#This Row],[Bridge No.]],[2]DATA!$A$1:$A$65536,[2]DATA!$G$1:$H$65536,"")} -> Minor | M71: Rail Bridge
A72: =(ROW(A71)) -> 71 | B72: 1210/1 | C72: 07. NSIR-GVGN | D72: 1210.063 | E72: 1210.067 | F72: Minor | G72: 169A | H72: Box | I72: 1x3.00m | J72: 4 | K72: 3 | L72: {=_xlfn.XLOOKUP(Table_1[[#This Row],[Bridge No.]],[2]DATA!$A$1:$A$65536,[2]DATA!$G$1:$H$65536,"")} -> Minor | M72: Rail Bridge
A73: =(ROW(A72)) -> 72 | B73: 1211/1 | C73: 08. GVGN Yard | D73: 1211.71 | E73: 1211.718 | F73: Minor | G73: 171 | H73: Box | I73: 1x3.40m | J73: 8 | K73: 3.4 | L73: {=_xlfn.XLOOKUP(Table_1[[#This Row],[Bridge No.]],[2]DATA!$A$1:$A$65536,[2]DATA!$G$1:$H$65536,"")} -> Minor | M73: Rail Bridge
A74: =(ROW(A73)) -> 73 | B74: 1212/2 | C74: 08. GVGN Yard | D74: 1212.725 | E74: 1212.727 | F74: Minor | G74: 172 | H74: Box | I74: 1x1.20m | J74: 2 | K74: 1.2 | L74: {=_xlfn.XLOOKUP(Table_1[[#This Row],[Bridge No.]],[2]DATA!$A$1:$A$65536,[2]DATA!$G$1:$H$65536,"")} -> Minor | M74: Rail Bridge
A75: =(ROW(A74)) -> 74 | B75: 1214/1 | C75: 08. GVGN Yard | D75: 1214.639 | E75: 1214.645 | F75: Minor | G75: 173 | H75: Box | I75: 1x4.50m | J75: 6 | K75: 4.5 | L75: {=_xlfn.XLOOKUP(Table_1[[#This Row],[Bridge No.]],[2]DATA!$A$1:$A$65536,[2]DATA!$G$1:$H$65536,"")} -> Minor | M75: Rail Bridge
A76: =(ROW(A75)) -> 75 | B76: 1216/1 | C76: 09. GVGN-KNNN | D76: 1216.676 | E76: 1216.678 | F76: Minor | G76: 175 | H76: Box | I76: 1x1.20m | J76: 2 | K76: 1.2 | L76: {=_xlfn.XLOOKUP(Table_1[[#This Row],[Bridge No.]],[2]DATA!$A$1:$A$65536,[2]DATA!$G$1:$H$65536,"")} -> Minor | M76: Rail Bridge
A77: =(ROW(A76)) -> 76 | B77: 1216/2 | C77: 09. GVGN-KNNN | D77: 1216.949 | E77: 1216.951 | F77: Minor | G77: 174 | H77: Box | I77: 1x1.20m | J77: 2 | K77: 1.2 | L77: {=_xlfn.XLOOKUP(Table_1[[#This Row],[Bridge No.]],[2]DATA!$A$1:$A$65536,[2]DATA!$G$1:$H$65536,"")} -> Minor | M77: Rail Bridge
A78: =(ROW(A77)) -> 77 | B78: 1219/1 | C78: 09. GVGN-KNNN | D78: 1219.462 | E78: 1219.469 | F78: Minor | G78: 177 | H78: Box | I78: 2x3.00m | J78: 7 | K78: 6 | L78: {=_xlfn.XLOOKUP(Table_1[[#This Row],[Bridge No.]],[2]DATA!$A$1:$A$65536,[2]DATA!$G$1:$H$65536,"")} -> Minor | M78: Rail Bridge
A79: =(ROW(A78)) -> 78 | B79: 1219/2 | C79: 09. GVGN-KNNN | D79: 1219.922 | E79: 1219.929 | F79: Minor | G79: 176 | H79: Box | I79: 2x3.00m | J79: 7 | K79: 6 | L79: {=_xlfn.XLOOKUP(Table_1[[#This Row],[Bridge No.]],[2]DATA!$A$1:$A$65536,[2]DATA!$G$1:$H$65536,"")} -> Minor | M79: Rail Bridge
A80: =(ROW(A79)) -> 79 | B80: 1223/2 | C80: 09. GVGN-KNNN | D80: 1223.405 | E80: 1223.407 | F80: Minor | G80: 179 | H80: Box | I80: 1x1.20m | J80: 2 | K80: 12 | L80: {=_xlfn.XLOOKUP(Table_1[[#This Row],[Bridge No.]],[2]DATA!$A$1:$A$65536,[2]DATA!$G$1:$H$65536,"")} -> Minor | M80: Rail Bridge
A81: =(ROW(A80)) -> 80 | B81: 1225/1 | C81: 09. GVGN-KNNN | D81: 1225.467 | E81: 1225.47 | F81: Minor | G81: 181 | H81: Box | I81: 1x1.20m | J81: 3 | K81: 1.2 | L81: {=_xlfn.XLOOKUP(Table_1[[#This Row],[Bridge No.]],[2]DATA!$A$1:$A$65536,[2]DATA!$G$1:$H$65536,"")} -> Minor | M81: Rail Bridge
A82: =(ROW(A81)) -> 81 | B82: 1226/1 | C82: 09. GVGN-KNNN | D82: 1226.71 | E82: 1226.717 | F82: Minor | G82: 182 | H82: Box | I82: 1x6.10m | J82: 7 | K82: 6.1 | L82: {=_xlfn.XLOOKUP(Table_1[[#This Row],[Bridge No.]],[2]DATA!$A$1:$A$65536,[2]DATA!$G$1:$H$65536,"")} -> Minor | M82: Rail Bridge
A83: =(ROW(A82)) -> 82 | B83: 1227/2 | C83: 10. KNNN Yard | D83: 1227.567 | E83: 1227.571 | F83: Minor | G83: 183 | H83: Box | I83: 1x3.00m | J83: 4 | K83: 3 | L83: {=_xlfn.XLOOKUP(Table_1[[#This Row],[Bridge No.]],[2]DATA!$A$1:$A$65536,[2]DATA!$G$1:$H$65536,"")} -> Minor | M83: Rail Bridge
A84: =(ROW(A83)) -> 83 | B84: 1229/1 | C84: 10. KNNN Yard | D84: 1229.024 | E84: 1229.028 | F84: Minor | G84: 184 | H84: Box | I84: 1x3.00m | J84: 4 | K84: 3 | L84: {=_xlfn.XLOOKUP(Table_1[[#This Row],[Bridge No.]],[2]DATA!$A$1:$A$65536,[2]DATA!$G$1:$H$65536,"")} -> Minor | M84: Rail Bridge
... A87: =(ROW(A86)) -> 86 | B87: 1232/2 | C87: 11. KNNN-CHAN | D87: 1232.334 | E87: 1232.338 | F87: Minor | G87: 188 | H87: Box | I87: 1x3.05m | J87: 4 | K87: 3.05 | L87: {=_xlfn.XLOOKUP(Table_1[[#This Row],[Bridge No.]],[2]DATA!$A$1:$A$65536,[2]DATA!$G$1:$H$65536,"")} -> Minor | M87: Rail Bridge
A88: =(ROW(A87)) -> 87 | B88: 1234/2 | C88: 11. KNNN-CHAN | D88: 1234.546 | E88: 1234.548 | F88: Minor | G88: 188A | H88: Box | I88: 1x1.20m | J88: 2 | K88: 1.2 | L88: {=_xlfn.XLOOKUP(Table_1[[#This Row],[Bridge No.]],[2]DATA!$A$1:$A$65536,[2]DATA!$G$1:$H$65536,"")} -> Minor | M88: Rail Bridge
A89: =(ROW(A88)) -> 88 | B89: 1236/1 | C89: 12. CHAN Yard | D89: 1236.018 | E89: 1236.024 | F89: Minor | G89: 189 | H89: Box | I89: 1x4.57m | J89: 6 | K89: 4.57 | L89: {=_xlfn.XLOOKUP(Table_1[[#This Row],[Bridge No.]],[2]DATA!$A$1:$A$65536,[2]DATA!$G$1:$H$65536,"")} -> Minor | M89: Rail Bridge
A90: =(ROW(A89)) -> 89 | B90: 1236/2 | C90: 12. CHAN Yard | D90: 1236.72 | E90: 1236.722 | F90: Minor | G90: 190 | H90: Box | I90: 1x1.20m | J90: 2 | K90: 1.2 | L90: {=_xlfn.XLOOKUP(Table_1[[#This Row],[Bridge No.]],[2]DATA!$A$1:$A$65536,[2]DATA!$G$1:$H$65536,"")} -> Minor | M90: Rail Bridge
A91: =(ROW(A90)) -> 90 | B91: 1239/1 | C91: 13. CHAN-SNL | D91: 1239.816 | E91: 1239.818 | F91: Minor | G91: 192 | H91: Box | I91: 1x1.20m | J91: 2 | K91: 1.2 | L91: {=_xlfn.XLOOKUP(Table_1[[#This Row],[Bridge No.]],[2]DATA!$A$1:$A$65536,[2]DATA!$G$1:$H$65536,"")} -> Minor | M91: Rail Bridge
A92: =(ROW(A91)) -> 91 | B92: 1239/3 | C92: 13. CHAN-SNL | D92: 1239.91 | E92: 1239.912 | F92: Minor | G92: 191 | H92: Box | I92: 1x1.20m | J92: 2 | K92: 1.2 | L92: {=_xlfn.XLOOKUP(Table_1[[#This Row],[Bridge No.]],[2]DATA!$A$1:$A$65536,[2]DATA!$G$1:$H$65536,"")} -> Minor | M92: Rail Bridge
A93: =(ROW(A92)) -> 92 | B93: 1240/1 | C93: 13. CHAN-SNL | D93: 1240.42 | E93: 1240.422 | F93: Minor | G93: 193 | H93: Box | I93: 1x1.20m | J93: 2 | K93: 1.2 | L93: {=_xlfn.XLOOKUP(Table_1[[#This Row],[Bridge No.]],[2]DATA!$A$1:$A$65536,[2]DATA!$G$1:$H$65536,"")} -> Minor | M93: Rail Bridge
A94: =(ROW(A93)) -> 93 | B94: 1241/1 | C94: 13. CHAN-SNL | D94: 1241.599 | E94: 1241.601 | F94: Minor | G94: 195 | H94: Box | I94: 1x1.20m | J94: 2 | K94: 1.2 | L94: {=_xlfn.XLOOKUP(Table_1[[#This Row],[Bridge No.]],[2]DATA!$A$1:$A$65536,[2]DATA!$G$1:$H$65536,"")} -> Minor | M94: Rail Bridge
A95: =(ROW(A94)) -> 94 | B95: 1241/2 | C95: 13. CHAN-SNL | D95: 1241.919 | E95: 1241.921 | F95: Minor | G95: 194 | H95: Box | I95: 1x1.20m | J95: 2 | K95: 1.2 | L95: {=_xlfn.XLOOKUP(Table_1[[#This Row],[Bridge No.]],[2]DATA!$A$1:$A$65536,[2]DATA!$G$1:$H$65536,"")} -> Minor | M95: Rail Bridge
A96: =(ROW(A95)) -> 95 | B96: 1242/2 | C96: 13. CHAN-SNL | D96: 1242.419 | E96: 1242.421 | F96: Minor | G96: 196 | H96: Box | I96: 1x1.20m | J96: 2 | K96: 1.2 | L96: {=_xlfn.XLOOKUP(Table_1[[#This Row],[Bridge No.]],[2]DATA!$A$1:$A$65536,[2]DATA!$G$1:$H$65536,"")} -> Minor | M96: Rail Bridge
A97: =(ROW(A96)) -> 96 | B97: 1243/1 | C97: 13. CHAN-SNL | D97: 1243.526 | E97: 1243.528 | F97: Minor | G97: 197 | H97: Box | I97: 1x1.20m | J97: 2 | K97: 1.2 | L97: {=_xlfn.XLOOKUP(Table_1[[#This Row],[Bridge No.]],[2]DATA!$A$1:$A$65536,[2]DATA!$G$1:$H$65536,"")} -> Minor | M97: Rail Bridge
A98: =(ROW(A97)) -> 97 | B98: 1244/1 | C98: 13. CHAN-SNL | D98: 1244.798 | E98: 1244.805 | F98: Minor | G98: 198 | H98: Box | I98: 1x3.05m | J98: 7 | K98: 3.05 | L98: {=_xlfn.XLOOKUP(Table_1[[#This Row],[Bridge No.]],[2]DATA!$A$1:$A$65536,[2]DATA!$G$1:$H$65536,"")} -> Minor | M98: Rail Bridge
A99: =(ROW(A98)) -> 98 | B99: 1174/CL/1 | C99: 14.SMUN-RPJ | D99: 1174.865 | E99: 1174.874 | F99: Minor | G99: MIB | H99: Box | I99: 2x3.50m | J99: 9 | K99: 7 | L99: {=_xlfn.XLOOKUP(Table_1[[#This Row],[Bridge No.]],[2]DATA!$A$1:$A$65536,[2]DATA!$G$1:$H$65536,"")} -> Minor | M99: Rail Bridge
A100: =(ROW(A99)) -> 99 | B100: 1175/CL/1 | C100: 14.SMUN-RPJ | D100: 1175.238 | E100: 1175.243 | F100: Minor | G100: 107 | H100: Box | I100: 1x4.00m | J100: 5 | K100: 4 | L100: {=_xlfn.XLOOKUP(Table_1[[#This Row],[Bridge No.]],[2]DATA!$A$1:$A$65536,[2]DATA!$G$1:$H$65536,"")} -> Minor | M100: Rail Bridge
A101: =(ROW(A100)) -> 100 | B101: 1176/CL/2 | C101: 14.SMUN-RPJ | D101: 1176.595 | E101: 1176.603 | F101: Minor | G101: 112 | H101: Box | I101: 1x6.00m | J101: 8 | K101: 6 | L101: {=_xlfn.XLOOKUP(Table_1[[#This Row],[Bridge No.]],[2]DATA!$A$1:$A$65536,[2]DATA!$G$1:$H$65536,"")} -> Minor | M101: Rail Bridge
A102: =(ROW(A101)) -> 101 | B102: 1176/CL/3 | C102: 14.SMUN-RPJ | D102: 1176.771 | E102: 1176.778 | F102: Minor | G102: 110 | H102: Box | I102: 1x6.05m | J102: 7 | K102: 7 | L102: {=_xlfn.XLOOKUP(Table_1[[#This Row],[Bridge No.]],[2]DATA!$A$1:$A$65536,[2]DATA!$G$1:$H$65536,"")} -> Minor | M102: Rail Bridge
A103: =(ROW(A102)) -> 102 | B103: 1169/1 | C103: 01. UBCD-SMUN | D103: 1169.024 | E103: 1169.024 | F103: ROB | G103: 131 | H103: RCC/PSC Girder | I103: 1x26.00m | J103: 0 | L103: {=_xlfn.XLOOKUP(Table_1[[#This Row],[Bridge No.]],[2]DATA!$A$1:$A$65536,[2]DATA!$G$1:$H$65536,"")} -> Not Applicable | M103: ROB
A104: =(ROW(A103)) -> 103 | B104: 1178/2 | C104: 03. SMUN-SBJN | D104: 1178.791 | E104: 1178.791 | F104: ROB | G104: 135 | H104: RCC/PSC Girder | I104: 1x8.50m | J104: 0 | L104: {=_xlfn.XLOOKUP(Table_1[[#This Row],[Bridge No.]],[2]DATA!$A$1:$A$65536,[2]DATA!$G$1:$H$65536,"")} -> Not Applicable | M104: ROB
A105: =(ROW(A104)) -> 104 | B105: 1180/2 | C105: 03. SMUN-SBJN | D105: 1180.604 | E105: 1180.604 | F105: ROB | G105: 120 | H105: Box | I105: 1x6.30m | J105: 0 | L105: {=_xlfn.XLOOKUP(Table_1[[#This Row],[Bridge No.]],[2]DATA!$A$1:$A$65536,[2]DATA!$G$1:$H$65536,"")} -> Not Applicable | M105: ROB
A106: =(ROW(A105)) -> 105 | B106: 1203/3 | C106: 06. NSIR Yard | D106: 1203.476 | E106: 1203.476 | F106: ROB | G106: 145A | H106: RCC/PSC Girder | I106: 1x24.69m | J106: 0 | L106: {=_xlfn.XLOOKUP(Table_1[[#This Row],[Bridge No.]],[2]DATA!$A$1:$A$65536,[2]DATA!$G$1:$H$65536,"")} -> Not Applicable | M106: ROB
A107: =(ROW(A106)) -> 106 | B107: 1204/1 | C107: 06. NSIR Yard | D107: 1204.021 | E107: 1204.021 | F107: ROB | G107: 145B | H107: RCC/PSC Girder | I107: 1x24.39m | J107: 0 | L107: {=_xlfn.XLOOKUP(Table_1[[#This Row],[Bridge No.]],[2]DATA!$A$1:$A$65536,[2]DATA!$G$1:$H$65536,"")} -> Not Applicable | M107: ROB
A108: =(ROW(A107)) -> 107 | B108: 1218/1 | C108: 09. GVGN-KNNN | D108: 1218.166 | E108: 1218.166 | F108: ROB | G108: 153 C | H108: Composite Girder | I108: 1x30.18m | J108: 0 | L108: {=_xlfn.XLOOKUP(Table_1[[#This Row],[Bridge No.]],[2]DATA!$A$1:$A$65536,[2]DATA!$G$1:$H$65536,"")} -> Not Applicable | M108: ROB
A109: =(ROW(A108)) -> 108 | B109: 1223/1 | C109: 09. GVGN-KNNN | D109: 1223.362 | E109: 1223.362 | F109: ROB | G109: ROB Khanna | H109: RCC/PSC Girder | I109: 1x31.40m | J109: 0 | L109: {=_xlfn.XLOOKUP(Table_1[[#This Row],[Bridge No.]],[2]DATA!$A$1:$A$65536,[2]DATA!$G$1:$H$65536,"")} -> Not Applicable | M109: ROB
A110: =(ROW(A109)) -> 109 | B110: 1224/1 | C110: 09. GVGN-KNNN | D110: 1224.99 | E110: 1224.99 | F110: ROB | G110: 155 B | H110: RCC/PSC Girder | I110: 1x33.52m | J110: 0 | L110: {=_xlfn.XLOOKUP(Table_1[[#This Row],[Bridge No.]],[2]DATA!$A$1:$A$65536,[2]DATA!$G$1:$H$65536,"")} -> Not Applicable | M110: ROB
A111: =(ROW(A110)) -> 110 | B111: 1234/1 | C111: 11. KNNN-CHAN | D111: 1234.357 | E111: 1234.357 | F111: ROB | G111: 161 | H111: RCC/PSC Girder | I111: 1x23.40m | J111: 0 | L111: {=_xlfn.XLOOKUP(Table_1[[#This Row],[Bridge No.]],[2]DATA!$A$1:$A$65536,[2]DATA!$G$1:$H$65536,"")} -> Not Applicable | M111: ROB
A112: =(ROW(A111)) -> 111 | B112: 1167/2 | C112: 01. UBCD-SMUN | D112: 1167.884 | E112: 1167.889 | F112: RUB | G112: 97 | H112: Box | I112: 1x3.66m | J112: 5 | L112: {=_xlfn.XLOOKUP(Table_1[[#This Row],[Bridge No.]],[2]DATA!$A$1:$A$65536,[2]DATA!$G$1:$H$65536,"")} -> Minor | M112: RUB
A113: =(ROW(A112)) -> 112 | B113: 1173/1 | C113: 03. SMUN-SBJN | D113: 1173.42 | E113: 1173.427 | F113: RUB | G113: 133 C | H113: Box | I113: 1x5.50m | J113: 7 | L113: {=_xlfn.XLOOKUP(Table_1[[#This Row],[Bridge No.]],[2]DATA!$A$1:$A$65536,[2]DATA!$G$1:$H$65536,"")} -> Minor | M113: RUB
A114: =(ROW(A113)) -> 113 | B114: 1176/1CC | C114: 03. SMUN-SBJN | D114: 1176.546 | E114: 1176.552 | F114: RUB | G114: 109 | H114: Box | I114: 1x4.50m | J114: 6 | L114: {=_xlfn.XLOOKUP(Table_1[[#This Row],[Bridge No.]],[2]DATA!$A$1:$A$65536,[2]DATA!$G$1:$H$65536,"")} -> Minor | M114: RUB
A115: =(ROW(A114)) -> 114 | B115: 1176/1 | C115: 03. SMUN-SBJN | D115: 1176.594 | E115: 1176.601 | F115: RUB | G115: LC 134 | H115: Box | I115: 1x6.00m | J115: 7 | L115: {=_xlfn.XLOOKUP(Table_1[[#This Row],[Bridge No.]],[2]DATA!$A$1:$A$65536,[2]DATA!$G$1:$H$65536,"")} -> Minor | M115: RUB
A116: =(ROW(A115)) -> 115 | B116: 1177/2 | C116: 03. SMUN-SBJN | D116: 1177.982 | E116: 1177.995 | F116: RUB | G116: LC 134A | H116: Box | I116: 1x5.00m | J116: 13 | L116: {=_xlfn.XLOOKUP(Table_1[[#This Row],[Bridge No.]],[2]DATA!$A$1:$A$65536,[2]DATA!$G$1:$H$65536,"")} -> Minor | M116: RUB
A117: =(ROW(A116)) -> 116 | B117: 1178/1 | C117: 03. SMUN-SBJN | D117: 1178.345 | E117: 1178.353 | F117: RUB | G117: 116 | H117: Box | I117: 1x6.10m | J117: 8 | L117: {=_xlfn.XLOOKUP(Table_1[[#This Row],[Bridge No.]],[2]DATA!$A$1:$A$65536,[2]DATA!$G$1:$H$65536,"")} -> Minor | M117: RUB
A118: =(ROW(A117)) -> 117 | B118: 1183/1 | C118: 03. SMUN-SBJN | D118: 1183.193 | E118: 1183.2 | F118: RUB | G118: LC 137 C | H118: Box | I118: 1x5.00m | J118: 7 | L118: {=_xlfn.XLOOKUP(Table_1[[#This Row],[Bridge No.]],[2]DATA!$A$1:$A$65536,[2]DATA!$G$1:$H$65536,"")} -> Minor | M118: RUB
A119: =(ROW(A118)) -> 118 | B119: 1186/1 | C119: 03. SMUN-SBJN | D119: 1186.274 | E119: 1186.281 | F119: RUB | G119: LC 138 2E | H119: Box | I119: 1x5.00m | J119: 7 | L119: {=_xlfn.XLOOKUP(Table_1[[#This Row],[Bridge No.]],[2]DATA!$A$1:$A$65536,[2]DATA!$G$1:$H$65536,"")} -> Minor | M119: RUB
...

Sheet Curve
A1: Section under IMSD SMUN (Curve Details)
A2: S. No | B2: Curve No. | C2: From | D2: To | E2: L | F2: D | G2: R (TMS) | H2: R | I2: V | J2: TL | K2: CL | L2: TMS CL | M2: SE (TMS) | N2: SE
A3: 1 | B3: 315 | C3: 1167.627 | D3: 1167.789 | E3: 162 | F3: 1 | G3: 1750 | H3: 1750 | I3: 29 | J3: 70 | K3: 22.05 | L3: 22 | M3: 70 | O3: In-Charge
A4: 2 | B4: 316 | C4: 1168.062 | D4: 1168.323 | E4: 261 | F4: 0.5 | G4: 3500 | H4: 3500 | I4: 14 | J4: 40 | K4: 180.66 | L4: 181 | M4: 30
A5: 3 | B5: 317 | C5: 1169.543 | D5: 1169.645 | E5: 102 | F5: 0.29 | G5: 6034 | H5: 6000 | I5: 8 | J5: 40 | K5: 22.3 | L5: 22 | M5: 20 | N5: SMUN Yard
A6: 4 | B6: 318 | C6: 1172.295 | D6: 1172.401 | E6: 106 | F6: 0.35 | G6: 5000 | H6: 5000 | I6: 10 | J6: 40 | K6: 25.83 | L6: 26 | M6: 20
A7: 5 | B7: 319 | C7: 1172.568 | D7: 1172.673 | E7: 105 | F7: 0.35 | G7: 5000 | H7: 5000 | I7: 10 | J7: 40 | K7: 25.83 | L7: 25 | M7: 20
A8: 6 | B8: 320 | C8: 1173.228 | D8: 1173.342 | E8: 114 | F8: 0.17 | G8: 10294 | H8: 10000 | I8: 5 | J8: 20 | K8: 74.08 | L8: 74 | M8: 10
A9: 7 | B9: 321 | C9: 1174.826 | D9: 1175.167 | E9: 341 | F9: 2.2 | G9: 795 | H9: 800 | I9: 63 | J9: 140 | K9: 60.57 | L9: 61 | M9: 165 | O9: Sectional
A10: 8 | B10: 322 | C10: 1175.221 | D10: 1175.815 | E10: 594 | F10: 2.5 | G10: 700 | H10: 700 | I10: 71 | J10: 80 | K10: 433.87 | L10: 434 | M10: 150
A11: 9 | B11: 323 | C11: 1175.994 | D11: 1176.47 | E11: 476 | F11: 2.5 | G11: 700 | H11: 700 | I11: 71 | J11: 80 | K11: 316.09 | L11: 316 | M11: 150 | O11: In-Charge
A12: 10 | B12: 324 | C12: 1177.254 | D12: 1177.901 | E12: 647 | F12: 0.44 | G12: 3977 | H12: 4000 | I12: 13 | J12: 30 | K12: 586.92 | L12: 587 | M12: 30
A13: 11 | B13: 325 | C13: 1178.055 | D13: 1178.189 | E13: 134 | F13: 0.5 | G13: 3500 | H13: 3500 | I13: 14 | J13: 40 | K13: 54.3 | L13: 54 | M13: 40 | N13: 30 | O13: Sectional
A14: 12 | B14: 326 | C14: 1178.714 | D14: 1178.894 | E14: 180 | F14: 1.03 | G14: 1699 | H14: 1700 | I14: 29 | J14: 70 | K14: 39.33 | L14: 40 | M14: 80
A15: 13 | B15: 327 | C15: 1178.948 | D15: 1179.158 | E15: 210 | F15: 1 | G15: 1750 | H15: 1750 | I15: 29 | J15: 70 | K15: 69.89 | L15: 70 | M15: 70
A16: 14 | B16: 328 | C16: 1179.785 | D16: 1179.925 | E16: 140 | F16: 0.7 | G16: 2500 | H16: 2500 | I16: 20 | J16: 50 | K16: 39.33 | L16: 40 | M16: 50
A17: 15 | B17: 329 | C17: 1180.061 | D17: 1180.284 | E17: 223 | F17: 0.25 | G17: 7000 | H17: 7000 | I17: 7 | J17: 20 | K17: 182.93 | L17: 183 | M17: 20
A18: 16 | B18: 330 | C18: 1180.678 | D18: 1180.771 | E18: 93 | F18: 0.39 | G18: 4487 | H18: 4500 | I18: 11 | J18: 30 | K18: 32.5 | L18: 33 | M18: 30 | O18: In-Charge
A19: 17 | B19: 331 | C19: 1180.854 | D19: 1180.955 | E19: 101 | F19: 0.3 | G19: 5833 | H19: 5800 | I19: 9 | J19: 20 | K19: 60.55 | L19: 61 | M19: 20
A20: 18 | B20: 332 | C20: 1181.184 | D20: 1181.285 | E20: 101 | F20: 0.25 | G20: 7000 | H20: 7000 | I20: 7 | J20: 30 | K20: 40.51 | L20: 41 | M20: 10
A21: 19 | B21: 333 | C21: 1187.183 | D21: 1187.299 | E21: 116 | F21: 0.63 | G21: 2778 | H21: 2800 | I21: 18 | J21: 40 | K21: 35.72 | L21: 36 | M21: 40 | N21: SBJN Yard
A22: 20 | B22: 334 | C22: 1188.117 | D22: 1188.235 | E22: 118 | F22: 0.58 | G22: 3017 | H22: 3000 | I22: 17 | J22: 40 | K22: 37.61 | L22: 38 | M22: 40 | N22: SBJN Yard
A23: 21 | B23: 335 | C23: 1189.72 | D23: 1189.989 | E23: 269 | F23: 0.33 | G23: 5303 | H23: 5300 | I23: 9 | J23: 30 | K23: 208.96 | L23: 209 | M23: 20 | N23: SBJN Yard | O23: Sectional
A24: 22 | B24: 336 | C24: 1190.28 | D24: 1190.477 | E24: 197 | F24: 0.5 | G24: 3500 | H24: 3500 | I24: 14 | J24: 40 | K24: 116.24 | L24: 117 | M24: 30 | N24: SBJN Yard
A25: 23 | B25: 337 | C25: 1192.373 | D25: 1192.484 | E25: 111 | F25: 0.25 | G25: 7000 | H25: 7000 | I25: 7 | J25: 20 | K25: 70.55 | L25: 71 | M25: 10
A26: 24 | B26: 338 | C26: 1192.625 | D26: 1192.729 | E26: 104 | F26: 0.25 | G26: 7000 | H26: 7000 | I26: 7 | J26: 20 | K26: 63.73 | L26: 64 | M26: 10
A27: 25 | B27: 339 | C27: 1196.241 | D27: 1196.362 | E27: 121 | F27: 0.6 | G27: 2917 | H27: 2900 | I27: 17 | J27: 40 | K27: 41.53 | L27: 41 | M27: 40
A28: 26 | B28: 340 | C28: 1196.453 | D28: 1196.564 | E28: 111 | F28: 0.58 | G28: 3017 | H28: 3000 | I28: 17 | J28: 40 | K28: 30.98 | L28: 31 | M28: 40 | O28: In-Charge
A29: 27 | B29: 341 | C29: 1196.82 | D29: 1196.895 | E29: 75 | F29: 0.25 | G29: 7000 | H29: 7000 | I29: 7 | J29: 20 | K29: 34.48 | L29: 35 | M29: 15
A30: 28 | B30: 342 | C30: 1197.243 | D30: 1197.36 | E30: 117 | F30: 0.63 | G30: 2778 | H30: 2800 | I30: 18 | J30: 40 | K30: 36.8 | L30: 37 | M30: 40
A31: 29 | B31: 343 | C31: 1197.492 | D31: 1197.644 | E31: 152 | F31: 0.5 | G31: 3500 | H31: 3500 | I31: 14 | J31: 40 | K31: 71.8 | L31: 72 | M31: 30
A32: 30 | B32: 344 | C32: 1199.908 | D32: 1199.968 | E32: 60 | F32: 0.02 | G32: 87500 | H32: 85000 | I32: 1 | J32: 20 | K32: 20.51 | L32: 20 | M32: 10
A33: 31 | B33: 345 | C33: 1200.122 | D33: 1200.184 | E33: 62 | F33: 0.03 | G33: 58333 | H33: 60000 | I33: 1 | J33: 20 | K33: 21.28 | L33: 22 | M33: 10
A34: 32 | B34: 346 | C34: 1200.541 | D34: 1200.619 | E34: 78 | F34: 0.14 | G34: 12500 | H34: 12000 | I34: 4 | J34: 20 | K34: 37.44 | L34: 38 | M34: 10 | N34: NSIR Yard
A35: 33 | B35: 347 | C35: 1200.673 | D35: 1200.753 | E35: 80 | F35: 0.04 | G35: 43750 | H35: 40000 | I35: 1 | J35: 20 | K35: 39.82 | L35: 40 | M35: 10 | N35: NSIR Yard
A36: 34 | B36: 348 | C36: 1201.62 | D36: 1202.094 | E36: 474 | F36: 0.22 | G36: 7955 | H36: 8000 | I36: 6 | J36: 20 | K36: 434.38 | L36: 434 | M36: 20 | N36: NSIR Yard | O36: Sectional
A37: 35 | B37: 349 | C37: 1203.276 | D37: 1203.378 | E37: 102 | F37: 0.04 | G37: 43750 | H37: 43000 | I37: 1 | J37: 40 | K37: 21.9 | L37: 22 | M37: 10 | N37: NSIR Yard
A38: 36 | B38: 350 | C38: 1203.811 | D38: 1204.059 | E38: 248 | F38: 0.49 | G38: 3571 | H38: 3550 | I38: 14 | J38: 30 | K38: 188.62 | L38: 188 | M38: 30 | N38: NSIR Yard
A39: 37 | B39: 351 | C39: 1204.714 | D39: 1205.463 | E39: 749 | F39: 2.5 | G39: 700 | H39: 700 | I39: 71 | J39: 160 | K39: 428.47 | L39: 429 | M39: 165 | O39: In-Charge
A40: 38 | B40: 352 | C40: 1205.709 | D40: 1207.441 | E40: 1732 | F40: 2.5 | G40: 700 | H40: 700 | I40: 71 | J40: 160 | K40: 1411.71 | L40: 1412 | M40: 165 | O40: Sectional
A41: 39 | B41: 353 | C41: 1207.864 | D41: 1209.256 | E41: 1392 | F41: 2.5 | G41: 700 | H41: 700 | I41: 71 | J41: 80 | K41: 1232.02 | L41: 1232 | M41: 150 | O41: In-Charge
A42: 40 | B42: 354 | C42: 1209.814 | D42: 1210.375 | E42: 561 | F42: 2.49 | G42: 703 | H42: 703 | I42: 71 | J42: 160 | K42: 240.8 | L42: 241 | M42: 165 | O42: Sectional
A43: 41 | B43: 355 | C43: 1210.9 | D43: 1211.059 | E43: 159 | F43: 0.62 | G43: 2823 | H43: 2800 | I43: 18 | J43: 40 | K43: 79.65 | L43: 79 | M43: 40
A44: 42 | B44: 356 | C44: 1211.154 | D44: 1211.298 | E44: 144 | F44: 0.83 | G44: 2108 | H44: 2100 | I44: 24 | J44: 60 | K44: 23.84 | L44: 24 | M44: 60 | O44: In-Charge
A45: 43 | B45: 357 | C45: 1211.468 | D45: 1211.679 | E45: 211 | F45: 2.5 | G45: 700 | H45: 700 | I45: 71 | J45: 80 | K45: 50.97 | L45: 51 | M45: 150 | N45: GVGN Yard
A46: 44 | B46: 358 | C46: 1211.84 | D46: 1212.053 | E46: 213 | F46: 2.5 | G46: 700 | H46: 700 | I46: 71 | J46: 80 | K46: 52.55 | L46: 53 | M46: 150 | N46: GVGN Yard
A47: 45 | B47: 359 | C47: 1214.517 | D47: 1214.733 | E47: 216 | F47: 2.5 | G47: 700 | H47: 700 | I47: 71 | J47: 80 | K47: 55.38 | L47: 56 | M47: 150 | N47: GVGN Yard
A48: 46 | B48: 360 | C48: 1214.858 | D48: 1215.052 | E48: 194 | F48: 2.5 | G48: 700 | H48: 700 | I48: 71 | J48: 80 | K48: 33.5 | L48: 34 | M48: 150 | O48: Sectional
A49: 47 | B49: 361 | C49: 1215.625 | D49: 1215.847 | E49: 222 | F49: 0.87 | G49: 2011 | H49: 2000 | I49: 25 | J49: 60 | K49: 102.04 | L49: 102 | M49: 60
A50: 48 | B50: 362 | C50: 1215.995 | D50: 1216.147 | E50: 152 | F50: 0.87 | G50: 2011 | H50: 2000 | I50: 25 | J50: 60 | K50: 31.99 | L50: 32 | M50: 60
A51: 49 | B51: 363 | C51: 1216.615 | D51: 1216.734 | E51: 119 | F51: 0.09 | G51: 19444 | H51: 20000 | I51: 3 | J51: 30 | K51: 59.9 | L51: 59 | M51: 10
A52: 50 | B52: 364 | C52: 1222.327 | D52: 1222.449 | E52: 122 | F52: 0.76 | G52: 2303 | H52: 2300 | I52: 22 | J52: 50 | K52: 22.3 | L52: 22 | M52: 50
A53: 51 | B53: 365 | C53: 1222.5 | D53: 1222.624 | E53: 124 | F53: 0.76 | G53: 2303 | H53: 2300 | I53: 22 | J53: 50 | K53: 24.21 | L53: 24 | M53: 50 | O53: In-Charge
A54: 52 | B54: 366 | C54: 1223.02 | D54: 1223.134 | E54: 114 | F54: 0.62 | G54: 2823 | H54: 2800 | I54: 18 | J54: 40 | K54: 33.97 | L54: 34 | M54: 40
A55: 53 | B55: 367 | C55: 1223.241 | D55: 1223.389 | E55: 148 | F55: 0.58 | G55: 3017 | H55: 3000 | I55: 17 | J55: 40 | K55: 68.37 | L55: 68 | M55: 40
A56: 54 | B56: 368 | C56: 1223.452 | D56: 1223.618 | E56: 166 | F56: 0.35 | G56: 5000 | H56: 5000 | I56: 10 | J56: 20 | K56: 125.77 | L56: 126 | M56: 20
A57: 55 | B57: 369 | C57: 1223.674 | D57: 1223.751 | E57: 77 | F57: 0.17 | G57: 10294 | H57: 10000 | I57: 5 | J57: 20 | K57: 36.88 | L57: 37 | M57: 20
A58: 56 | B58: 370 | C58: 1223.827 | D58: 1224.038 | E58: 211 | F58: 0.7 | G58: 2500 | H58: 2500 | I58: 20 | J58: 50 | K58: 111.4 | L58: 111 | M58: 50 | O58: Sectional
A59: 57 | B59: 371 | C59: 1224.092 | D59: 1224.24 | E59: 148 | F59: 0.58 | G59: 3017 | H59: 3000 | I59: 17 | J59: 40 | K59: 67.86 | L59: 68 | M59: 40
A60: 58 | B60: 372 | C60: 1224.492 | D60: 1224.616 | E60: 124 | F60: 0.58 | G60: 3017 | H60: 3000 | I60: 17 | J60: 40 | K60: 43.62 | L60: 44 | M60: 40
A61: 59 | B61: 373 | C61: 1224.828 | D61: 1224.96 | E61: 132 | F61: 0.7 | G61: 2500 | H61: 2500 | I61: 20 | J61: 50 | K61: 32.72 | L61: 32 | M61: 50
A62: 60 | B62: 374 | C62: 1225.032 | D62: 1225.138 | E62: 106 | F62: 0.58 | G62: 3017 | H62: 3000 | I62: 17 | J62: 40 | K62: 25.46 | L62: 26 | M62: 40
A63: 61 | B63: 375 | C63: 1225.353 | D63: 1225.469 | E63: 116 | F63: 0.44 | G63: 3977 | H63: 4000 | I63: 13 | J63: 30 | K63: 56.03 | L63: 56 | M63: 30 | O63: In-Charge
A64: 62 | B64: 376 | C64: 1227.244 | D64: 1227.349 | E64: 105 | F64: 0.44 | G64: 3977 | H64: 4000 | I64: 13 | J64: 40 | K64: 25.18 | L64: 25 | M64: 30
A65: 63 | B65: 377 | C65: 1227.623 | D65: 1227.724 | E65: 101 | F65: 0.48 | G65: 3646 | H65: 3600 | I65: 14 | J65: 40 | K65: 21.53 | L65: 21 | M65: 30 | N65: KNNN Yard
A66: 64 | B66: 378 | C66: 1230.601 | D66: 1230.74 | E66: 139 | F66: 0.58 | G66: 3017 | H66: 3000 | I66: 17 | J66: 40 | K66: 59.55 | L66: 59 | M66: 40 | N66: KNNN Yard
A67: 65 | B67: 379 | C67: 1230.796 | D67: 1230.937 | E67: 141 | F67: 0.58 | G67: 3017 | H67: 3000 | I67: 17 | J67: 40 | K67: 61.13 | L67: 61 | M67: 40 | N67: KNNN Yard
A68: 66 | B68: 380 | C68: 1233.066 | D68: 1233.172 | E68: 106 | F68: 0.03 | G68: 58333 | H68: 50000 | I68: 1 | J68: 40 | K68: 62.1 | L68: 26 | M68: 10
A69: 67 | B69: 381 | C69: 1233.227 | D69: 1233.329 | E69: 102 | F69: 0.04 | G69: 43750 | H69: 40000 | I69: 1 | J69: 40 | K69: 21.95 | L69: 22 | M69: 10
A70: 68 | B70: 382 | C70: 1233.427 | D70: 1233.528 | E70: 101 | F70: 0.04 | G70: 43750 | H70: 41000 | I70: 1 | J70: 40 | K70: 20.49 | L70: 21 | M70: 10 | O70: Sectional
A71: 69 | B71: 383 | C71: 1233.603 | D71: 1233.704 | E71: 101 | F71: 0.04 | G71: 43750 | H71: 41000 | I71: 1 | J71: 40 | K71: 20.49 | L71: 21 | M71: 10
A72: 70 | B72: 384 | C72: 1234.237 | D72: 1234.402 | E72: 165 | F72: 1 | G72: 1750 | H72: 1750 | I72: 29 | J72: 70 | K72: 24.99 | L72: 25 | M72: 75
A73: 71 | B73: 385 | C73: 1234.715 | D73: 1234.87 | E73: 155 | F73: 0.87 | G73: 2011 | H73: 2000 | I73: 25 | J73: 60 | K73: 34.95 | L73: 35 | M73: 60
A74: 72 | B74: 386 | C74: 1235.238 | D74: 1235.423 | E74: 185 | F74: 0.7 | G74: 2500 | H74: 2500 | I74: 20 | J74: 50 | K74: 84.58 | L74: 85 | M74: 50
A75: 73 | B75: 387 | C75: 1235.705 | D75: 1235.876 | E75: 171 | F75: 0.7 | G75: 2500 | H75: 2500 | I75: 20 | J75: 50 | K75: 70.77 | L75: 71 | M75: 50 | N75: CHAN Yard | O75: In-Charge
A76: 74 | B76: 388 | C76: 1238.89 | D76: 1239.038 | E76: 148 | F76: 0.5 | G76: 3500 | H76: 3500 | I76: 14 | J76: 40 | K76: 67.72 | L76: 68 | M76: 30 | N76: CHAN Yard
A77: 75 | B77: 389 | C77: 1239.102 | D77: 1239.248 | E77: 146 | F77: 0.5 | G77: 3500 | H77: 3500 | I77: 14 | J77: 40 | K77: 66.03 | L77: 66 | M77: 30 | N77: CHAN Yard
A78: 76 | B78: 390 | C78: 1243.528 | D78: 1243.651 | E78: 123 | F78: 0.7 | G78: 2500 | H78: 2500 | I78: 20 | J78: 50 | K78: 22.74 | L78: 23 | M78: 50
A79: 77 | B79: 391 | C79: 1243.72 | D79: 1243.841 | E79: 121 | F79: 0.58 | G79: 3017 | H79: 3000 | I79: 17 | J79: 40 | K79: 41.08 | L79: 41 | M79: 40
A80: 78 | B80: 392 | C80: 1243.979 | D80: 1244.125 | E80: 146 | F80: 1 | G80: 1750 | H80: 1750 | I80: 29 | J80: 60 | K80: 26.08 | L80: 26 | M80: 60 | O80: Sectional
A81: 79 | B81: 393 | C81: 1244.184 | D81: 1244.275 | E81: 91 | F81: 0.41 | G81: 4268 | H81: 4200 | I81: 12 | J81: 30 | K81: 30.41 | L81: 31 | M81: 30
A82: 80 | B82: 394 | C82: 1244.33 | D82: 1244.412 | E82: 82 | F82: 0.23 | G82: 7609 | H82: 7500 | I82: 7 | J82: 30 | K82: 21.4 | L82: 22 | M82: 10
A83: 81 | B83: 395 | C83: 1245.139 | D83: 1245.289 | E83: 150 | F83: 0.87 | G83: 2011 | H83: 2000 | I83: 25 | J83: 60 | K83: 30.1 | L83: 30 | M83: 60
A84: 82 | B84: 396 | C84: 1245.579 | D84: 1245.731 | E84: 152 | F84: 0.87 | G84: 2011 | H84: 2000 | I84: 25 | J84: 60 | K84: 31.77 | L84: 32 | M84: 60
A85: 83 | B85: 397 | C85: 1172.295 | D85: 1172.401 | E85: 106 | F85: 0.35 | G85: 5000 | H85: 5000 | I85: 10 | J85: 40 | K85: 25.829 | L85: 26 | M85: 20
A86: 84 | B86: 398 | C86: 1172.545 | D86: 1172.696 | E86: 151 | F86: 0.17 | G86: 10294 | H86: 10000 | I86: 5 | J86: 20 | K86: 111.657 | L86: 111 | M86: 10 | O86: In-Charge
A87: 85 | B87: 399 | C87: 1172.931 | D87: 1173.031 | E87: 100 | F87: 0.29 | G87: 6034 | H87: 6000 | I87: 8 | J87: 40 | K87: 20.617 | L87: 20 | M87: 20
A88: 86 | B88: 400 | C88: 1173.174 | D88: 1173.305 | E88: 131 | F88: 0.17 | G88: 10294 | H88: 10000 | I88: 5 | J88: 20 | K88: 90.708 | L88: 91 | M88: 10
A89: 87 | B89: 401 | C89: 1174.845 | D89: 1174.984 | E89: 139 | F89: 0.29 | G89: 6034 | H89: 6000 | I89: 8 | J89: 20 | K89: 99.369 | L89: 99 | M89: 20
A90: 88 | B90: 402 | C90: 1175.704 | D90: 1175.889 | E90: 185 | F90: 0.87 | G90: 2011 | H90: 2000 | I90: 25 | J90: 60 | K90: 65.416 | L90: 65 | M90: 60
A91: 89 | B91: 403 | C91: 1176.046 | D91: 1176.268 | E91: 222 | F91: 0.58 | G91: 3017 | H91: 3000 | I91: 17 | J91: 40 | K91: 142.242 | L91: 142 | M91: 40
A92: 90 | B92: 404 | C92: 1176.47 | D92: 1176.585 | E92: 115 | F92: 0.44 | G92: 3977 | H92: 4000 | I92: 13 | J92: 30 | K92: 54.707 | L92: 55 | M92: 30
A93: 91 | B93: 405 | C93: 1176.694 | D93: 1176.854 | E93: 160 | F93: 0.35 | G93: 5000 | H93: 5250 | I93: 10 | J93: 30 | K93: 99.61 | L93: 100 | M93: 20 | O93: Sectional
A94: 92 | B94: 406 | C94: 1177.182 | D94: 1177.283 | E94: 101 | F94: 0.78 | G94: 2244 | H94: 2250 | I94: 22 | J94: 40 | K94: 21.74 | L94: 21 | M94: 40 | N94: 20
A95: 93 | B95: 407 | C95: 1177.349 | D95: 1177.478 | E95: 129 | F95: 0.58 | G95: 3017 | H95: 3000 | I95: 17 | J95: 50 | K95: 29.031 | L95: 29 | M95: 40
A96: 94 | B96: 408 | C96: 1177.619 | D96: 1177.846 | E96: 227 | F96: 0.78 | G96: 2244 | H96: 2250 | I96: 22 | J96: 60 | K96: 107.328 | L96: 107 | M96: 60
A97: 95 | B97: 409 | C97: 1177.896 | D97: 1178.166 | E97: 270 | F97: 0.7 | G97: 2500 | H97: 2500 | I97: 20 | J97: 50 | K97: 170.311 | L97: 170 | M97: 50

Sheet PNC
A1: Section under IMSD SMUN (Point & Crossing Details)
A3: S. No | B3: Station | C3: Point No. | D3: Line | E3: Angle | F3: SRJ Chainage | G3: Laid On | H3: LH/RH | I3: Traffic | J3: SE | K3: D | L3: Stations behind the X-ing
A4: =ROW()-3 -> 1 | B4: SMUN | C4: 201 b | D4: Main Line | E4: 1/12 | F4: 1169.045 | G4: Straight | H4: LH | I4: Facing | L4: 3
A5: =ROW()-3 -> 2 | B5: SMUN | C5: 205b | D5: Main Line | E5: 1/12 | F5: 1169.412 | G5: Straight | H5: RH | I5: Facing | L5: 3
A6: =ROW()-3 -> 3 | B6: SMUN | C6: 243a | D6: Main Line | E6: 1/12 | F6: 1170.473 | G6: Straight | H6: LH | I6: Trailing | L6: 3
A7: =ROW()-3 -> 4 | B7: SMUN | C7: 245b | D7: Main Line | E7: 1/12 | F7: 1170.534 | G7: Straight | H7: RH | I7: Trailing | L7: 3
A8: =ROW()-3 -> 5 | B8: SMUN | C8: 248a | D8: Main Line | E8: 1/12 | F8: 1170.547 | G8: Straight | H8: LH | I8: Facing | L8: 3
A9: =ROW()-3 -> 6 | B9: SMUN | C9: 249a | D9: Main Line | E9: 1/12 | F9: 1170.608 | G9: Straight | H9: RH | I9: Facing | L9: 3
A10: =ROW()-3 -> 7 | B10: SMUN | C10: 295b | D10: Main Line | E10: 1/12 | F10: 1171.621 | G10: Straight | H10: LH | I10: Trailing | J10: PNC | L10: 3
A11: =ROW()-3 -> 8 | B11: SMUN | C11: 298b | D11: Main Line | E11: 1/12 | F11: 1171.847 | G11: Straight | H11: RH | I11: Trailing | L11: 3
A12: =ROW()-3 -> 9 | B12: SMUN | C12: 299a | D12: Main Line | E12: 1/12 | F12: 1171.86 | G12: Straight | H12: RH | I12: Facing | L12: 3
A13: =ROW()-3 -> 10 | B13: SMUN | C13: 297b | D13: Loop | E13: 1/12 | F13: 1171.712 | G13: Straight | H13: RH | I13: SL | L13: 10
A14: =ROW()-3 -> 11 | B14: SMUN | C14: 298a | D14: Loop | E14: 1/12 | F14: 1171.725 | G14: Straight | H14: RH | I14: SL | L14: 3
A15: =ROW()-3 -> 12 | B15: SMUN | C15: 299b | D15: Loop | E15: 1/12 | F15: 1171.981 | G15: Straight | H15: RH | I15: SL | L15: 3
A16: =ROW()-3 -> 13 | B16: SMUN | C16: 248b | D16: Loop | E16: 1/12 | F16: 1170.668 | G16: Straight | H16: LH | I16: SL | L16: 3
A17: =ROW()-3 -> 14 | B17: SMUN | C17: 250 | D17: Loop | E17: 1/12 | F17: 1170.681 | G17: Straight | H17: LH | I17: SL
A18: =ROW()-3 -> 15 | B18: SMUN | C18: 249b | D18: Loop | E18: 1/12 | F18: 1170.73 | G18: Straight | H18: RH | I18: SL | L18: 3
A19: =ROW()-3 -> 16 | B19: SMUN | C19: 251a | D19: Loop | E19: 1/12 | F19: 1170.756 | G19: Straight | H19: RH | I19: SL | L19: 10
A20: =ROW()-3 -> 17 | B20: SMUN | C20: 201a | D20: Loop | E20: 1/12 | F20: 1169.166 | G20: Straight | H20: LH | I20: SL | L20: 3
A21: =ROW()-3 -> 18 | B21: SMUN | C21: 202 | D21: Loop | E21: 1/12 | F21: 1169.179 | G21: Straight | H21: LH | I21: SL
A22: =ROW()-3 -> 19 | B22: SMUN | C22: 203b | D22: Loop | E22: 1/12 | F22: 1169.256 | G22: Straight | H22: RH | I22: SL | L22: 10
A23: =ROW()-3 -> 20 | B23: SMUN | C23: 205a | D23: Loop | E23: 1/12 | F23: 1169.534 | G23: Straight | H23: RH | I23: SL | L23: 3
A24: =ROW()-3 -> 21 | B24: SMUN | C24: 242a | D24: Loop | E24: 1/12 | F24: 1170.325 | G24: Straight | H24: LH | I24: SL | L24: 10
A25: =ROW()-3 -> 22 | B25: SMUN | C25: 243b | D25: Loop | E25: 1/12 | F25: 1170.352 | G25: Straight | H25: LH | I25: SL | L25: 3
A26: =ROW()-3 -> 23 | B26: SMUN | C26: 244 | D26: Loop | E26: 1/12 | F26: 1170.4 | G26: Straight | H26: RH | I26: SL
A27: =ROW()-3 -> 24 | B27: SMUN | C27: 245a | D27: Loop | E27: 1/12 | F27: 1170.413 | G27: Straight | H27: RH | I27: SL | L27: 3
A28: =ROW()-3 -> 25 | B28: SMUN | C28: 295a | D28: Loop | E28: 1/12 | F28: 1170.5 | G28: Straight | H28: LH | I28: SL | L28: 3
A29: =ROW()-3 -> 26 | B29: SMUN | C29: 203a | D29: D/S | E29: 1/12 | F29: 1169.37 | G29: Straight | H29: RH | I29: SL
A30: =ROW()-3 -> 27 | B30: SMUN | C30: 204 | D30: D/S | E30: 1/12 | F30: 1169.37 | G30: Straight | H30: RH | I30: SL
A31: =ROW()-3 -> 28 | B31: SMUN | C31: 241 | D31: D/S | E31: 1/12 | F31: 1170.21 | G31: Straight | H31: LH | I31: SL
A32: =ROW()-3 -> 29 | B32: SMUN | C32: 242b | D32: D/S | E32: 1/12 | F32: 1170.21 | G32: Straight | H32: LH | I32: SL
A33: =ROW()-3 -> 30 | B33: SMUN | C33: 247 | D33: D/S | E33: 1/12 | F33: 1170.54 | G33: Straight | H33: RH | I33: SL
A34: =ROW()-3 -> 31 | B34: SMUN | C34: 246 | D34: D/S | E34: 1/12 | F34: 1170.54 | G34: Straight | H34: LH | I34: SL
A35: =ROW()-3 -> 32 | B35: SMUN | C35: 252 | D35: D/S | E35: 1/12 | F35: 1170.871 | G35: Straight | H35: RH | I35: SL
A36: =ROW()-3 -> 33 | B36: SMUN | C36: 251b | D36: D/S | E36: 1/12 | F36: 1170.871 | G36: Straight | H36: RH | I36: SL
A37: =ROW()-3 -> 34 | B37: SMUN | C37: 297a | D37: D/S | E37: 1/12 | F37: 1171.541 | G37: Straight | H37: LH | I37: SL
A38: =ROW()-3 -> 35 | B38: SMUN | C38: 296 | D38: D/S | E38: 1/12 | F38: 1171.659 | G38: Straight | H38: RH | I38: SL
A39: =ROW()-3 -> 36 | B39: SBJN | C39: 201b | D39: Main Line | E39: 1/12 | F39: 1187.353 | G39: Straight | H39: LH | I39: Facing | L39: 3
A40: =ROW()-3 -> 37 | B40: SBJN | C40: 243a | D40: Main Line | E40: 1/12 | F40: 1188.478 | G40: Straight | H40: RH | I40: Trailing | L40: 3
A41: =ROW()-3 -> 38 | B41: SBJN | C41: 244b | D41: Main Line | E41: 1/12 | F41: 1188.491 | G41: Straight | H41: RH | I41: Facing | L41: 3
A42: =ROW()-3 -> 39 | B42: SBJN | C42: 246a | D42: Main Line | E42: 1/12 | F42: 1188.552 | G42: Straight | H42: LH | I42: Facing | L42: 3
A43: =ROW()-3 -> 40 | B43: SBJN | C43: 290b | D43: Main Line | E43: 1/12 | F43: 1189.565 | G43: Straight | H43: RH | I43: Trailing | L43: 3
A44: =ROW()-3 -> 41 | B44: SBJN | C44: 291a | D44: Main Line | E44: 1/12 | F44: 1189.578 | G44: Straight | H44: RH | I44: Facing | L44: 3
A45: =ROW()-3 -> 42 | B45: SBJN | C45: 295b | D45: Main Line | E45: 1/12 | F45: 1189.915 | G45: Curve | H45: LH | I45: Trailing | J45: 20 | K45: 0.33 | L45: 5
A46: =ROW()-3 -> 43 | B46: SBJN | C46: 244a | D46: Loop | E46: 1/12 | F46: 1188.612 | G46: Straight | H46: RH | I46: SL | L46: 3
A47: =ROW()-3 -> 44 | B47: SBJN | C47: 247a | D47: Loop | E47: 1/12 | F47: 1188.625 | G47: Straight | H47: RH | I47: SL | L47: 10
A48: =ROW()-3 -> 45 | B48: SBJN | C48: 201a | D48: Loop | E48: 1/12 | F48: 1187.476 | G48: Straight | H48: LH | I48: SL | L48: 3
A49: =ROW()-3 -> 46 | B49: SBJN | C49: 242 | D49: Loop | E49: 1/12 | F49: 1188.344 | G49: Straight | H49: RH | I49: SL | L49: 3
A50: =ROW()-3 -> 47 | B50: SBJN | C50: 243b | D50: Loop | E50: 1/12 | F50: 1188.357 | G50: Straight | H50: RH | I50: SL | L50: 3
A51: =ROW()-3 -> 48 | B51: SBJN | C51: 290a | D51: Loop | E51: 1/12 | F51: 1189.443 | G51: Straight | H51: RH | I51: SL | L51: 3
A52: =ROW()-3 -> 49 | B52: SBJN | C52: 246b | D52: Loop | E52: 1/12 | F52: 1188.673 | G52: Straight | H52: LH | I52: SL | L52: 3
A53: =ROW()-3 -> 50 | B53: SBJN | C53: 293b | D53: Loop | E53: 1/12 | F53: 1189.627 | G53: Straight | H53: LH | I53: SL | L53: 10
A54: =ROW()-3 -> 51 | B54: SBJN | C54: 294a | D54: Loop | E54: 1/12 | F54: 1189.64 | G54: Straight | H54: LH | I54: SL | L54: 3
A55: =ROW()-3 -> 52 | B55: SBJN | C55: 291b | D55: Loop | E55: 1/12 | F55: 1189.699 | G55: Straight | H55: RH | I55: SL | L55: 3
A56: =ROW()-3 -> 53 | B56: SBJN | C56: 294b | D56: Loop | E56: 1/12 | F56: 1189.761 | G56: Straight | H56: LH | I56: SL | L56: 3
A57: =ROW()-3 -> 54 | B57: SBJN | C57: 295a | D57: Loop | E57: 1/12 | F57: 1189.774 | G57: Straight | H57: LH | I57: SL | L57: 5
... A59: =ROW()-3 -> 56 | B59: SBJN | C59: 296b | D59: Loop | E59: 1/12 | F59: 1189.951 | G59: Straight | H59: RH | I59: SL | L59: 3
A60: =ROW()-3 -> 57 | B60: SBJN | C60: 245 | D60: D/S | E60: 1/12 | F60: 1188.534 | G60: Straight | H60: RH | I60: SL
A61: =ROW()-3 -> 58 | B61: SBJN | C61: 247b | D61: D/S | E61: 1/12 | F61: 1188.756 | G61: Straight | H61: LH | I61: SL
A62: =ROW()-3 -> 59 | B62: SBJN | C62: 293a | D62: D/S | E62: 1/12 | F62: 1189.509 | G62: Straight | H62: RH | I62: SL
A63: =ROW()-3 -> 60 | B63: SBJN | C63: 292 | D63: D/S | E63: 1/12 | F63: 1189.58 | G63: Straight | H63: RH | I63: SL
A64: =ROW()-3 -> 61 | B64: SBJN | C64: 297 | D64: D/S | E64: 1/12 | F64: 1189.981 | G64: Straight | H64: LH | I64: SL
A65: =ROW()-3 -> 62 | B65: NSIR | C65: 201b | D65: Main Line | E65: 1/12 | F65: 1200.778 | G65: Straight | H65: LH | I65: Facing | L65: 3
A66: =ROW()-3 -> 63 | B66: NSIR | C66: 243b | D66: Main Line | E66: 1/12 | F66: 1201.669 | G66: Curve | H66: LH | I66: Facing | J66: 20 | K66: 0.22 | L66: 3
A67: =ROW()-3 -> 64 | B67: NSIR | C67: 244a | D67: Main Line | E67: 1/12 | F67: 1201.925 | G67: Curve | H67: RH | I67: Trailing | J67: 20 | K67: 0.22 | L67: 3
A68: =ROW()-3 -> 65 | B68: NSIR | C68: 245a | D68: Main Line | E68: 1/12 | F68: 1201.938 | G68: Curve | H68: RH | I68: Facing | J68: 20 | K68: 0.22 | L68: 3
A69: =ROW()-3 -> 66 | B69: NSIR | C69: 295b | D69: Main Line | E69: 1/12 | F69: 1203.015 | G69: Straight | H69: RH | I69: Trailing | L69: 3
A70: =ROW()-3 -> 67 | B70: NSIR | C70: 296b | D70: Main Line | E70: 1/12 | F70: 1203.076 | G70: Straight | H70: LH | I70: Trailing | L70: 3
A71: =ROW()-3 -> 68 | B71: NSIR | C71: 297a | D71: Main Line | E71: 1/12 | F71: 1203.089 | G71: Straight | H71: LH | I71: Facing | L71: 3
A72: =ROW()-3 -> 69 | B72: NSIR | C72: 299b | D72: Main Line | E72: 1/12 | F72: 1203.97 | G72: Curve | H72: LH | I72: Trailing | J72: 30 | K72: 0.49 | L72: 3
A73: =ROW()-3 -> 70 | B73: NSIR | C73: 201a | D73: Loop | E73: 1/12 | F73: 1200.899 | G73: Straight | H73: LH | I73: SL | L73: 3
A74: =ROW()-3 -> 71 | B74: NSIR | C74: 243a | D74: Loop | E74: 1/12 | F74: 1201.79 | G74: Straight | H74: RH | I74: SL | L74: 3
A75: =ROW()-3 -> 72 | B75: NSIR | C75: 244b | D75: Loop | E75: 1/12 | F75: 1201.803 | G75: Curve | H75: RH | I75: SL | K75: NA | L75: 3
A76: =ROW()-3 -> 73 | B76: NSIR | C76: 245b | D76: Loop | E76: 1/12 | F76: 1202.065 | G76: Straight | H76: RH | I76: SL | L76: 3
A77: =ROW()-3 -> 74 | B77: NSIR | C77: 246a | D77: Loop | E77: 1/12 | F77: 1202.072 | G77: Straight | H77: RH | I77: SL | L77: 10
A78: =ROW()-3 -> 75 | B78: NSIR | C78: 295a | D78: Loop | E78: 1/12 | F78: 1202.893 | G78: Straight | H78: RH | I78: SL | L78: 3
A79: =ROW()-3 -> 76 | B79: NSIR | C79: 296a | D79: Loop | E79: 1/12 | F79: 1202.955 | G79: Straight | H79: RH | I79: SL | L79: 3
A80: =ROW()-3 -> 77 | B80: NSIR | C80: 297b | D80: Loop | E80: 1/12 | F80: 1203.21 | G80: Straight | H80: LH | I80: SL | L80: 3
A81: =ROW()-3 -> 78 | B81: NSIR | C81: 299a | D81: Loop | E81: 1/12 | F81: 1203.846 | G81: Curve | H81: LH | I81: SL | K81: NA | L81: 3
A82: =ROW()-3 -> 79 | B82: NSIR | C82: 246b | D82: D/S | E82: 1/12 | F82: 1202.205 | G82: Curve | H82: LH | I82: SL | K82: NA
A83: =ROW()-3 -> 80 | B83: GVGN | C83: 201 | D83: Main Line | E83: 1/12 | F83: 1211.705 | G83: Straight | H83: LH | I83: Facing | L83: 2
A84: =ROW()-3 -> 81 | B84: GVGN | C84: 205b | D84: Main Line | E84: 1/12 | F84: 1212.079 | G84: Straight | H84: LH | I84: Facing | L84: 3
A85: =ROW()-3 -> 82 | B85: GVGN | C85: 246b | D85: Main Line | E85: 1/12 | F85: 1213.034 | G85: Straight | H85: LH | I85: Facing | L85: 3
A86: =ROW()-3 -> 83 | B86: GVGN | C86: 250b | D86: Main Line | E86: 1/12 | F86: 1213.348 | G86: Straight | H86: RH | I86: Trailing | L86: 3
A87: =ROW()-3 -> 84 | B87: GVGN | C87: 254a | D87: Main Line | E87: 1/12 | F87: 1213.423 | G87: Straight | H87: LH | I87: Facing | L87: 3
A88: =ROW()-3 -> 85 | B88: GVGN | C88: 296b | D88: Main Line | E88: 1/12 | F88: 1214.496 | G88: Straight | H88: RH | I88: Trailing | L88: 3
A89: =ROW()-3 -> 86 | B89: GVGN | C89: 299 | D89: Main Line | E89: 1/12 | F89: 1214.838 | G89: Straight | H89: RH | I89: Trailing | L89: 3
A90: =ROW()-3 -> 87 | B90: GVGN | C90: 202b | D90: Loop | E90: 1/12 | F90: 1211.767 | G90: Straight | H90: LH | I90: SL | L90: 10
A91: =ROW()-3 -> 88 | B91: GVGN | C91: 205a | D91: Loop | E91: 1/12 | F91: 1212.2 | G91: Straight | H91: LH | I91: SL | L91: 3
A92: =ROW()-3 -> 89 | B92: GVGN | C92: 243b | D92: Loop | E92: 1/12 | F92: 1212.769 | G92: Straight | H92: RH | I92: SL | L92: 10
A93: =ROW()-3 -> 90 | B93: GVGN | C93: 243a | D93: Loop | E93: 1/12 | F93: 1213.082 | G93: Straight | H93: RH | I93: SL | L93: 10
A94: =ROW()-3 -> 91 | B94: GVGN | C94: 248b | D94: Loop | E94: 1/12 | F94: 1213.095 | G94: Straight | H94: RH | I94: SL | L94: 3
... A104: =ROW()-3 -> 101 | B104: GVGN | C104: 298b | D104: Loop | E104: 1/12 | F104: 1214.777 | G104: Straight | H104: RH | I104: SL | L104: 10
A105: =ROW()-3 -> 102 | B105: GVGN | C105: 203 | D105: D/S | E105: 1/12 | F105: 1211.93 | G105: Straight | H105: RH | I105: SL
A106: =ROW()-3 -> 103 | B106: GVGN | C106: 202a | D106: D/S | E106: 1/12 | F106: 1211.94 | G106: Straight | H106: RH | I106: SL
A107: =ROW()-3 -> 104 | B107: GVGN | C107: 204 | D107: D/S | E107: 1/12 | F107: 1212.059 | G107: Straight | H107: LH | I107: SL
A108: =ROW()-3 -> 105 | B108: GVGN | C108: 244 | D108: D/S | E108: 1/12 | F108: 1212.889 | G108: Straight | H108: LH | I108: SL
A109: =ROW()-3 -> 106 | B109: GVGN | C109: 245 | D109: D/S | E109: 1/12 | F109: 1212.904 | G109: Straight | H109: RH | I109: SL
A110: =ROW()-3 -> 107 | B110: GVGN | C110: 255 | D110: D/S | E110: 1/12 | F110: 1213.424 | G110: Straight | H110: RH | I110: SL
A111: =ROW()-3 -> 108 | B111: GVGN | C111: 256 | D111: D/S | E111: 1/12 | F111: 1213.599 | G111: Straight | H111: LH | I111: SL
...

Sheet DFWO
A1: S.No. | B1: Location | D1: Number | E1: Line/ Loop Line/ Cross Over | F1: Remark
B2: km | C2: m
A3: 1 | B3: 2 | C3: 3 | D3: 4 | E3: 5 | F3: 7
A4: 1 | B4: 1218 | C4: 897.2 | D4: (RR) | E4: Main Line | F4: GVGN-KNNN
A5: 2 | B5: 1248 | C5: 646.4 | D5: (LR) | E5: Main Line | F5: CHAN-SNL
A6: 3 | B6: 1169 | C6: 273 | D6: (LR) | E6: Goods Line No 4 | F6: SMUN Station
A7: 4 | B7: 1169 | C7: 304.04 | D7: (LR) | E7: Goods Line No 5 | F7: SMUN Station
A8: 5 | B8: 1169 | C8: 317 | D8: (LR) | E8: Goods Line No 5 | F8: SMUN Station
A9: 6 | B9: 1169 | C9: 378 | D9: (RR) | E9: Goods Line No 5 | F9: SMUN Station
A10: 7 | B10: 1170 | C10: 268.8 | D10: (RR) | E10: Goods Line No 4 | F10: SMUN Station
A11: 8 | B11: 1170 | C11: 485.6 | D11: (RR) | E11: SMUN-C4 | F11: SMUN Station
A12: 9 | B12: 1170 | C12: 557 | D12: (LR) | E12: Line Between Common Loop Line No 1 and 1A | F12: SMUN Station
A13: 10 | B13: 1170 | C13: 698 | D13: (LR) | E13: Ballast Siding Line | F13: SMUN Station
A14: 11 | B14: 1170 | C14: 743 | D14: (RR) | E14: Common Loop Line 3A | F14: SMUN Station
A15: 12 | B15: 1170 | C15: 773 | D15: (LR) | E15: Ballast Siding Line | F15: SMUN Station
... A51: 48 | B51: 1238 | C51: 680.06 | D51: (LR) | E51: CHAN-C9 | F51: CHAN Station

Sheet Scheduled inspection
A1: Section under IMSD SMUN (Curve Details)
A2: S. No | B2: Curve No. | D2: S. No | E2: Curve No.
A4: 1 | B4: 315 | C4: In-Charge | D4: 46 | E4: 360 | F4: Sectional
A5: 2 | B5: 316 | D5: 47 | E5: 361
A6: 3 | B6: 317 | D6: 48 | E6: 362
A7: 4 | B7: 318 | D7: 49 | E7: 363
A8: 5 | B8: 319 | D8: 50 | E8: 364
A9: 6 | B9: 320 | D9: 51 | E9: 365 | F9: In-Charge
A10: 7 | B10: 321 | C10: Sectional | D10: 52 | E10: 366
A11: 8 | B11: 322 | D11: 53 | E11: 367
A12: 9 | B12: 323 | C12: In-Charge | D12: 54 | E12: 368
A13: 10 | B13: 324 | D13: 55 | E13: 369
A14: 11 | B14: 325 | C14: Sectional | D14: 56 | E14: 370 | F14: Sectional
A15: 12 | B15: 326 | D15: 57 | E15: 371
A16: 13 | B16: 327 | D16: 58 | E16: 372
A17: 14 | B17: 328 | D17: 59 | E17: 373
A18: 15 | B18: 329 | D18: 60 | E18: 374
A19: 16 | B19: 330 | C19: In-Charge | D19: 61 | E19: 375 | F19: In-Charge
A20: 17 | B20: 331 | D20: 62 | E20: 376
A21: 18 | B21: 332 | D21: 63 | E21: 377
A22: 19 | B22: 333 | D22: 64 | E22: 378
A23: 20 | B23: 334 | D23: 65 | E23: 379
A24: 21 | B24: 335 | C24: Sectional | D24: 66 | E24: 380
A25: 22 | B25: 336 | D25: 67 | E25: 381
A26: 23 | B26: 337 | D26: 68 | E26: 382 | F26: Sectional
A27: 24 | B27: 338 | D27: 69 | E27: 383
A28: 25 | B28: 339 | D28: 70 | E28: 384
A29: 26 | B29: 340 | C29: In-Charge | D29: 71 | E29: 385
A30: 27 | B30: 341 | D30: 72 | E30: 386
A31: 28 | B31: 342 | D31: 73 | E31: 387 | F31: In-Charge
A32: 29 | B32: 343 | D32: 74 | E32: 388
A33: 30 | B33: 344 | D33: 75 | E33: 389
A34: 31 | B34: 345 | D34: 76 | E34: 390
A35: 32 | B35: 346 | D35: 77 | E35: 391
A36: 33 | B36: 347 | D36: 78 | E36: 392 | F36: Sectional
A37: 34 | B37: 348 | C37: Sectional | D37: 79 | E37: 393
A38: 35 | B38: 349 | D38: 80 | E38: 394
A39: 36 | B39: 350 | D39: 81 | E39: 395
A40: 37 | B40: 351 | C40: In-Charge | D40: 82 | E40: 396
A41: 38 | B41: 352 | C41: Sectional | D41: 83 | E41: 397
A42: 39 | B42: 353 | C42: In-Charge | D42: 84 | E42: 398 | F42: In-Charge
A43: 40 | B43: 354 | C43: Sectional | D43: 85 | E43: 399
A44: 41 | B44: 355 | D44: 86 | E44: 400
A45: 42 | B45: 356 | C45: In-Charge | D45: 87 | E45: 401
A46: 43 | B46: 357 | D46: 88 | E46: 402
A47: 44 | B47: 358 | D47: 89 | E47: 403
A48: 45 | B48: 359 | D48: 90 | E48: 404
D49: 91 | E49: 405 | F49: Sectional
D50: 92 | E50: 406
D51: 93 | E51: 407
D52: 94 | E52: 408
D53: 95 | E53: 409

Sheet Staff_Master_DATA
A1: MsMhdsVsM ÝsV dkWjhMksj dkWiksZjs'ku vkWQ bf.M;k fy- Dedicated Freight Corridor Corporation of India Ltd. Hkkjr ljdkj ¼jsy ea=ky;½ dk miØe A Govt. of India (Ministry of Railways) Enterprise
A2: CONTACT DETAILS OF STAFF UNDER IMSD-SMUN SECTION
A3: S.N. | B3: Name of Employee | C3: Designation | D3: Emp-Id | E3: Place of posting | F3: Mobile No. | G3: E-mail-id
A4: क्र. स. | B4: कर्मचारी का नाम | C4: पदनाम | D4: कर्मचारी कोड | E4: पदस्थान | F4: मोबाइल न | G4: ई- मेल आईडी
A5: 1 | B5: Shri Vivek Kumar Azad | C5: ASSISTANT PROJECT MANAGER/CIVIL | D5: 101518 | E5: NEW SHAMBHU | F5: 8872671873 | G5: vkazad@dfcc.co.in
B6: =_xlfn.TRANSLATE(B5,"en","hi") -> श्री विवेक कुमार आजाद | C6: =_xlfn.TRANSLATE(C5,"en","hi") -> सहायक परियोजना प्रबंधक/सिविल | E6: =_xlfn.TRANSLATE(E5,"en","hi") -> नया शंभू
A7: 2 | B7: Shri Arjun kumar | C7: EXECUTIVE/CIVIL | D7: 101801 | E7: NEW SHAMBHU | F7: 8295416161
B8: =_xlfn.TRANSLATE(B7,"en","hi") -> श्री अर्जुन कुमार | C8: =_xlfn.TRANSLATE(C7,"en","hi") -> कार्यकारी/सिविल | E8: =_xlfn.TRANSLATE(E7,"en","hi") -> नया शंभू
A9: 2 | B9: Shri Gaya Prashad | C9: EXECUTIVE/CIVIL | D9: 105960 | E9: NEW SIR-HIND | F9: 8295416161
B10: =_xlfn.TRANSLATE(B9,"en","hi") -> श्री गया प्रसाद | C10: =_xlfn.TRANSLATE(C9,"en","hi") -> कार्यकारी/सिविल | E10: =_xlfn.TRANSLATE(E9,"en","hi") -> नया सर-हिंद
A11: 2 | B11: Shri Tej Pal | C11: JUNIOR EXECUTIVE/CIVIL | D11: 101686 | E11: NEW SIR-HIND | F11: 8295416161 | G11: tejpal@dfcc.co.in
B12: =_xlfn.TRANSLATE(B11,"en","hi") -> श्री तेज पाल | C12: =_xlfn.TRANSLATE(C11,"en","hi") -> जूनियर एग्जीक्यूटिव/सिविल | E12: =_xlfn.TRANSLATE(E11,"en","hi") -> नया सर-हिंद
A13: 3 | B13: Shri Ved Prakash | C13: JUNIOR EXECUTIVE/CIVIL | D13: 101646 | E13: NEW CHAWA PAIL | F13: 7665685189 | G13: vprathore@dfcc.co.in
B14: =_xlfn.TRANSLATE(B13,"en","hi") -> श्री वेद प्रकाश | C14: =_xlfn.TRANSLATE(C13,"en","hi") -> जूनियर एग्जीक्यूटिव/सिविल | E14: =_xlfn.TRANSLATE(E13,"en","hi") -> न्यू चावा पेल
A15: 4 | B15: Shri Sanni Kumar Sharma | C15: MTS/CIVIL | D15: 102431 | E15: NEW SHAMBHU | F15: 7870056089
B16: =_xlfn.TRANSLATE(B15,"en","hi") -> श्री सन्नी कुमार शर्मा | C16: =_xlfn.TRANSLATE(C15,"en","hi") -> एमटीएस/सिविल | E16: =_xlfn.TRANSLATE(E15,"en","hi") -> नया शंभू
A17: 5 | B17: Shri Ranjeet Kumar | C17: MTS/CIVIL | D17: 103258 | E17: NEW SHAMBHU | F17: 9570703677
B18: =_xlfn.TRANSLATE(B17,"en","hi") -> श्री रंजीत कुमार | C18: =_xlfn.TRANSLATE(C17,"en","hi") -> एमटीएस/सिविल | E18: =_xlfn.TRANSLATE(E17,"en","hi") -> नया शंभू
A19: 6 | B19: Shri Gautam Kumar | C19: MTS/CIVIL | D19: 103259 | E19: NEW SHAMBHU | F19: 7011209332
B20: =_xlfn.TRANSLATE(B19,"en","hi") -> श्री गौतम कुमार | C20: =_xlfn.TRANSLATE(C19,"en","hi") -> एमटीएस/सिविल | E20: =_xlfn.TRANSLATE(E19,"en","hi") -> नया शंभू
A21: 7 | B21: Shri Lal Chand | C21: MTS/CIVIL | D21: 102924 | E21: NEW SIR-HIND | F21: 9649218216
B22: =_xlfn.TRANSLATE(B21,"en","hi") -> श्री लाल चन्द | C22: =_xlfn.TRANSLATE(C21,"en","hi") -> एमटीएस/सिविल | E22: =_xlfn.TRANSLATE(E21,"en","hi") -> नया सर-हिंद
A23: 8 | B23: Shri Sudhir Kumar | C23: MTS/CIVIL | D23: 103257 | E23: NEW KHANNA | F23: 8210018687
B24: =_xlfn.TRANSLATE(B23,"en","hi") -> श्री सुधीर कुमार | C24: =_xlfn.TRANSLATE(C23,"en","hi") -> एमटीएस/सिविल | E24: =_xlfn.TRANSLATE(E23,"en","hi") -> न्यू खन्ना
A25: 9 | B25: Shri Suraj Verma | C25: MTS/CIVIL | D25: 102623 | E25: NEW KHANNA | F25: 9239845014
B26: =_xlfn.TRANSLATE(B25,"en","hi") -> श्री सूरज वर्मा | C26: =_xlfn.TRANSLATE(C25,"en","hi") -> एमटीएस/सिविल | E26: =_xlfn.TRANSLATE(E25,"en","hi") -> न्यू खन्ना
A27: 10 | B27: Shri Amar Molana | C27: MTS/CIVIL | D27: 102460 | E27: NEW CHAWA PAIL | F27: 7788020121
B28: =_xlfn.TRANSLATE(B27,"en","hi") -> श्री अमर मोलाना | C28: =_xlfn.TRANSLATE(C27,"en","hi") -> एमटीएस/सिविल | E28: =_xlfn.TRANSLATE(E27,"en","hi") -> न्यू चावा पेल
A29: 11 | B29: Shri Harpal Singh | C29: SENIOR EXECUTIVE/CIVIL (Re-employed) | D29: 105102 | E29: NEW SHAMBHU | F29: 7340855287
B30: =_xlfn.TRANSLATE(B29,"en","hi") -> श्री हरपाल सिंह | C30: =_xlfn.TRANSLATE(C29,"en","hi") -> वरिष्ठ कार्यकारी/सिविल (पुन: नियोजित) | E30: =_xlfn.TRANSLATE(E29,"en","hi") -> नया शंभू
A31: 12 | B31: Shri Surendera Kumar | C31: SENIOR EXECUTIVE/CIVIL (Re-employed) | D31: 104962 | E31: NEW KHANNA | F31: 7658008725
B32: =_xlfn.TRANSLATE(B31,"en","hi") -> श्री सुरेंद्र कुमार | C32: =_xlfn.TRANSLATE(C31,"en","hi") -> वरिष्ठ कार्यकारी/सिविल (पुन: नियोजित) | E32: =_xlfn.TRANSLATE(E31,"en","hi") -> न्यू खन्ना

Sheet ExMaster_DATA
A1: Staff data under IMSD-SMUN
A2: Sr. No | B2: AWPO ID | C2: Name | D2: Father's Name | E2: Beat No | F2: Km From-To | G2: Contect Number | H2: Designation | I2: Residence | J2: District | K2: Other contect Number | L2: Photo | N2: Email- ID
A3: =ROW()-2 -> 1 | B3: 53863 | C3: Sanjeev Kumar | D3: Joginder Singh | E3: Beat No. 19 | F3: 1164.500 to 1170.535 | G3: 7341182346 | H3: KEYMAN | I3: VPO Khuda Khurd PO Ambala cant | J3: Ambala | K3: 8708557327 | L3: #VALUE! | M3: =_xlfn.IMAGE("https://quickchart.io/qr?size=300&text=" & _xlfn.ENCODEURL( "AWPO ID: " & B3 & CHAR(10) & "Name: " & C3 & CHAR(10) & "Father's Name: " & D3 & CHAR(10) & "Designation: " & H3 & CHAR(10) & "Details: " & E3 & CHAR(10) & "Contact No: " & G3 & CHAR(10) & "Emergency Contact: " & K3 & CHAR(10) & "Important Nos:" & CHAR(10) & "1. Arjun Kumar: +91 77798 60477" & CHAR(10) & "2. Vivek Kumar Azad: +91 88726 71873" )) -> #VALUE!
A4: =ROW()-2 -> 2 | B4: 46490 | C4: Kuldeep Singh | D4: Amarjit Singh | E4: Beat No. 20 | F4: 1170.535 to 1176.01 | G4: 7087352069 | H4: KEYMAN | I4: VPO Sarala kalan | J4: Patiala | K4: 7087052069 | L4: #VALUE! | M4: =_xlfn.IMAGE("https://quickchart.io/qr?size=300&text=" & _xlfn.ENCODEURL( "AWPO ID: " & B4 & CHAR(10) & "Name: " & C4 & CHAR(10) & "Father Name: " & D4 & CHAR(10) & "Designation: " & H4 & CHAR(10) & E4 & CHAR(10) & "Contact No: " & G4 & CHAR(10) & "Emergency Contact No: " & K4 & CHAR(10) & "Important no:" & CHAR(10) & "1. Ajrun kumar +91 77798 60477" & CHAR(10) & "2. Vivek Kumar Azad +91-88726 71873" )) -> #VALUE! | N4: Kuldeepsingh11973@gmail.com
A5: =ROW()-2 -> 3 | B5: 46527 | C5: Bhupal Singh | D5: Harkishan Singh | E5: Beat No. 21 | F5: 1176.0 to 1183.800 | G5: 9465362321 | H5: KEYMAN | I5: #No. -18 Golden Enclave teh Rajpura | J5: Patiala | K5: 6280072537 | L5: #VALUE! | M5: =_xlfn.IMAGE("https://quickchart.io/qr?size=300&text=" & _xlfn.ENCODEURL( "AWPO ID: " & B5 & CHAR(10) & "Name: " & C5 & CHAR(10) & "Father Name: " & D5 & CHAR(10) & "Designation: " & H5 & CHAR(10) & E5 & CHAR(10) & "Contact No: " & G5 & CHAR(10) & "Emergency Contact No: " & K5 & CHAR(10) & "Important no:" & CHAR(10) & "1. Ajrun kumar +91 77798 60477" & CHAR(10) & "2. Vivek Kumar Azad +91-88726 71873" )) -> #VALUE!
A6: =ROW()-2 -> 4 | B6: 50332 | C6: Gurdeep Singh | D6: Harnam SIngh | E6: Beat No. 22 | F6: 1183.800 to 1189.29 | G6: 6239826819 | H6: KEYMAN | I6: VPO Salempur PO Bras | J6: Fategarh Sahib | K6: 6239826819 | L6: #VALUE! | M6: =_xlfn.IMAGE("https://quickchart.io/qr?size=300&text=" & _xlfn.ENCODEURL( "AWPO ID: " & B6 & CHAR(10) & "Name: " & C6 & CHAR(10) & "Father Name: " & D6 & CHAR(10) & "Designation: " & H6 & CHAR(10) & E6 & CHAR(10) & "Contact No: " & G6 & CHAR(10) & "Emergency Contact No: " & K6 & CHAR(10) & "Important no:" & CHAR(10) & "1. Ajrun kumar +91 77798 60477" & CHAR(10) & "2. Vivek Kumar Azad +91-88726 71873" )) -> #VALUE!
A7: =ROW()-2 -> 5 | B7: 46246 | C7: Gurwinder Singh | D7: Labh Singh | E7: Beat No. 23 | F7: 1189.29 to 1195.295 | G7: 9465551335 | H7: KEYMAN | I7: VPO Kasiana PO Chieala | J7: Patiala | K7: 9465251335 8699131335 | L7: #VALUE! | M7: =_xlfn.IMAGE("https://quickchart.io/qr?size=300&text=" & _xlfn.ENCODEURL( "AWPO ID: " & B7 & CHAR(10) & "Name: " & C7 & CHAR(10) & "Father Name: " & D7 & CHAR(10) & "Designation: " & H7 & CHAR(10) & E7 & CHAR(10) & "Contact No: " & G7 & CHAR(10) & "Emergency Contact No: " & K7 & CHAR(10) & "Important no:" & CHAR(10) & "1. Ajrun kumar +91 77798 60477" & CHAR(10) & "2. Vivek Kumar Azad +91-88726 71873" )) -> #VALUE!
A8: =ROW()-2 -> 6 | B8: 53922 | C8: Harwinder Singh | D8: Ram Chand | E8: Beat No. 24 | F8: 1195.06 to 1201.11 | G8: 8847533591 | H8: KEYMAN | I8: Patiala | J8: Fategarh Sahib | K8: 7814469867 | L8: #VALUE! | M8: =_xlfn.IMAGE("https://quickchart.io/qr?size=300&text=" & _xlfn.ENCODEURL( "AWPO ID: " & B8 & CHAR(10) & "Name: " & C8 & CHAR(10) & "Father Name: " & D8 & CHAR(10) & "Designation: " & H8 & CHAR(10) & E8 & CHAR(10) & "Contact No: " & G8 & CHAR(10) & "Emergency Contact No: " & K8 & CHAR(10) & "Important no:" & CHAR(10) & "1. Ajrun kumar +91 77798 60477" & CHAR(10) & "2. Vivek Kumar Azad +91-88726 71873" )) -> #VALUE!
A9: =ROW()-2 -> 7 | B9: 48789 | C9: Avtar Singh | D9: Roshan Singh | E9: Beat No. 25 | F9: 1201.59 to 1207.395 | G9: 9855456186 | H9: KEYMAN | I9: VPO Mahadian | J9: Fategarh Sahib | K9: 9646644017 | L9: #VALUE! | M9: =_xlfn.IMAGE("https://quickchart.io/qr?size=300&text=" & _xlfn.ENCODEURL( "AWPO ID: " & B9 & CHAR(10) & "Name: " & C9 & CHAR(10) & "Father Name: " & D9 & CHAR(10) & "Designation: " & H9 & CHAR(10) & E9 & CHAR(10) & "Contact No: " & G9 & CHAR(10) & "Emergency Contact No: " & K11 & CHAR(10) & "Important no:" & CHAR(10) & "1. Ajrun kumar +91 77798 60477" & CHAR(10) & "2. Vivek Kumar Azad +91-88726 71873" )) -> #VALUE!
A10: =ROW()-2 -> 8 | B10: 53265 | C10: Harwinder Singh | D10: Ramchand | E10: Beat No. 26 | F10: 1207.395 to 1213.195 | G10: 9417462599 | H10: KEYMAN | I10: VPO Malakpur PO Malko majra | J10: Fategarh Sahib | K10: 7009507732 | L10: #VALUE! | M10: =_xlfn.IMAGE("https://quickchart.io/qr?size=300&text=" & _xlfn.ENCODEURL( "AWPO ID: " & B10 & CHAR(10) & "Name: " & C10 & CHAR(10) & "Father Name: " & D10 & CHAR(10) & "Designation: " & H10 & CHAR(10) & E10 & CHAR(10) & "Contact No: " & G10 & CHAR(10) & "Emergency Contact No: " & K10 & CHAR(10) & "Important no:" & CHAR(10) & "1. Ajrun kumar +91 77798 60477" & CHAR(10) & "2. Vivek Kumar Azad +91-88726 71873" )) -> #VALUE! | N10: hs2883633@gmail.com
A11: =ROW()-2 -> 9 | B11: 47127 | C11: Jaswinder Singh | D11: Amar Singh | E11: Beat No.27 | F11: 1217.195 to 1224.895 | G11: 9468647575 | H11: KEYMAN | I11: VPO Majra manna Singh wala PO Khanian teh Amloh | J11: Fategarh Sahib | K11: 9478808855 | L11: #VALUE! | M11: =_xlfn.IMAGE("https://quickchart.io/qr?size=300&text=" & _xlfn.ENCODEURL( "AWPO ID: " & B11 & CHAR(10) & "Name: " & C11 & CHAR(10) & "Father Name: " & D11 & CHAR(10) & "Designation: " & H11 & CHAR(10) & E11 & CHAR(10) & "Contact No: " & G11 & CHAR(10) & "Emergency Contact No: " & K11 & CHAR(10) & "Important no:" & CHAR(10) & "1. Ajrun kumar +91 77798 60477" & CHAR(10) & "2. Vivek Kumar Azad +91-88726 71873" )) -> #VALUE! | N11: jassi2060k@gmail.com
A12: =ROW()-2 -> 10 | B12: 49319 | C12: Jagjeet Singh | D12: Kaka Singh | E12: Beat No. 28 | F12: 1224.89 to 1228.895 | G12: 8290590570 | H12: KEYMAN | I12: VPO Jaspalo | J12: Ludhiana | K12: 8699006787 | L12: #VALUE! | M12: =_xlfn.IMAGE("https://quickchart.io/qr?size=300&text=" & _xlfn.ENCODEURL( "AWPO ID: " & B12 & CHAR(10) & "Name: " & C12 & CHAR(10) & "Father Name: " & D12 & CHAR(10) & "Designation: " & H12 & CHAR(10) & E12 & CHAR(10) & "Contact No: " & G12 & CHAR(10) & "Emergency Contact No: " & K12 & CHAR(10) & "Important no:" & CHAR(10) & "1. Ajrun kumar +91 77798 60477" & CHAR(10) & "2. Vivek Kumar Azad +91-88726 71873" )) -> #VALUE! | N12: Jagjitsingh8383@gmail.Com
A13: =ROW()-2 -> 11 | B13: 53626 | C13: Lakhvir Singh | D13: Surender Singh | E13: Beat No. 29 | F13: 1228.895 to 1232.947 | G13: 9468647575 | H13: KEYMAN | I13: VPO Rajewal teh khanna | J13: Ludhiana | K13: 9815449609 | L13: #VALUE! | M13: =_xlfn.IMAGE("https://quickchart.io/qr?size=300&text=" & _xlfn.ENCODEURL( "AWPO ID: " & B13 & CHAR(10) & "Name: " & C13 & CHAR(10) & "Father Name: " & D13 & CHAR(10) & "Designation: " & H13 & CHAR(10) & E13 & CHAR(10) & "Contact No: " & G13 & CHAR(10) & "Emergency Contact No: " & K13 & CHAR(10) & "Important no:" & CHAR(10) & "1. Ajrun kumar +91 77798 60477" & CHAR(10) & "2. Vivek Kumar Azad +91-88726 71873" )) -> #VALUE! | N13: Lakhveer4481535@gmail.com
A14: =ROW()-2 -> 12 | B14: 48319 | C14: Gurpreet Singh | D14: Darbara Singh | E14: Beat No. 30 | F14: 1232.947 to 1237.0 | G14: 7508648281 | H14: KEYMAN | I14: VPO Ramgarh Teh Amloh | J14: Fategarh Sahib | L14: #VALUE! | M14: =_xlfn.IMAGE("https://quickchart.io/qr?size=300&text=" & _xlfn.ENCODEURL( "AWPO ID: " & B14 & CHAR(10) & "Name: " & C14 & CHAR(10) & "Father Name: " & D14 & CHAR(10) & "Designation: " & H14 & CHAR(10) & E14 & CHAR(10) & "Contact No: " & G14 & CHAR(10) & "Emergency Contact No: " & K14 & CHAR(10) & "Important no:" & CHAR(10) & "1. Ajrun kumar +91 77798 60477" & CHAR(10) & "2. Vivek Kumar Azad +91-88726 71873" )) -> #VALUE! | N14: aujlagopi034@gmail.com
A15: =ROW()-2 -> 13 | B15: 47110 | C15: Kuljeet singh | D15: Bhajan Singh | E15: Beat No. 31 | F15: 1237.0 to 1242.0 | G15: 7973833770 | H15: KEYMAN | I15: VPO Chakohi Teh Khanna | J15: Ludhiana | K15: 6283880187 | L15: #VALUE! | M15: =_xlfn.IMAGE("https://quickchart.io/qr?size=300&text=" & _xlfn.ENCODEURL( "AWPO ID: " & B15 & CHAR(10) & "Name: " & C15 & CHAR(10) & "Father Name: " & D15 & CHAR(10) & "Designation: " & H15 & CHAR(10) & E15 & CHAR(10) & "Contact No: " & G15 & CHAR(10) & "Emergency Contact No: " & K15 & CHAR(10) & "Important no:" & CHAR(10) & "1. Ajrun kumar +91 77798 60477" & CHAR(10) & "2. Vivek Kumar Azad +91-88726 71873" )) -> #VALUE! | N15: Singhkuljit864@gmail.com
A16: =ROW()-2 -> 14 | B16: 46535 | C16: Nirbhai Singh | D16: Mohinder Singh | E16: Beat No. 32 | F16: 1242.0 to 1249.500 | G16: 9855659595 | H16: KEYMAN | I16: Khaira PO Mrhadudhan teh Samrala | J16: Ludhiana | K16: 9814653302 | L16: #VALUE! | M16: =_xlfn.IMAGE("https://quickchart.io/qr?size=300&text=" & _xlfn.ENCODEURL( "AWPO ID: " & B16 & CHAR(10) & "Name: " & C16 & CHAR(10) & "Father Name: " & D16 & CHAR(10) & "Designation: " & H16 & CHAR(10) & E16 & CHAR(10) & "Contact No: " & G16 & CHAR(10) & "Emergency Contact No: " & K17 & CHAR(10) & "Important no:" & CHAR(10) & "1. Ajrun kumar +91 77798 60477" & CHAR(10) & "2. Vivek Kumar Azad +91-88726 71873" )) -> #VALUE!
A17: =ROW()-2 -> 15 | B17: 53628 | C17: Sukhwinder Singh | D17: Mahinder Singh | E17: Beat No. 33 | F17: 1171.981 to 1178.150 | G17: 7508325974 | H17: KEYMAN | I17: VPO Amam nagar PO karhali | J17: Patiala | K17: 8699649317 | L17: #VALUE! | M17: =_xlfn.IMAGE("https://quickchart.io/qr?size=300&text=" & _xlfn.ENCODEURL( "AWPO ID: " & B17 & CHAR(10) & "Name: " & C17 & CHAR(10) & "Father Name: " & D17 & CHAR(10) & "Designation: " & H17 & CHAR(10) & E17 & CHAR(10) & "Contact No: " & G17 & CHAR(10) & "Emergency Contact No: " & K18 & CHAR(10) & "Important no:" & CHAR(10) & "1. Ajrun kumar +91 77798 60477" & CHAR(10) & "2. Vivek Kumar Azad +91-88726 71873" )) -> #VALUE!
A18: =ROW()-2 -> 16 | B18: 53627 | C18: Bikar Singh | D18: Jarnail Singh | E18: Beat No. 34 | F18: 1242.0 to 1249.500 | G18: 9205536128 | H18: KEYMAN | I18: VPO Khamano kalan wrd No. 7 | J18: Fategarh Sahib | K18: 8283941904 | L18: #VALUE! | M18: =_xlfn.IMAGE("https://quickchart.io/qr?size=300&text=" & _xlfn.ENCODEURL( "AWPO ID: " & B18 & CHAR(10) & "Name: " & C18 & CHAR(10) & "Father Name: " & D18 & CHAR(10) & "Designation: " & H18 & CHAR(10) & E18 & CHAR(10) & "Contact No: " & G18 & CHAR(10) & "Emergency Contact No: " & K18 & CHAR(10) & "Important no:" & CHAR(10) & "1. Ajrun kumar +91 77798 60477" & CHAR(10) & "2. Vivek Kumar Azad +91-88726 71873" )) -> #VALUE!
A19: =ROW()-2 -> 17 | B19: 53923 | C19: Balwinder Singh | D19: Gurcharan Singh | E19: Rest | F19: Giver | G19: 913746358 | H19: KEYMAN | I19: VPO Kalewal PO Kheri Noudh singh | J19: Fategarh Sahib | K19: 7087219969 | L19: #VALUE! | M19: =_xlfn.IMAGE("https://quickchart.io/qr?size=300&text=" & _xlfn.ENCODEURL( "AWPO ID: " & B19 & CHAR(10) & "Name: " & C19 & CHAR(10) & "Father Name: " & D19 & CHAR(10) & "Designation: " & H19 & CHAR(10) & E19 & CHAR(10) & "Contact No: " & G19 & CHAR(10) & "Emergency Contact No: " & K19 & CHAR(10) & "Important no:" & CHAR(10) & "1. Ajrun kumar +91 77798 60477" & CHAR(10) & "2. Vivek Kumar Azad +91-88726 71873" )) -> #VALUE! | N19: babbusingh3934@gmail.com
A20: =ROW()-2 -> 18 | B20: 53924 | C20: Harwinder Singh | D20: Sukhdev Singh | E20: Rest | F20: Giver | G20: 9465326270 | H20: KEYMAN | I20: VPO Maru | J20: Patiala | K20: 9814170346 | L20: #VALUE! | M20: =_xlfn.IMAGE("https://quickchart.io/qr?size=300&text=" & _xlfn.ENCODEURL( "AWPO ID: " & B20 & CHAR(10) & "Name: " & C20 & CHAR(10) & "Father Name: " & D20 & CHAR(10) & "Designation: " & H20 & CHAR(10) & E20 & CHAR(10) & "Contact No: " & G20 & CHAR(10) & "Emergency Contact No: " & K20 & CHAR(10) & "Important no:" & CHAR(10) & "1. Ajrun kumar +91 77798 60477" & CHAR(10) & "2. Vivek Kumar Azad +91-88726 71873" )) -> #VALUE! | N20: harwinder8344@gmail.com
A21: =ROW()-2 -> 19 | B21: 12323 | C21: Satnam Singh | D21: Joginder Singh | E21: BR. 108 | F21: ROR-RAJPURA D-Tour | G21: 8295369825 | H21: Br. Watchman | I21: VPO Korwa khurd | J21: Ambala | K21: 9817732424 | L21: #VALUE! | M21: =_xlfn.IMAGE("https://quickchart.io/qr?size=300&text=" & _xlfn.ENCODEURL( "AWPO ID: " & B21 & CHAR(10) & "Name: " & C21 & CHAR(10) & "Father Name: " & D21 & CHAR(10) & "Designation: " & H21 & CHAR(10) & E21 & CHAR(10) & "Contact No: " & G21 & CHAR(10) & "Emergency Contact No: " & K21 & CHAR(10) & "Important no:" & CHAR(10) & "1. Ajrun kumar +91 77798 60477" & CHAR(10) & "2. Vivek Kumar Azad +91-88726 71873" )) -> #VALUE!
A22: =ROW()-2 -> 20 | B22: 12772 | C22: Surinder Singh | D22: Tek Singh | E22: BR. 108 | F22: ROR-RAJPURA D-Tour | G22: 7529026738 | H22: Br. Watchman | I22: Samana Green City | J22: Patiala | K22: 8728850923 | L22: #VALUE! | M22: =_xlfn.IMAGE("https://quickchart.io/qr?size=300&text=" & _xlfn.ENCODEURL( "AWPO ID: " & B22 & CHAR(10) & "Name: " & C22 & CHAR(10) & "Father Name: " & D22 & CHAR(10) & "Designation: " & H22 & CHAR(10) & E22 & CHAR(10) & "Contact No: " & G22 & CHAR(10) & "Emergency Contact No: " & K22 & CHAR(10) & "Important no:" & CHAR(10) & "1. Ajrun kumar +91 77798 60477" & CHAR(10) & "2. Vivek Kumar Azad +91-88726 71873" )) -> #VALUE!
A23: =ROW()-2 -> 21 | B23: 11469 | C23: Jasvir Singh | D23: Ishar Singh | E23: BR. 108 | F23: ROR-RAJPURA D-Tour | G23: 8398036955 | H23: Br. Watchman | I23: Korwa khurd | J23: Ambala | K23: 8397031057 | L23: #VALUE! | M23: =_xlfn.IMAGE("https://quickchart.io/qr?size=300&text=" & _xlfn.ENCODEURL( "AWPO ID: " & B23 & CHAR(10) & "Name: " & C23 & CHAR(10) & "Father Name: " & D23 & CHAR(10) & "Designation: " & H23 & CHAR(10) & E23 & CHAR(10) & "Contact No: " & G23 & CHAR(10) & "Emergency Contact No: " & K23 & CHAR(10) & "Important no:" & CHAR(10) & "1. Ajrun kumar +91 77798 60477" & CHAR(10) & "2. Vivek Kumar Azad +91-88726 71873" )) -> #VALUE!
A24: =ROW()-2 -> 22 | B24: 13029 | C24: Dharminder Singh | D24: Hardish Singh | E24: SPN-02 | F24: B 1170/16 to C 1078/12 | G24: 9466303713 | H24: Patrolman | I24: #No 106/16 Sector C Defence colony Ambala | J24: Ambala | K24: 8307797785 | L24: #VALUE! | M24: =_xlfn.IMAGE("https://quickchart.io/qr?size=300&text=" & _xlfn.ENCODEURL( "AWPO ID: " & B24 & CHAR(10) & "Name: " & C24 & CHAR(10) & "Father Name: " & D24 & CHAR(10) & "Designation: " & H24 & CHAR(10) & E24 & CHAR(10) & "Contact No: " & G24 & CHAR(10) & "Emergency Contact No: " & K24 & CHAR(10) & "Important no:" & CHAR(10) & "1. Ajrun kumar +91 77798 60477" & CHAR(10) & "2. Vivek Kumar Azad +91-88726 71873" )) -> #VALUE! | N24: dharmabrather@gmail.com
A25: =ROW()-2 -> 23 | B25: 16593 | C25: Balkar Singh | D25: Mohinder Singh | E25: SPN-02 | F25: B 1170/16 to C 1078/12 | G25: 9896486583 | H25: Patrolman | I25: # No. 391 Sector - B Defence colony | J25: Ambala | K25: 7988521472 | L25: #VALUE! | M25: =_xlfn.IMAGE("https://quickchart.io/qr?size=300&text=" & _xlfn.ENCODEURL( "AWPO ID: " & B25 & CHAR(10) & "Name: " & C25 & CHAR(10) & "Father Name: " & D25 & CHAR(10) & "Designation: " & H25 & CHAR(10) & E25 & CHAR(10) & "Contact No: " & G25 & CHAR(10) & "Emergency Contact No: " & K25 & CHAR(10) & "Important no:" & CHAR(10) & "1. Ajrun kumar +91 77798 60477" & CHAR(10) & "2. Vivek Kumar Azad +91-88726 71873" )) -> #VALUE!
A26: =ROW()-2 -> 24 | B26: 11499 | C26: Salamundin | D26: Bachan Singh | E26: SPN-12 | F26: B 1170/9 to C 1178/4 | G26: 9417986390 | H26: Patrolman | I26: Takhtu majra PO Pabri teh Rajpura | J26: Patiala | K26: 6283739594 | L26: #VALUE! | M26: =_xlfn.IMAGE("https://quickchart.io/qr?size=300&text=" & _xlfn.ENCODEURL( "AWPO ID: " & B26 & CHAR(10) & "Name: " & C26 & CHAR(10) & "Father Name: " & D26 & CHAR(10) & "Designation: " & H26 & CHAR(10) & E26 & CHAR(10) & "Contact No: " & G26 & CHAR(10) & "Emergency Contact No: " & K26 & CHAR(10) & "Important no:" & CHAR(10) & "1. Ajrun kumar +91 77798 60477" & CHAR(10) & "2. Vivek Kumar Azad +91-88726 71873" )) -> #VALUE!
A27: =ROW()-2 -> 25 | B27: 11296 | C27: Nirbhai Singh | D27: Jit Singh | E27: SPN-12 | F27: B 1170/9 to C 1178/4 | G27: 8872359476 | H27: Patrolman | I27: VPO Madauli kalan teh Morinda | J27: Ropar | K27: 8146397718 | L27: #VALUE! | M27: =_xlfn.IMAGE("https://quickchart.io/qr?size=300&text=" & _xlfn.ENCODEURL( "AWPO ID: " & B27 & CHAR(10) & "Name: " & C27 & CHAR(10) & "Father Name: " & D27 & CHAR(10) & "Designation: " & H27 & CHAR(10) & E27 & CHAR(10) & "Contact No: " & G27 & CHAR(10) & "Emergency Contact No: " & K27 & CHAR(10) & "Important no:" & CHAR(10) & "1. Ajrun kumar +91 77798 60477" & CHAR(10) & "2. Vivek Kumar Azad +91-88726 71873" )) -> #VALUE!
A28: =ROW()-2 -> 26 | B28: 14690 | C28: Rajinder Singh | D28: Bachan Singh | E28: SPN-03 | F28: B 1078/12 to C 1186/9 | G28: 7973074232 | H28: Patrolman | I28: VPO Brass | J28: Fategarh Sahib | K28: 6393503155 | L28: #VALUE! | M28: =_xlfn.IMAGE("https://quickchart.io/qr?size=300&text=" & _xlfn.ENCODEURL( "AWPO ID: " & B28 & CHAR(10) & "Name: " & C28 & CHAR(10) & "Father Name: " & D28 & CHAR(10) & "Designation: " & H28 & CHAR(10) & E28 & CHAR(10) & "Contact No: " & G28 & CHAR(10) & "Emergency Contact No: " & K28 & CHAR(10) & "Important no:" & CHAR(10) & "1. Ajrun kumar +91 77798 60477" & CHAR(10) & "2. Vivek Kumar Azad +91-88726 71873" )) -> #VALUE! | N28: rajinder5singh78@gmail.com
A29: =ROW()-2 -> 27 | B29: 14688 | C29: Bikramjit Singh | D29: Karamjit Singh | E29: SPN-03 | F29: B 1078/12 to C 1186/9 | G29: 9478790749 | H29: Patrolman | I29: VPO Salempur PO Bras | J29: Fategarh Sahib | K29: 7717545200 | L29: #VALUE! | M29: =_xlfn.IMAGE("https://quickchart.io/qr?size=300&text=" & _xlfn.ENCODEURL( "AWPO ID: " & B29 & CHAR(10) & "Name: " & C29 & CHAR(10) & "Father Name: " & D29 & CHAR(10) & "Designation: " & H29 & CHAR(10) & E29 & CHAR(10) & "Contact No: " & G29 & CHAR(10) & "Emergency Contact No: " & K29 & CHAR(10) & "Important no:" & CHAR(10) & "1. Ajrun kumar +91 77798 60477" & CHAR(10) & "2. Vivek Kumar Azad +91-88726 71873" )) -> #VALUE!
A30: =ROW()-2 -> 28 | B30: 11500 | C30: Dharminder Singh | D30: Kashmir Singh | E30: SPN-04 | F30: B 1186/9 to C 1194/7 | G30: 9877978448 | H30: Patrolman | I30: VPO Basantpura | J30: Patiala | K30: 8360745818 | L30: #VALUE! | M30: =_xlfn.IMAGE("https://quickchart.io/qr?size=300&text=" & _xlfn.ENCODEURL( "AWPO ID: " & B30 & CHAR(10) & "Name: " & C30 & CHAR(10) & "Father Name: " & D30 & CHAR(10) & "Designation: " & H30 & CHAR(10) & E30 & CHAR(10) & "Contact No: " & G30 & CHAR(10) & "Emergency Contact No: " & K30 & CHAR(10) & "Important no:" & CHAR(10) & "1. Ajrun kumar +91 77798 60477" & CHAR(10) & "2. Vivek Kumar Azad +91-88726 71873" )) -> #VALUE!
A31: =ROW()-2 -> 29 | B31: 12899 | C31: Rakshpal Singh | D31: Baldev Singh | E31: SPN-04 | F31: B 1186/9 to C 1194/7 | G31: 7087370322 | H31: Patrolman | I31: VPO Chandrima | J31: Rajpura | K31: 9501589342 | L31: #VALUE! | M31: =_xlfn.IMAGE("https://quickchart.io/qr?size=300&text=" & _xlfn.ENCODEURL( "AWPO ID: " & B31 & CHAR(10) & "Name: " & C31 & CHAR(10) & "Father Name: " & D31 & CHAR(10) & "Designation: " & H31 & CHAR(10) & E31 & CHAR(10) & "Contact No: " & G31 & CHAR(10) & "Emergency Contact No: " & K31 & CHAR(10) & "Important no:" & CHAR(10) & "1. Ajrun kumar +91 77798 60477" & CHAR(10) & "2. Vivek Kumar Azad +91-88726 71873" )) -> #VALUE!
A32: =ROW()-2 -> 30 | B32: 14643 | C32: Amarjit Singh | D32: Nirmal Singh | E32: SPN-06 | F32: B 1202/6 to C 1210/5 | G32: 7004563174 | H32: Patrolman | I32: VPO Chintgarh | J32: Ropar | K32: 7719448905 | L32: #VALUE! | M32: =_xlfn.IMAGE("https://quickchart.io/qr?size=300&text=" & _xlfn.ENCODEURL( "AWPO ID: " & B32 & CHAR(10) & "Name: " & C32 & CHAR(10) & "Father Name: " & D32 & CHAR(10) & "Designation: " & H32 & CHAR(10) & E32 & CHAR(10) & "Contact No: " & G32 & CHAR(10) & "Emergency Contact No: " & K32 & CHAR(10) & "Important no:" & CHAR(10) & "1. Ajrun kumar +91 77798 60477" & CHAR(10) & "2. Vivek Kumar Azad +91-88726 71873" )) -> #VALUE!
A33: =ROW()-2 -> 31 | B33: 14942 | C33: Baljit Singh | D33: Jaswant Singh | E33: SPN-06 | F33: B 1202/6 to C 1210/5 | G33: 9530822519 | H33: Patrolman | I33: VPO Gopalon PO Nandpur kalouar | J33: Fategarh Sahib | K33: 8437336009 | L33: #VALUE! | M33: =_xlfn.IMAGE("https://quickchart.io/qr?size=300&text=" & _xlfn.ENCODEURL( "AWPO ID: " & B33 & CHAR(10) & "Name: " & C33 & CHAR(10) & "Father Name: " & D33 & CHAR(10) & "Designation: " & H33 & CHAR(10) & E33 & CHAR(10) & "Contact No: " & G33 & CHAR(10) & "Emergency Contact No: " & K33 & CHAR(10) & "Important no:" & CHAR(10) & "1. Ajrun kumar +91 77798 60477" & CHAR(10) & "2. Vivek Kumar Azad +91-88726 71873" )) -> #VALUE!
A34: =ROW()-2 -> 32 | B34: 16591 | C34: Santok Singh | D34: Ram asra | E34: SPN-07 | F34: B 1210/5 to C 1218/2 | G34: 9592458167 | H34: Patrolman | I34: VPO Alour PO Khanna | J34: Ludhiana | K34: 9592650998 | L34: #VALUE! | M34: =_xlfn.IMAGE("https://quickchart.io/qr?size=300&text=" & _xlfn.ENCODEURL( "AWPO ID: " & B34 & CHAR(10) & "Name: " & C34 & CHAR(10) & "Father Name: " & D34 & CHAR(10) & "Designation: " & H34 & CHAR(10) & E34 & CHAR(10) & "Contact No: " & G34 & CHAR(10) & "Emergency Contact No: " & K34 & CHAR(10) & "Important no:" & CHAR(10) & "1. Ajrun kumar +91 77798 60477" & CHAR(10) & "2. Vivek Kumar Azad +91-88726 71873" )) -> #VALUE!
A35: =ROW()-2 -> 33 | B35: 17035 | C35: Gurjant Singh | D35: Dalwara Singh | E35: SPN-07 | F35: B 1210/5 to C 1218/2 | G35: 8283848434 | H35: Patrolman | I35: VPO Kotla ajner | J35: Fategarh Sahib | K35: 8827204394 | L35: #VALUE! | M35: =_xlfn.IMAGE("https://quickchart.io/qr?size=300&text=" & _xlfn.ENCODEURL( "AWPO ID: " & B35 & CHAR(10) & "Name: " & C35 & CHAR(10) & "Father Name: " & D35 & CHAR(10) & "Designation: " & H35 & CHAR(10) & E35 & CHAR(10) & "Contact No: " & G35 & CHAR(10) & "Emergency Contact No: " & K35 & CHAR(10) & "Important no:" & CHAR(10) & "1. Ajrun kumar +91 77798 60477" & CHAR(10) & "2. Vivek Kumar Azad +91-88726 71873" )) -> #VALUE! | N35: singhurjant4730@gmail.com (25)
A36: =ROW()-2 -> 34 | B36: 12202 | C36: Gurjit Singh | D36: Dalbara Singh | E36: SPN-08 | F36: B 1218/2 to C 1226/1 | G36: 8360358775 | H36: Patrolman | I36: VPO Kotla ajner teh Khamano | J36: Fategarh Sahib | K36: 9501179177 | L36: #VALUE! | M36: =_xlfn.IMAGE("https://quickchart.io/qr?size=300&text=" & _xlfn.ENCODEURL( "AWPO ID: " & B36 & CHAR(10) & "Name: " & C36 & CHAR(10) & "Father Name: " & D36 & CHAR(10) & "Designation: " & H36 & CHAR(10) & E36 & CHAR(10) & "Contact No: " & G36 & CHAR(10) & "Emergency Contact No: " & K36 & CHAR(10) & "Important no:" & CHAR(10) & "1. Ajrun kumar +91 77798 60477" & CHAR(10) & "2. Vivek Kumar Azad +91-88726 71873" )) -> #VALUE! | N36: navjotkuer66@gmail.com
A37: =ROW()-2 -> 35 | B37: 11250 | C37: Gurpreet Singh | D37: Gurcharan Singh | E37: SPN-08 | F37: B 1218/2 to C 1226/1 | G37: 8847400008 | H37: Patrolman | I37: VPO Kotla bhari | J37: Ludhiana | K37: 9779635105 | L37: #VALUE! | M37: =_xlfn.IMAGE("https://quickchart.io/qr?size=300&text=" & _xlfn.ENCODEURL( "AWPO ID: " & B37 & CHAR(10) & "Name: " & C37 & CHAR(10) & "Father Name: " & D37 & CHAR(10) & "Designation: " & H37 & CHAR(10) & E37 & CHAR(10) & "Contact No: " & G37 & CHAR(10) & "Emergency Contact No: " & K37 & CHAR(10) & "Important no:" & CHAR(10) & "1. Ajrun kumar +91 77798 60477" & CHAR(10) & "2. Vivek Kumar Azad +91-88726 71873" )) -> #VALUE!
A38: =ROW()-2 -> 36 | B38: 14803 | C38: Tarsem Singh | D38: Labh Singh | E38: SPN-09 | F38: B 1226/1 to C 1233/16 | G38: 8427122355 | H38: Patrolman | I38: VPO Mohan pur Teh Khanna | J38: Ludhiana | K38: 7986305303 | L38: #VALUE! | M38: =_xlfn.IMAGE("https://quickchart.io/qr?size=300&text=" & _xlfn.ENCODEURL( "AWPO ID: " & B38 & CHAR(10) & "Name: " & C38 & CHAR(10) & "Father Name: " & D38 & CHAR(10) & "Designation: " & H38 & CHAR(10) & E38 & CHAR(10) & "Contact No: " & G38 & CHAR(10) & "Emergency Contact No: " & K38 & CHAR(10) & "Important no:" & CHAR(10) & "1. Ajrun kumar +91 77798 60477" & CHAR(10) & "2. Vivek Kumar Azad +91-88726 71873" )) -> #VALUE!
A39: =ROW()-2 -> 37 | B39: 11253 | C39: Harjinder Singh | D39: jeet Singh | E39: SPN-09 | F39: B 1226/1 to C 1233/16 | G39: 9463843762 | H39: Patrolman | I39: VPO Beer bhamarse | J39: Fategarh Sahib | K39: 7347218366 | L39: #VALUE! | M39: =_xlfn.IMAGE("https://quickchart.io/qr?size=300&text=" & _xlfn.ENCODEURL( "AWPO ID: " & B39 & CHAR(10) & "Name: " & C39 & CHAR(10) & "Father Name: " & D39 & CHAR(10) & "Designation: " & H39 & CHAR(10) & E39 & CHAR(10) & "Contact No: " & G39 & CHAR(10) & "Emergency Contact No: " & K39 & CHAR(10) & "Important no:" & CHAR(10) & "1. Ajrun kumar +91 77798 60477" & CHAR(10) & "2. Vivek Kumar Azad +91-88726 71873" )) -> #VALUE!
A40: =ROW()-2 -> 38 | B40: 16592 | C40: Sukhwinder Singh | D40: Ajaib Singh | E40: SPN-10 | F40: B 1233/16 to C 1241/15 | G40: 7973475062 | H40: Patrolman | I40: VPO Kalalmajra teh Samrala | J40: Ludhiana | K40: 8427203239 | L40: #VALUE! | M40: =_xlfn.IMAGE("https://quickchart.io/qr?size=300&text=" & _xlfn.ENCODEURL( "AWPO ID: " & B40 & CHAR(10) & "Name: " & C40 & CHAR(10) & "Father Name: " & D40 & CHAR(10) & "Designation: " & H40 & CHAR(10) & E40 & CHAR(10) & "Contact No: " & G40 & CHAR(10) & "Emergency Contact No: " & K40 & CHAR(10) & "Important no:" & CHAR(10) & "1. Ajrun kumar +91 77798 60477" & CHAR(10) & "2. Vivek Kumar Azad +91-88726 71873" )) -> #VALUE!
A41: =ROW()-2 -> 39 | B41: 12771 | C41: Yadvinder Singh | D41: Dev Singh | E41: SPN-10 | F41: B 1233/16 to C 1241/15 | G41: 9501572141 | H41: Patrolman | I41: VPO Rajewal teh khanna | J41: Ludhiana | K41: 98773-82674 | L41: #VALUE! | M41: =_xlfn.IMAGE("https://quickchart.io/qr?size=300&text=" & _xlfn.ENCODEURL( "AWPO ID: " & B41 & CHAR(10) & "Name: " & C41 & CHAR(10) & "Father Name: " & D41 & CHAR(10) & "Designation: " & H41 & CHAR(10) & E41 & CHAR(10) & "Contact No: " & G41 & CHAR(10) & "Emergency Contact No: " & K41 & CHAR(10) & "Important no:" & CHAR(10) & "1. Ajrun kumar +91 77798 60477" & CHAR(10) & "2. Vivek Kumar Azad +91-88726 71873" )) -> #VALUE!
A42: =ROW()-2 -> 40 | B42: 14794 | C42: Jagroop Singh | D42: Raghhvir Singh | E42: SPN-11 | F42: B 1241/15 to C 1249/15 | G42: 8146492292 | H42: Patrolman | I42: VPO Kot gangu rai | J42: Ludhiana | K42: 9115923335 | L42: #VALUE! | M42: =_xlfn.IMAGE("https://quickchart.io/qr?size=300&text=" & _xlfn.ENCODEURL( "AWPO ID: " & B42 & CHAR(10) & "Name: " & C42 & CHAR(10) & "Father Name: " & D42 & CHAR(10) & "Designation: " & H42 & CHAR(10) & E42 & CHAR(10) & "Contact No: " & G42 & CHAR(10) & "Emergency Contact No: " & K42 & CHAR(10) & "Important no:" & CHAR(10) & "1. Ajrun kumar +91 77798 60477" & CHAR(10) & "2. Vivek Kumar Azad +91-88726 71873" )) -> #VALUE! | N42: ruppi.kot@gmail.com
A43: =ROW()-2 -> 41 | B43: 16595 | C43: Harpreet Singh | D43: Daljit Singh | E43: SPN -11 | F43: B 1241/15 to C 1249/15 | G43: 8847593020 | H43: Patrolman | I43: VPO Uppal | J43: Ludhiana | K43: 8847593020 | L43: #VALUE! | M43: =_xlfn.IMAGE("https://quickchart.io/qr?size=300&text=" & _xlfn.ENCODEURL( "AWPO ID: " & B43 & CHAR(10) & "Name: " & C43 & CHAR(10) & "Father Name: " & D43 & CHAR(10) & "Designation: " & H43 & CHAR(10) & E43 & CHAR(10) & "Contact No: " & G43 & CHAR(10) & "Emergency Contact No: " & K43 & CHAR(10) & "Important no:" & CHAR(10) & "1. Ajrun kumar +91 77798 60477" & CHAR(10) & "2. Vivek Kumar Azad +91-88726 71873" )) -> #VALUE!
A44: =ROW()-2 -> 42 | B44: 11272 | C44: Surjeet Singh | D44: Harkesh Singh | E44: SPD-03 | F44: B 1241/15 to C 1249/15 | G44: 9501277242 | H44: Patrolman | I44: VPO Lochma Tehsil Rajpura | J44: Patiala | K44: 6284181194 | L44: #VALUE! | M44: =_xlfn.IMAGE("https://quickchart.io/qr?size=300&text=" & _xlfn.ENCODEURL( "AWPO ID: " & B44 & CHAR(10) & "Name: " & C44 & CHAR(10) & "Father Name: " & D44 & CHAR(10) & "Designation: " & H44 & CHAR(10) & E44 & CHAR(10) & "Contact No: " & G44 & CHAR(10) & "Emergency Contact No: " & K44 & CHAR(10) & "Important no:" & CHAR(10) & "1. Ajrun kumar +91 77798 60477" & CHAR(10) & "2. Vivek Kumar Azad +91-88726 71873" )) -> #VALUE! | N44: surjeetlocham@gmail.com
A45: =ROW()-2 -> 43 | B45: 15598 | C45: Baljinder Singh | D45: Balvir Singh | E45: SPD-05 | F45: B 1194/7 to C 1202/6 | G45: 7460849679 | H45: Patrolman | I45: Jassrian city Sirhind | J45: Fategarh Sahib | K45: 9501335301 | L45: #VALUE! | M45: =_xlfn.IMAGE("https://quickchart.io/qr?size=300&text=" & _xlfn.ENCODEURL( "AWPO ID: " & B45 & CHAR(10) & "Name: " & C45 & CHAR(10) & "Father Name: " & D45 & CHAR(10) & "Designation: " & H45 & CHAR(10) & E45 & CHAR(10) & "Contact No: " & G45 & CHAR(10) & "Emergency Contact No: " & K45 & CHAR(10) & "Important no:" & CHAR(10) & "1. Ajrun kumar +91 77798 60477" & CHAR(10) & "2. Vivek Kumar Azad +91-88726 71873" )) -> #VALUE!
A46: =ROW()-2 -> 44 | B46: 14570 | C46: Gurdeep Singh | D46: Amarjit Singh | E46: SPD-02 | F46: B 1170/16 to C 1078/12 | G46: 9876588667 | H46: Patrolman | I46: VPO Sarala kalan | J46: Patiala | K46: 9592285096 | L46: #VALUE! | M46: =_xlfn.IMAGE("https://quickchart.io/qr?size=300&text=" & _xlfn.ENCODEURL( "AWPO ID: " & B46 & CHAR(10) & "Name: " & C46 & CHAR(10) & "Father Name: " & D46 & CHAR(10) & "Designation: " & H46 & CHAR(10) & E46 & CHAR(10) & "Contact No: " & G46 & CHAR(10) & "Emergency Contact No: " & K46 & CHAR(10) & "Important no:" & CHAR(10) & "1. Ajrun kumar +91 77798 60477" & CHAR(10) & "2. Vivek Kumar Azad +91-88726 71873" )) -> #VALUE!
A47: =ROW()-2 -> 45 | B47: 16201 | C47: Chamkor Singh | D47: Karnail Singh | E47: SPD-07 | F47: B 1210/5 to C 1218/2 | G47: 7986000467 | H47: Patrolman | I47: VPO Bhadal thuha | J47: Fategarh Sahib | K47: 8054080504 | L47: #VALUE! | M47: =_xlfn.IMAGE("https://quickchart.io/qr?size=300&text=" & _xlfn.ENCODEURL( "AWPO ID: " & B47 & CHAR(10) & "Name: " & C47 & CHAR(10) & "Father Name: " & D47 & CHAR(10) & "Designation: " & H47 & CHAR(10) & E47 & CHAR(10) & "Contact No: " & G47 & CHAR(10) & "Emergency Contact No: " & K47 & CHAR(10) & "Important no:" & CHAR(10) & "1. Ajrun kumar +91 77798 60477" & CHAR(10) & "2. Vivek Kumar Azad +91-88726 71873" )) -> #VALUE!
A48: =ROW()-2 -> 46 | B48: 11272 | C48: Sukhchain Singh | D48: Lakhvir Singh | E48: SPD-08 | F48: B 1218/2 to C 1226/1 | G48: 8054012678 | H48: Patrolman | I48: VPO Amloh | J48: Fategarh Sahib | K48: 9667217490 | L48: #VALUE! | M48: =_xlfn.IMAGE("https://quickchart.io/qr?size=300&text=" & _xlfn.ENCODEURL( "AWPO ID: " & B48 & CHAR(10) & "Name: " & C48 & CHAR(10) & "Father Name: " & D48 & CHAR(10) & "Designation: " & H48 & CHAR(10) & E48 & CHAR(10) & "Contact No: " & G48 & CHAR(10) & "Emergency Contact No: " & K48 & CHAR(10) & "Important no:" & CHAR(10) & "1. Ajrun kumar +91 77798 60477" & CHAR(10) & "2. Vivek Kumar Azad +91-88726 71873" )) -> #VALUE! | N48: kn697095@gmail.com
A49: =ROW()-2 -> 47 | B49: 16608 | C49: Harwinder Singh | D49: Lal Singh | E49: SPD-09 | F49: B 1226/1 to C 1233/16 | G49: 8429171981 | H49: Patrolman | I49: VPO Nurpura teh Amloh | J49: Fategarh Sahib | K49: 8146825983 | L49: #VALUE! | M49: =_xlfn.IMAGE("https://quickchart.io/qr?size=300&text=" & _xlfn.ENCODEURL( "AWPO ID: " & B49 & CHAR(10) & "Name: " & C49 & CHAR(10) & "Father Name: " & D49 & CHAR(10) & "Designation: " & H49 & CHAR(10) & E49 & CHAR(10) & "Contact No: " & G49 & CHAR(10) & "Emergency Contact No: " & K49 & CHAR(10) & "Important no:" & CHAR(10) & "1. Ajrun kumar +91 77798 60477" & CHAR(10) & "2. Vivek Kumar Azad +91-88726 71873" )) -> #VALUE!
A50: =ROW()-2 -> 48 | B50: 14678 | C50: Amritpal Singh | D50: Kapur Singh | E50: SPD-10 | F50: B 1233/16 to C 1241/15 | G50: 8812006561 | H50: Patrolman | I50: VPO majri teh Payal | J50: Ludhiana | K50: 8812006561 | L50: #VALUE! | M50: =_xlfn.IMAGE("https://quickchart.io/qr?size=300&text=" & _xlfn.ENCODEURL( "AWPO ID: " & B50 & CHAR(10) & "Name: " & C50 & CHAR(10) & "Father Name: " & D50 & CHAR(10) & "Designation: " & H50 & CHAR(10) & E50 & CHAR(10) & "Contact No: " & G50 & CHAR(10) & "Emergency Contact No: " & K50 & CHAR(10) & "Important no:" & CHAR(10) & "1. Ajrun kumar +91 77798 60477" & CHAR(10) & "2. Vivek Kumar Azad +91-88726 71873" )) -> #VALUE!
A51: =ROW()-2 -> 49 | B51: 11272 | C51: Baljeet Singh | D51: Ramji lal | E51: SPD-11 | F51: B 1241/15 to C 1249/15 | G51: 8427463892 | H51: Patrolman | I51: VPO Gangu rai | J51: Ludhiana | K51: 8264822810 | L51: #VALUE! | M51: =_xlfn.IMAGE("https://quickchart.io/qr?size=300&text=" & _xlfn.ENCODEURL( "AWPO ID: " & B51 & CHAR(10) & "Name: " & C51 & CHAR(10) & "Father Name: " & D51 & CHAR(10) & "Designation: " & H51 & CHAR(10) & E51 & CHAR(10) & "Contact No: " & G51 & CHAR(10) & "Emergency Contact No: " & K51 & CHAR(10) & "Important no:" & CHAR(10) & "1. Ajrun kumar +91 77798 60477" & CHAR(10) & "2. Vivek Kumar Azad +91-88726 71873" )) -> #VALUE! | N51: gs4097851@gmail.com
A52: =ROW()-2 -> 50 | B52: 16869 | C52: Ravinder Singh | D52: Ishar Singh | E52: SPD-04 | F52: B 1186/9 to C 1194/7 | G52: 9463088814 | H52: Patrolman | I52: VPO Badhouchhi kalan | J52: Fategarh Sahib | K52: 9653325149 | L52: #VALUE! | M52: =_xlfn.IMAGE("https://quickchart.io/qr?size=300&text=" & _xlfn.ENCODEURL( "AWPO ID: " & B52 & CHAR(10) & "Name: " & C52 & CHAR(10) & "Father Name: " & D52 & CHAR(10) & "Designation: " & H52 & CHAR(10) & E52 & CHAR(10) & "Contact No: " & G52 & CHAR(10) & "Emergency Contact No: " & K52 & CHAR(10) & "Important no:" & CHAR(10) & "1. Ajrun kumar +91 77798 60477" & CHAR(10) & "2. Vivek Kumar Azad +91-88726 71873" )) -> #VALUE!
A53: =ROW()-2 -> 51 | C53: Bhupinder Singh | D53: Bikkar Singh | E53: RG | G53: 7589001321 | H53: Patrolman | I53: Near Gurdwara Sahib Ramgarh | J53: Ludhiana | K53: 9877386466 | L53: #VALUE! | M53: =_xlfn.IMAGE("https://quickchart.io/qr?size=300&text=" & _xlfn.ENCODEURL( "AWPO ID: " & B53 & CHAR(10) & "Name: " & C53 & CHAR(10) & "Father Name: " & D53 & CHAR(10) & "Designation: " & H53 & CHAR(10) & E53 & CHAR(10) & "Contact No: " & G53 & CHAR(10) & "Emergency Contact No: " & K53 & CHAR(10) & "Important no:" & CHAR(10) & "1. Ajrun kumar +91 77798 60477" & CHAR(10) & "2. Vivek Kumar Azad +91-88726 71873" )) -> #VALUE!
A54: =ROW()-2 -> 52 | B54: 52595 | C54: Balwinder Singh | D54: Gurdas Singh | E54: - | F54: LC-167 | G54: 9876137716 | H54: Gate man | I54: VPO lalouri , PO kalan | J54: Ludhiana | K54: 9872341355 | L54: #VALUE! | M54: =_xlfn.IMAGE("https://quickchart.io/qr?size=300&text=" & _xlfn.ENCODEURL( "AWPO ID: " & B54 & CHAR(10) & "Name: " & C54 & CHAR(10) & "Father Name: " & D54 & CHAR(10) & "Designation: " & H54 & CHAR(10) & E54 & CHAR(10) & "Contact No: " & G54 & CHAR(10) & "Emergency Contact No: " & K54 & CHAR(10) & "Important no:" & CHAR(10) & "1. Ajrun kumar +91 77798 60477" & CHAR(10) & "2. Vivek Kumar Azad +91-88726 71873" )) -> #VALUE!
A55: =ROW()-2 -> 53 | B55: 49321 | C55: Harjinder Singh | D55: Dalbara Singh | E55: - | F55: LC-167 | G55: 7087715560 | H55: Gate man | I55: VPO Silhala , PO Silhala | J55: Ludhiana | K55: 9876879224 | L55: #VALUE! | M55: =_xlfn.IMAGE("https://quickchart.io/qr?size=300&text=" & _xlfn.ENCODEURL( "AWPO ID: " & B55 & CHAR(10) & "Name: " & C55 & CHAR(10) & "Father Name: " & D55 & CHAR(10) & "Designation: " & H55 & CHAR(10) & E55 & CHAR(10) & "Contact No: " & G55 & CHAR(10) & "Emergency Contact No: " & K55 & CHAR(10) & "Important no:" & CHAR(10) & "1. Ajrun kumar +91 77798 60477" & CHAR(10) & "2. Vivek Kumar Azad +91-88726 71873" )) -> #VALUE!
A56: =ROW()-2 -> 54 | B56: 49321 | C56: Jagjit Singh | D56: Dia Singh | E56: - | F56: LC-167 | G56: 9876436939 | H56: Gate man | I56: VPO Sangatpura , Malmajra Teh Samrala | J56: Ludhiana | K56: 8847650107 | L56: #VALUE! | M56: =_xlfn.IMAGE("https://quickchart.io/qr?size=300&text=" & _xlfn.ENCODEURL( "AWPO ID: " & B56 & CHAR(10) & "Name: " & C56 & CHAR(10) & "Father Name: " & D56 & CHAR(10) & "Designation: " & H56 & CHAR(10) & E56 & CHAR(10) & "Contact No: " & G56 & CHAR(10) & "Emergency Contact No: " & K56 & CHAR(10) & "Important no:" & CHAR(10) & "1. Ajrun kumar +91 77798 60477" & CHAR(10) & "2. Vivek Kumar Azad +91-88726 71873" )) -> #VALUE!
A57: =ROW()-2 -> 55 | B57: 49680 | C57: Harpreet Singh | D57: Joga Singh | E57: - | F57: LC-167 | G57: 9876578202 | H57: Gate man | I57: VPO galwadhi | J57: Ludhiana | K57: 6280205954 | L57: #VALUE! | M57: =_xlfn.IMAGE("https://quickchart.io/qr?size=300&text=" & _xlfn.ENCODEURL( "AWPO ID: " & B57 & CHAR(10) & "Name: " & C57 & CHAR(10) & "Father Name: " & D57 & CHAR(10) & "Designation: " & H57 & CHAR(10) & E57 & CHAR(10) & "Contact No: " & G57 & CHAR(10) & "Emergency Contact No: " & K57 & CHAR(10) & "Important no:" & CHAR(10) & "1. Ajrun kumar +91 77798 60477" & CHAR(10) & "2. Vivek Kumar Azad +91-88726 71873" )) -> #VALUE!
A58: =ROW()-2 -> 56 | B58: 48579 | C58: Santok Singh | D58: Gurdev Singh | E58: - | F58: RG LC-151 & 159 | G58: 9478553153 | H58: Gate man | I58: VPO Sihaura | J58: Ludhiana | K58: 8437579168 | L58: #VALUE! | M58: =_xlfn.IMAGE("https://quickchart.io/qr?size=300&text=" & _xlfn.ENCODEURL( "AWPO ID: " & B58 & CHAR(10) & "Name: " & C58 & CHAR(10) & "Father Name: " & D58 & CHAR(10) & "Designation: " & H58 & CHAR(10) & E58 & CHAR(10) & "Contact No: " & G58 & CHAR(10) & "Emergency Contact No: " & K58 & CHAR(10) & "Important no:" & CHAR(10) & "1. Ajrun kumar +91 77798 60477" & CHAR(10) & "2. Vivek Kumar Azad +91-88726 71873" )) -> #VALUE! | N58: Santokh1588503@gmail.com
A59: =ROW()-2 -> 57 | B59: 46538 | C59: Pal Singh | D59: Hans Singh | E59: - | F59: LC-159 | G59: 8360635600 | H59: Gate man | I59: VPO Dandrala , Kharaur | J59: Patiala | K59: 7589322742 | L59: #VALUE! | M59: =_xlfn.IMAGE("https://quickchart.io/qr?size=300&text=" & _xlfn.ENCODEURL( "AWPO ID: " & B59 & CHAR(10) & "Name: " & C59 & CHAR(10) & "Father Name: " & D59 & CHAR(10) & "Designation: " & H59 & CHAR(10) & E59 & CHAR(10) & "Contact No: " & G59 & CHAR(10) & "Emergency Contact No: " & K59 & CHAR(10) & "Important no:" & CHAR(10) & "1. Ajrun kumar +91 77798 60477" & CHAR(10) & "2. Vivek Kumar Azad +91-88726 71873" )) -> #VALUE!
A60: =ROW()-2 -> 58 | B60: 46548 | C60: Gurtej Singh | D60: Dalip Singh | E60: - | F60: LC-159 | G60: 9463991641 | H60: Gate man | I60: Jandali , Nizampur | J60: Ludhiana | K60: 9877450208 | L60: #VALUE! | M60: =_xlfn.IMAGE("https://quickchart.io/qr?size=300&text=" & _xlfn.ENCODEURL( "AWPO ID: " & B60 & CHAR(10) & "Name: " & C60 & CHAR(10) & "Father Name: " & D60 & CHAR(10) & "Designation: " & H60 & CHAR(10) & E60 & CHAR(10) & "Contact No: " & G60 & CHAR(10) & "Emergency Contact No: " & K60 & CHAR(10) & "Important no:" & CHAR(10) & "1. Ajrun kumar +91 77798 60477" & CHAR(10) & "2. Vivek Kumar Azad +91-88726 71873" )) -> #VALUE! | N60: Gurtej195@gmail.com
A61: =ROW()-2 -> 59 | C61: Sarabjit Singh | D61: Parkash Singh | E61: - | F61: LC-159 | G61: 8837811486 | H61: Gate man | I61: VPO Dhamot | J61: Ludhiana | K61: 8198007145 | L61: #VALUE! | M61: =_xlfn.IMAGE("https://quickchart.io/qr?size=300&text=" & _xlfn.ENCODEURL( "AWPO ID: " & B61 & CHAR(10) & "Name: " & C61 & CHAR(10) & "Father Name: " & D61 & CHAR(10) & "Designation: " & H61 & CHAR(10) & E61 & CHAR(10) & "Contact No: " & G61 & CHAR(10) & "Emergency Contact No: " & K61 & CHAR(10) & "Important no:" & CHAR(10) & "1. Ajrun kumar +91 77798 60477" & CHAR(10) & "2. Vivek Kumar Azad +91-88726 71873" )) -> #VALUE!
A62: =ROW()-2 -> 60 | B62: 46524 | C62: Gurpreet Singh | D62: Baldev Singh | E62: - | F62: LC-164 | G62: 9463355013 | H62: Gate man | I62: House No 153, Ward No. 8 tiwana bee farm back side Doraha | J62: Ludhiana | K62: 8727935099 | L62: #VALUE! | M62: =_xlfn.IMAGE("https://quickchart.io/qr?size=300&text=" & _xlfn.ENCODEURL( "AWPO ID: " & B62 & CHAR(10) & "Name: " & C62 & CHAR(10) & "Father Name: " & D62 & CHAR(10) & "Designation: " & H62 & CHAR(10) & E62 & CHAR(10) & "Contact No: " & G62 & CHAR(10) & "Emergency Contact No: " & K62 & CHAR(10) & "Important no:" & CHAR(10) & "1. Ajrun kumar +91 77798 60477" & CHAR(10) & "2. Vivek Kumar Azad +91-88726 71873" )) -> #VALUE! | N62: www.151976gurpreert@.com
A63: =ROW()-2 -> 61 | B63: 46523 | C63: Jaswinder Singh | D63: Kesar Singh | E63: - | F63: LC-164 | G63: 8728016142 | H63: Gate man | I63: VPO Cheema , Ludhiana | J63: Ludhiana | K63: 8728016142 | L63: #VALUE! | M63: =_xlfn.IMAGE("https://quickchart.io/qr?size=300&text=" & _xlfn.ENCODEURL( "AWPO ID: " & B63 & CHAR(10) & "Name: " & C63 & CHAR(10) & "Father Name: " & D63 & CHAR(10) & "Designation: " & H63 & CHAR(10) & E63 & CHAR(10) & "Contact No: " & G63 & CHAR(10) & "Emergency Contact No: " & K63 & CHAR(10) & "Important no:" & CHAR(10) & "1. Ajrun kumar +91 77798 60477" & CHAR(10) & "2. Vivek Kumar Azad +91-88726 71873" )) -> #VALUE!
A64: =ROW()-2 -> 62 | B64: 47207 | C64: Jagtar Nath | D64: Gian Nath | E64: - | F64: LC-164 | G64: 9518133849 | H64: Gate man | I64: VPO Mehdudan | J64: Ludhiana | K64: 9781954366 | L64: #VALUE! | M64: =_xlfn.IMAGE("https://quickchart.io/qr?size=300&text=" & _xlfn.ENCODEURL( "AWPO ID: " & B64 & CHAR(10) & "Name: " & C64 & CHAR(10) & "Father Name: " & D64 & CHAR(10) & "Designation: " & H64 & CHAR(10) & E64 & CHAR(10) & "Contact No: " & G64 & CHAR(10) & "Emergency Contact No: " & K64 & CHAR(10) & "Important no:" & CHAR(10) & "1. Ajrun kumar +91 77798 60477" & CHAR(10) & "2. Vivek Kumar Azad +91-88726 71873" )) -> #VALUE!
A65: =ROW()-2 -> 63 | B65: 46482 | C65: Beant Singh | D65: Amar Singh | E65: - | F65: RG LC-163 & 164 | G65: 6005502719 | H65: Gate man | I65: VPO Bagli Kalan | J65: Ludhiana | K65: 8847337842 | L65: #VALUE! | M65: =_xlfn.IMAGE("https://quickchart.io/qr?size=300&text=" & _xlfn.ENCODEURL( "AWPO ID: " & B65 & CHAR(10) & "Name: " & C65 & CHAR(10) & "Father Name: " & D65 & CHAR(10) & "Designation: " & H65 & CHAR(10) & E65 & CHAR(10) & "Contact No: " & G65 & CHAR(10) & "Emergency Contact No: " & K65 & CHAR(10) & "Important no:" & CHAR(10) & "1. Ajrun kumar +91 77798 60477" & CHAR(10) & "2. Vivek Kumar Azad +91-88726 71873" )) -> #VALUE!
A66: =ROW()-2 -> 64 | B66: 47041 | C66: Satish Kumar | D66: Raghvir Singh | E66: - | F66: LC-163 | G66: 836 048 0543 | H66: Gate man | I66: House No. 139 , Lalhern Road,Ward No. 4 Azad Nagar Khanna | J66: Ludhiana | K66: 97807 66521 | L66: #VALUE! | M66: =_xlfn.IMAGE("https://quickchart.io/qr?size=300&text=" & _xlfn.ENCODEURL( "AWPO ID: " & B66 & CHAR(10) & "Name: " & C66 & CHAR(10) & "Father Name: " & D66 & CHAR(10) & "Designation: " & H66 & CHAR(10) & E66 & CHAR(10) & "Contact No: " & G66 & CHAR(10) & "Emergency Contact No: " & K66 & CHAR(10) & "Important no:" & CHAR(10) & "1. Ajrun kumar +91 77798 60477" & CHAR(10) & "2. Vivek Kumar Azad +91-88726 71873" )) -> #VALUE! | N66: skshara213955@gmail.com
A67: =ROW()-2 -> 65 | B67: 47113 | C67: Lakhmir Singh | D67: Dev Singh | E67: - | F67: LC-163 | H67: Gate man | M67: =_xlfn.IMAGE("https://quickchart.io/qr?size=300&text=" & _xlfn.ENCODEURL( "AWPO ID: " & B67 & CHAR(10) & "Name: " & C67 & CHAR(10) & "Father Name: " & D67 & CHAR(10) & "Designation: " & H67 & CHAR(10) & E67 & CHAR(10) & "Contact No: " & G67 & CHAR(10) & "Emergency Contact No: " & K67 & CHAR(10) & "Important no:" & CHAR(10) & "1. Ajrun kumar +91 77798 60477" & CHAR(10) & "2. Vivek Kumar Azad +91-88726 71873" )) -> #VALUE!
A68: =ROW()-2 -> 66 | B68: 48886 | C68: Jasvir Singh | D68: Sant Singh | E68: - | F68: LC-163 | G68: 7986604268 | H68: Gate man | I68: VPO Smrala Kakrala kalan | J68: Ludhiana | K68: 7901904268 | L68: #VALUE! | M68: =_xlfn.IMAGE("https://quickchart.io/qr?size=300&text=" & _xlfn.ENCODEURL( "AWPO ID: " & B68 & CHAR(10) & "Name: " & C68 & CHAR(10) & "Father Name: " & D68 & CHAR(10) & "Designation: " & H68 & CHAR(10) & E68 & CHAR(10) & "Contact No: " & G68 & CHAR(10) & "Emergency Contact No: " & K68 & CHAR(10) & "Important no:" & CHAR(10) & "1. Ajrun kumar +91 77798 60477" & CHAR(10) & "2. Vivek Kumar Azad +91-88726 71873" )) -> #VALUE! | N68: jasvirsingh.singh81@gmail.com
A69: =ROW()-2 -> 67 | B69: 46537 | C69: Kuldeep Singh | D69: Mahindra Singh | E69: - | F69: LC-151 | G69: 9855456784 | H69: Gate man | K69: 9855456784 | L69: #VALUE! | M69: =_xlfn.IMAGE("https://quickchart.io/qr?size=300&text=" & _xlfn.ENCODEURL( "AWPO ID: " & B69 & CHAR(10) & "Name: " & C69 & CHAR(10) & "Father Name: " & D69 & CHAR(10) & "Designation: " & H69 & CHAR(10) & E69 & CHAR(10) & "Contact No: " & G69 & CHAR(10) & "Emergency Contact No: " & K69 & CHAR(10) & "Important no:" & CHAR(10) & "1. Ajrun kumar +91 77798 60477" & CHAR(10) & "2. Vivek Kumar Azad +91-88726 71873" )) -> #VALUE!
A70: =ROW()-2 -> 68 | B70: 46536 | C70: Rakha Singh | D70: Buta Singh | E70: - | F70: LC-151 | G70: 9815460386 | H70: Gate man | I70: VPO Jalajan | J70: Ludhiana | K70: 9815460386 | L70: #VALUE! | M70: =_xlfn.IMAGE("https://quickchart.io/qr?size=300&text=" & _xlfn.ENCODEURL( "AWPO ID: " & B70 & CHAR(10) & "Name: " & C70 & CHAR(10) & "Father Name: " & D70 & CHAR(10) & "Designation: " & H70 & CHAR(10) & E70 & CHAR(10) & "Contact No: " & G70 & CHAR(10) & "Emergency Contact No: " & K70 & CHAR(10) & "Important no:" & CHAR(10) & "1. Ajrun kumar +91 77798 60477" & CHAR(10) & "2. Vivek Kumar Azad +91-88726 71873" )) -> #VALUE!
A71: =ROW()-2 -> 69 | B71: 49354 | C71: Bhupinder Singh | D71: Bhagwant Singh | E71: - | F71: LC-151 | G71: 8437892721 | H71: Gate man | I71: VPO Bhamaddi Teh Khanna | J71: Ludhiana | K71: 8872845380 | L71: #VALUE! | M71: =_xlfn.IMAGE("https://quickchart.io/qr?size=300&text=" & _xlfn.ENCODEURL( "AWPO ID: " & B71 & CHAR(10) & "Name: " & C71 & CHAR(10) & "Father Name: " & D71 & CHAR(10) & "Designation: " & H71 & CHAR(10) & E71 & CHAR(10) & "Contact No: " & G71 & CHAR(10) & "Emergency Contact No: " & K71 & CHAR(10) & "Important no:" & CHAR(10) & "1. Ajrun kumar +91 77798 60477" & CHAR(10) & "2. Vivek Kumar Azad +91-88726 71873" )) -> #VALUE!
A72: =ROW()-2 -> 70 | B72: 101518 | C72: Vivek Kumar Azad | D72: Lt. Raj Kumar | L72: #VALUE! | M72: =_xlfn.IMAGE("https://quickchart.io/qr?size=300&text=" & _xlfn.ENCODEURL( "AWPO ID: " & B72 & CHAR(10) & "Name: " & C72 & CHAR(10) & "Father Name: " & D72 & CHAR(10) & "Designation: " & H72 & CHAR(10) & E72 & CHAR(10) & "Contact No: " & G72 & CHAR(10) & "Emergency Contact No: " & K72 & CHAR(10) & "Important no:" & CHAR(10) & "1. Ajrun kumar +91 77798 60477" & CHAR(10) & "2. Vivek Kumar Azad +91-88726 71873" )) -> #VALUE!
A73: =ROW()-2 -> 71 | L73: #VALUE! | M73: =_xlfn.IMAGE("https://quickchart.io/qr?size=300&text=" & _xlfn.ENCODEURL( "AWPO ID: " & B73 & CHAR(10) & "Name: " & C73 & CHAR(10) & "Father Name: " & D73 & CHAR(10) & "Designation: " & H73 & CHAR(10) & E73 & CHAR(10) & "Contact No: " & G73 & CHAR(10) & "Emergency Contact No: " & K73 & CHAR(10) & "Important no:" & CHAR(10) & "1. Ajrun kumar +91 77798 60477" & CHAR(10) & "2. Vivek Kumar Azad +91-88726 71873" )) -> #VALUE!
A74: =ROW()-2 -> 72 | L74: #VALUE! | M74: =_xlfn.IMAGE("https://quickchart.io/qr?size=300&text=" & _xlfn.ENCODEURL( "AWPO ID: " & B74 & CHAR(10) & "Name: " & C74 & CHAR(10) & "Father Name: " & D74 & CHAR(10) & "Designation: " & H74 & CHAR(10) & E74 & CHAR(10) & "Contact No: " & G74 & CHAR(10) & "Emergency Contact No: " & K74 & CHAR(10) & "Important no:" & CHAR(10) & "1. Ajrun kumar +91 77798 60477" & CHAR(10) & "2. Vivek Kumar Azad +91-88726 71873" )) -> #VALUE!
A75: =ROW()-2 -> 73 | L75: #VALUE! | M75: =_xlfn.IMAGE("https://quickchart.io/qr?size=300&text=" & _xlfn.ENCODEURL( "AWPO ID: " & B75 & CHAR(10) & "Name: " & C75 & CHAR(10) & "Father Name: " & D75 & CHAR(10) & "Designation: " & H75 & CHAR(10) & E75 & CHAR(10) & "Contact No: " & G75 & CHAR(10) & "Emergency Contact No: " & K75 & CHAR(10) & "Important no:" & CHAR(10) & "1. Ajrun kumar +91 77798 60477" & CHAR(10) & "2. Vivek Kumar Azad +91-88726 71873" )) -> #VALUE!
A76: =ROW()-2 -> 74 | L76: #VALUE! | M76: =_xlfn.IMAGE("https://quickchart.io/qr?size=300&text=" & _xlfn.ENCODEURL( "AWPO ID: " & B76 & CHAR(10) & "Name: " & C76 & CHAR(10) & "Father Name: " & D76 & CHAR(10) & "Designation: " & H76 & CHAR(10) & E76 & CHAR(10) & "Contact No: " & G76 & CHAR(10) & "Emergency Contact No: " & K76 & CHAR(10) & "Important no:" & CHAR(10) & "1. Ajrun kumar +91 77798 60477" & CHAR(10) & "2. Vivek Kumar Azad +91-88726 71873" )) -> #VALUE!
A77: =ROW()-2 -> 75 | L77: #VALUE! | M77: =_xlfn.IMAGE("https://quickchart.io/qr?size=300&text=" & _xlfn.ENCODEURL( "AWPO ID: " & B77 & CHAR(10) & "Name: " & C77 & CHAR(10) & "Father Name: " & D77 & CHAR(10) & "Designation: " & H77 & CHAR(10) & E77 & CHAR(10) & "Contact No: " & G77 & CHAR(10) & "Emergency Contact No: " & K77 & CHAR(10) & "Important no:" & CHAR(10) & "1. Ajrun kumar +91 77798 60477" & CHAR(10) & "2. Vivek Kumar Azad +91-88726 71873" )) -> #VALUE!
A78: =ROW()-2 -> 76 | L78: #VALUE! | M78: =_xlfn.IMAGE("https://quickchart.io/qr?size=300&text=" & _xlfn.ENCODEURL( "AWPO ID: " & B78 & CHAR(10) & "Name: " & C78 & CHAR(10) & "Father Name: " & D78 & CHAR(10) & "Designation: " & H78 & CHAR(10) & E78 & CHAR(10) & "Contact No: " & G78 & CHAR(10) & "Emergency Contact No: " & K78 & CHAR(10) & "Important no:" & CHAR(10) & "1. Ajrun kumar +91 77798 60477" & CHAR(10) & "2. Vivek Kumar Azad +91-88726 71873" )) -> #VALUE!
A79: =ROW()-2 -> 77 | L79: #VALUE! | M79: =_xlfn.IMAGE("https://quickchart.io/qr?size=300&text=" & _xlfn.ENCODEURL( "AWPO ID: " & B79 & CHAR(10) & "Name: " & C79 & CHAR(10) & "Father Name: " & D79 & CHAR(10) & "Designation: " & H79 & CHAR(10) & E79 & CHAR(10) & "Contact No: " & G79 & CHAR(10) & "Emergency Contact No: " & K79 & CHAR(10) & "Important no:" & CHAR(10) & "1. Ajrun kumar +91 77798 60477" & CHAR(10) & "2. Vivek Kumar Azad +91-88726 71873" )) -> #VALUE!
A80: =ROW()-2 -> 78 | L80: #VALUE! | M80: =_xlfn.IMAGE("https://quickchart.io/qr?size=300&text=" & _xlfn.ENCODEURL( "AWPO ID: " & B80 & CHAR(10) & "Name: " & C80 & CHAR(10) & "Father Name: " & D80 & CHAR(10) & "Designation: " & H80 & CHAR(10) & E80 & CHAR(10) & "Contact No: " & G80 & CHAR(10) & "Emergency Contact No: " & K80 & CHAR(10) & "Important no:" & CHAR(10) & "1. Ajrun kumar +91 77798 60477" & CHAR(10) & "2. Vivek Kumar Azad +91-88726 71873" )) -> #VALUE!
A81: =ROW()-2 -> 79 | L81: #VALUE! | M81: =_xlfn.IMAGE("https://quickchart.io/qr?size=300&text=" & _xlfn.ENCODEURL( "AWPO ID: " & B81 & CHAR(10) & "Name: " & C81 & CHAR(10) & "Father Name: " & D81 & CHAR(10) & "Designation: " & H81 & CHAR(10) & E81 & CHAR(10) & "Contact No: " & G81 & CHAR(10) & "Emergency Contact No: " & K81 & CHAR(10) & "Important no:" & CHAR(10) & "1. Ajrun kumar +91 77798 60477" & CHAR(10) & "2. Vivek Kumar Azad +91-88726 71873" )) -> #VALUE!
A82: =ROW()-2 -> 80 | L82: #VALUE! | M82: =_xlfn.IMAGE("https://quickchart.io/qr?size=300&text=" & _xlfn.ENCODEURL( "AWPO ID: " & B82 & CHAR(10) & "Name: " & C82 & CHAR(10) & "Father Name: " & D82 & CHAR(10) & "Designation: " & H82 & CHAR(10) & E82 & CHAR(10) & "Contact No: " & G82 & CHAR(10) & "Emergency Contact No: " & K82 & CHAR(10) & "Important no:" & CHAR(10) & "1. Ajrun kumar +91 77798 60477" & CHAR(10) & "2. Vivek Kumar Azad +91-88726 71873" )) -> #VALUE!
A83: =ROW()-2 -> 81 | L83: #VALUE! | M83: =_xlfn.IMAGE("https://quickchart.io/qr?size=300&text=" & _xlfn.ENCODEURL( "AWPO ID: " & B83 & CHAR(10) & "Name: " & C83 & CHAR(10) & "Father Name: " & D83 & CHAR(10) & "Designation: " & H83 & CHAR(10) & E83 & CHAR(10) & "Contact No: " & G83 & CHAR(10) & "Emergency Contact No: " & K83 & CHAR(10) & "Important no:" & CHAR(10) & "1. Ajrun kumar +91 77798 60477" & CHAR(10) & "2. Vivek Kumar Azad +91-88726 71873" )) -> #VALUE!
A84: =ROW()-2 -> 82 | L84: #VALUE! | M84: =_xlfn.IMAGE("https://quickchart.io/qr?size=300&text=" & _xlfn.ENCODEURL( "AWPO ID: " & B84 & CHAR(10) & "Name: " & C84 & CHAR(10) & "Father Name: " & D84 & CHAR(10) & "Designation: " & H84 & CHAR(10) & E84 & CHAR(10) & "Contact No: " & G84 & CHAR(10) & "Emergency Contact No: " & K84 & CHAR(10) & "Important no:" & CHAR(10) & "1. Ajrun kumar +91 77798 60477" & CHAR(10) & "2. Vivek Kumar Azad +91-88726 71873" )) -> #VALUE!
A85: =ROW()-2 -> 83 | L85: #VALUE! | M85: =_xlfn.IMAGE("https://quickchart.io/qr?size=300&text=" & _xlfn.ENCODEURL( "AWPO ID: " & B85 & CHAR(10) & "Name: " & C85 & CHAR(10) & "Father Name: " & D85 & CHAR(10) & "Designation: " & H85 & CHAR(10) & E85 & CHAR(10) & "Contact No: " & G85 & CHAR(10) & "Emergency Contact No: " & K85 & CHAR(10) & "Important no:" & CHAR(10) & "1. Ajrun kumar +91 77798 60477" & CHAR(10) & "2. Vivek Kumar Azad +91-88726 71873" )) -> #VALUE!

Sheet SPN & SPD
A1: Shift 1
A2: Sr No | B2: Patrolman Name | D2: Route Name | E2: Mobile Number
A3: 1 | B3: SPD-001 | D3: B 1162/17 to C 1170/16 | E3: Vecant Beat
A4: 2 | B4: SPD-002 | C4: Gurdeep Singh | D4: B 1170/16 to C 1078/12 | E4: 9876588667
A5: 3 | B5: SPD-003 | C5: Surjeet Singh | D5: B 1078/12 to C 1186/9 | E5: 9501277242
A6: 4 | B6: SPD-004 | C6: Ravinder Singh | D6: B 1186/9 to C 1194/7 | E6: 9463088814
A7: 5 | B7: SPD-005 | C7: Baljinder Singh | D7: B 1194/7 to C 1202/6 | E7: 7460849679
A8: 6 | B8: SPD-006 | D8: B 1202/6 to C 1210/5 | E8: Vecant Beat
A9: 7 | B9: SPD-007 | C9: Chamkor Singh | D9: B 1210/5 to C 1218/2 | E9: 7986000467
A10: 8 | B10: SPD-008 | C10: Sukhcahin Singh | D10: B 1218/2 to C 1226/1 | E10: 8054012678 | F10: RG Bhupinder Singh S/O Bikar Singh 7589001321
A11: 9 | B11: SPD-009 | C11: Harwinder Singh | D11: B 1226/1 to C 1233/16 | E11: 8429171981
A12: 10 | B12: SPD-010 | C12: Amritpal Singh | D12: B 1233/16 to C 1241/15 | E12: 8812006561
A13: 11 | B13: SPD-011 | C13: Baljeet Singh | D13: B 1241/15 to C 1249/15 | E13: 8427463892
A14: 12 | B14: SPD-012 | D14: B 1170/9 to C 1178/4 | E14: Vecant Beat
A16: Shift 2
A17: Sr No | B17: Patrolman Name | D17: Route Name | E17: Mobile Number
A18: 1 | B18: SPN-001 | D18: B 1162/17 to C 1170/16 | E18: Vecant Beat
A19: 2 | B19: SPN-002 | C19: Dharminder Singh | D19: B 1170/16 to C 1078/12 | E19: 9466303713
C20: Balkar Singh | E20: 9896486583
A21: 3 | B21: SPN-003 | C21: Rajinder Singh | D21: B 1078/12 to C 1186/9 | E21: 7973074232
C22: Vikramjit Singh | E22: 9478790749
A23: 4 | B23: SPN-004 | C23: Dharminder Singh | D23: B 1186/9 to C 1194/7 | E23: 9877978448
C24: Rachhpal Singh | E24: 7087370322
A25: 5 | B25: SPN-005 | D25: B 1194/7 to C 1202/6 | E25: Vecant Beat
A26: 6 | B26: SPN-006 | C26: Amarjit Singh | D26: B 1202/6 to C 1210/5 | E26: 7004563174
C27: Baljit Singh | E27: 9530822519
A28: 7 | B28: SPN-007 | C28: Santok Singh | D28: B 1210/5 to C 1218/2 | E28: 9592458167
C29: Gurjant Singh | E29: 8283848434
A30: 8 | B30: SPN-008 | C30: Gurpreet Singh | D30: B 1218/2 to C 1226/1 | E30: 8847400008 | F30: RG Bhupinder Singh S/O Bikar Singh 7589001321
C31: Gurjit Singh | E31: 8360358775
A32: 9 | B32: SPN-009 | C32: Tarsem Singh | D32: B 1226/1 to C 1233/16 | E32: 8427122355
C33: Harjinder Singh | E33: 9463843762
A34: 10 | B34: SPN-010 | C34: Yadwinder Singh | D34: B 1233/16 to C 1241/15 | E34: 9501572141
C35: Sukhwinder Singh | E35: 7973475062
A36: 11 | B36: SPN-011 | C36: Jagroop Singh | D36: B 1241/15 to C 1249/15 | E36: 8146492292
C37: Harpreet Singh | E37: 8847593020
A38: 12 | B38: SPN-012 | C38: Salamundin Singh | D38: B 1170/9 to C 1178/4 | E38: 9417986390
C39: Nirbhay Singh | E39: 8872359476

Sheet Gateman
A1: Gateman Name of SMUN-SNL Section at IMSD SMUN
A2: S.No. | B2: Gate Man Name | C2: ID No. | D2: Lc.No | E2: Block Section | F2: Mob. | G2: Rest Giver
A3: 1 | B3: Sh. Rakha Singh | C3: 46536 | D3: 151 c (1215.034) | E3: GVGN-KNNN | F3: 9815460386 | G3: Sh. Santokh Singh # +91-9478553153 (ID-48579)
A4: 2 | B4: Sh. Kuldeep Singh | C4: 46537 | F4: 9855456784
A5: 3 | B5: Sh. Bhupender Singh | C5: 49354 | F5: 8437892721
A6: 4 | B6: Sh. Gurtej Singh | C6: 46548 | D6: 159 SPL (1232.095) | E6: KNNN-CHAN | F6: 9402932236
A7: 5 | B7: Sh. Sarbjit Singh | F7: 9914234082
A8: 6 | B8: Sh. Pal Singh | C8: 46538 | F8: 8360635600
A9: 7 | B9: Sh. Jasvir Singh | C9: 48886 | D9: 163 c (1239.827) | E9: CHAN-SNL | F9: 7986604268 | G9: Sh. Beant Singh (ID-46482) # +91-6005502719
A10: 8 | B10: Sh. Satish Kumar | C10: 47041 | F10: 9465431003
A11: 9 | B11: Sh. Lakhveer Singh | C11: 47113 | F11: 9463807884
A12: 10 | B12: Sh. Jaswinder Singh | C12: 46523 | D12: 164AB/3T (1244.833) | E12: CHAN-SNL | F12: 8728016142
A13: 11 | B13: Sh. Gurpreet Singh | C13: 46524 | F13: 9463355013
A14: 12 | B14: Sh. Jagtar Singh | C14: 47207 | F14: 9518133849
A15: 13 | B15: Sh. Harpret Singh | C15: 49680 | D15: 167c (1248.664) | E15: CHAN-SNL | F15: 6280205954 | G15: Sh. Harjinder Singh # +91-9876879224 (ID-49322)
A16: 14 | B16: Sh. Balwinder Singh | C16: 52595 | F16: 9872341355
A17: 15 | B17: Sh. Jagjit Singh | C17: 49321 | F17: 8847650107

Sheet KEYMAN
A1: Keyman
A2: Sr No | B2: Keyman Name | C2: Keyman Name | D2: Father's Name | E2: Route Name | F2: Monile Number | G2: RG
A3: 1 | B3: K-019 | C3: Sanjeev Kumar | D3: Joginder Singh | E3: Km 1164.500 to 1170.535 | F3: 7341182346 | G3: Harwinder Singh S/O Sukhdev Singh Mob.No. 9465326270 (19-23 & 34)
A4: 2 | B4: K-020 | C4: Kuldeep Singh | D4: Amarjit Singh | E4: 1170.535 to 1176.01 | F4: 7087352069
A5: 3 | B5: K-021 | C5: Bhupal Singh | D5: Harkishan Singh | E5: 1176.0 to 1183.800 | F5: 9465362321
A6: 4 | B6: K-022 | C6: Gurdeep Singh | D6: Harnam SIngh | E6: 1183.800 to 1189.29 | F6: 6239826819
A7: 5 | B7: K-023 | C7: Gurwinder Singh | D7: Labh Singh | E7: 1189.29 to 1195.295 | F7: 9465551335
A8: 6 | B8: K-024 | C8: Harvinder Singh | D8: Ramchand | E8: Km 1195.295 to 1201.595 | F8: 8847533591 | G8: Balwinnder Sngh S/O Gurcharan Singh Mob.No. 913746358 & Br . 170 & 165 (24-29)
A9: 7 | B9: K-025 | C9: Avtar Singh | D9: Roshan Singh | E9: 1201.59 to 1207.395 | F9: 9855456186
A10: 8 | B10: K-026 | C10: Harvinder Singh | D10: Mohinder Singh | E10: Km 1207.395 to 1213.195 | F10: 9417462599
A11: 9 | B11: K-027 | C11: Jaswinder Singh | D11: Amar Singh | E11: KM 1213.195 to 1217.195 | F11: 7002081220
A12: 10 | B12: K-028 | C12: Jagjeet Singh | D12: Kaka Singh | E12: KM 1217.195 to 1224.895 | F12: 8290590570
A13: 11 | B13: K-029 | C13: Lakhvir Singh | D13: Surender Singh | E13: 1224.89 to 1228.895 | F13: 9468647575
A14: 12 | B14: K-030 | C14: Gurpreet Singh | D14: Darbara Singh | E14: Km 1228.895 to 1232.947 | F14: 7508648281
A15: 13 | B15: K-031 | C15: Kuljeet singh | D15: Bhajan Singh | E15: Km 1232.947 to 1237.0 | F15: 7973833770
A16: 14 | B16: K-032 | C16: Nirbhay Singh | D16: Mohinder Singh | E16: KM 1237.0 to 1242.0 | F16: 9855659595
A17: 15 | B17: K-033 | C17: Bikar Singh | D17: Jarnail Singh | E17: KM 1242.0 to 1249.500 | F17: 9205536128
A18: 16 | B18: K-034 | C18: Sukhwinder Singh | D18: Mahinder Singh | E18: 1171.981 to 1178.150 | F18: 7508325974

Sheet Br.Watchman
A1: (Bridge Watchman)
A2: संस्था का नाम व पता - डी.एफ.सी.सी.आई.एल. , सिविल ,नया शंभू, अंबाला इकाई)
A4: क्र.स. S.No. | B4: कर्मचारी का नाम Name of Employee | C4: ID Number | D4: Contact Number
A6: 1 | B6: Satnam Singh सतनाम सिंह | C6: 12323 | D6: 8295369825
A7: 2 | B7: Surinder Singh सुरिंदर सिंह | C7: 12772 | D7: 7529026738
A8: 3 | B8: Jasvir Singh जसवीर सिंह | C8: 11469 | D8: 8398036955

Sheet Defects
A4: S. No | B4: Station | C4: Point No. | D4: Line | E4: Angle | F4: SRJ Chainage | G4: Wear at Nose | J4: Wear at 269 mm | M4: Remark
G5: LH | H5: Nose | I5: RH | J5: LH | K5: Nose | L5: RH
A6: =ROW()-5 -> 1 | B6: SMUN | C6: 201 b | D6: Main Line | E6: 1/12 | F6: 1169.045 | G6: 0 | H6: 0.4 | I6: 0 | J6: 2.4 | K6: 2.4 | L6: 0
A7: =ROW()-5 -> 2 | B7: SMUN | C7: 205b | D7: Main Line | E7: 1/12 | F7: 1169.412 | G7: 0 | H7: 2.4 | I7: 0 | J7: 0.4 | K7: 2.4 | L7: 1.4
A8: =ROW()-5 -> 3 | B8: SMUN | C8: 243a | D8: Main Line | E8: 1/12 | F8: 1170.473 | G8: 0 | H8: 1.4 | I8: 0 | J8: 1.4 | K8: 1.4 | L8: 0
A9: =ROW()-5 -> 4 | B9: SMUN | C9: 245b | D9: Main Line | E9: 1/12 | F9: 1170.534 | G9: 0 | H9: 0 | I9: 0 | J9: 0 | K9: 0 | L9: 0
A10: =ROW()-5 -> 5 | B10: SMUN | C10: 248a | D10: Main Line | E10: 1/12 | F10: 1170.547 | G10: 0 | H10: 2.4 | I10: 0 | J10: 2.4 | K10: 2.4 | L10: 0
A11: =ROW()-5 -> 6 | B11: SMUN | C11: 249a | D11: Main Line | E11: 1/12 | F11: 1170.608 | G11: 0 | H11: 0.4 | I11: 0 | J11: 0 | K11: 2.4 | L11: 2.4
A12: =ROW()-5 -> 7 | B12: SMUN | C12: 295b | D12: Main Line | E12: 1/12 | F12: 1171.621 | G12: 0 | H12: 1.4 | I12: 0 | J12: 1.4 | K12: 1.4 | L12: 0
A13: =ROW()-5 -> 8 | B13: SMUN | C13: 298b | D13: Main Line | E13: 1/12 | F13: 1171.847 | G13: 0 | H13: 1.4 | I13: 0 | J13: 0 | K13: 1.4 | L13: 1.4
A14: =ROW()-5 -> 9 | B14: SMUN | C14: 299a | D14: Main Line | E14: 1/12 | F14: 1171.86 | G14: 0 | H14: 0.4 | I14: 0 | J14: 0 | K14: 1.4 | L14: 1.4
A15: =ROW()-5 -> 10 | B15: SBJN | C15: 201b | D15: Main Line | E15: 1/12 | F15: 1187.353 | G15: 0 | H15: 0 | I15: 0 | J15: 2.4 | K15: 2.4 | L15: 0
A16: =ROW()-5 -> 11 | B16: SBJN | C16: 243a | D16: Main Line | E16: 1/12 | F16: 1188.478 | G16: 0 | H16: 0 | I16: 0 | J16: 0 | K16: =8.5-6.6 -> 1.9 | L16: 0
A17: =ROW()-5 -> 12 | B17: SBJN | C17: 244b | D17: Main Line | E17: 1/12 | F17: 1188.491 | G17: 0 | H17: 0 | I17: 0 | J17: 0 | K17: 0 | L17: 0
A18: =ROW()-5 -> 13 | B18: SBJN | C18: 246a | D18: Main Line | E18: 1/12 | F18: 1188.552 | G18: 0 | H18: 0.4 | I18: 0 | J18: 2.4 | K18: =9-6.6 -> 2.4 | L18: 0
A19: =ROW()-5 -> 14 | B19: SBJN | C19: 290b | D19: Main Line | E19: 1/12 | F19: 1189.565 | G19: 0 | H19: 0 | I19: 0 | J19: 0 | K19: 2.4 | L19: 0
A20: =ROW()-5 -> 15 | B20: SBJN | C20: 291a | D20: Main Line | E20: 1/12 | F20: 1189.578 | G20: 0 | H20: 0.9 | I20: 0 | J20: 0 | K20: 1.4 | L20: 0.9
A21: =ROW()-5 -> 16 | B21: SBJN | C21: 295b | D21: Main Line | E21: 1/12 | F21: 1189.915 | G21: 0 | H21: 0 | I21: 0 | J21: 0 | K21: 0 | L21: 0
A22: =ROW()-5 -> 17 | B22: NSIR | C22: 201b | D22: Main Line | E22: 1/12 | F22: 1200.778 | G22: 0 | H22: 0 | I22: 0 | J22: 0 | K22: 0 | L22: 0
A23: =ROW()-5 -> 18 | B23: NSIR | C23: 243b | D23: Main Line | E23: 1/12 | F23: 1201.669 | G23: 0 | H23: 0 | I23: 0 | J23: 0 | K23: 0 | L23: 0
A24: =ROW()-5 -> 19 | B24: NSIR | C24: 244a | D24: Main Line | E24: 1/12 | F24: 1201.925 | G24: 0 | H24: 0 | I24: 0 | J24: 0 | K24: 0 | L24: 0
A25: =ROW()-5 -> 20 | B25: NSIR | C25: 245a | D25: Main Line | E25: 1/12 | F25: 1201.938 | G25: 0 | H25: 0 | I25: 0 | J25: 0 | K25: 0 | L25: 0
A26: =ROW()-5 -> 21 | B26: NSIR | C26: 295b | D26: Main Line | E26: 1/12 | F26: 1203.015 | G26: 0 | H26: 0 | I26: 0 | J26: 0 | K26: 0 | L26: 0
A27: =ROW()-5 -> 22 | B27: NSIR | C27: 296b | D27: Main Line | E27: 1/12 | F27: 1203.076 | G27: 0 | H27: 0 | I27: 0 | J27: 0 | K27: 0 | L27: 0
A28: =ROW()-5 -> 23 | B28: NSIR | C28: 297a | D28: Main Line | E28: 1/12 | F28: 1203.089 | G28: 0 | H28: 0 | I28: 0 | J28: 0 | K28: 0 | L28: 0
A29: =ROW()-5 -> 24 | B29: NSIR | C29: 299b | D29: Main Line | E29: 1/12 | F29: 1203.97 | G29: 0 | H29: 0 | I29: 0 | J29: 0 | K29: 0 | L29: 0
A30: =ROW()-5 -> 25 | B30: GVGN | C30: 201 | D30: Main Line | E30: 1/12 | F30: 1211.705 | G30: 0 | H30: 0.4 | I30: 0 | J30: 2.4 | K30: 1.4 | L30: 0
... A36: =ROW()-5 -> 31 | B36: GVGN | C36: 299 | D36: Main Line | E36: 1/12 | F36: 1214.838 | G36: 0 | H36: 0.4 | I36: 0 | J36: 0 | K36: 2.4 | L36: 1.4
A37: =ROW()-5 -> 32 | B37: KNNN | C37: 201b | D37: Main Line | E37: 1/12 | F37: 1227.772 | G37: 1.4 | H37: =14-10.6 -> 3.4 | I37: 0 | J37: 0 | K37: 0 | L37: 0.4
A38: =ROW()-5 -> 33 | B38: KNNN | C38: 245a | D38: Main Line | E38: 1/12 | F38: 1228.907 | G38: 0 | H38: 1.4 | I38: 1.4 | J38: 0 | K38: 0 | L38: 1.4
A39: =ROW()-5 -> 34 | B39: KNNN | C39: 247b | D39: Main Line | E39: 1/12 | F39: 1228.92 | G39: 0 | H39: 0 | I39: 0 | J39: 0 | K39: 0 | L39: 0
A40: =ROW()-5 -> 35 | B40: KNNN | C40: 298b | D40: Main Line | E40: 1/12 | F40: 1230.528 | G40: 0 | H40: 0 | I40: 0 | J40: 0 | K40: 0.4 | L40: 1.4
A41: =ROW()-5 -> 36 | B41: CHAN | C41: 201b | D41: Main Line | E41: 1/12 | F41: 1236.153 | G41: 0 | H41: 0 | I41: 0 | J41: 0 | K41: 0.4 | L41: 0
A42: =ROW()-5 -> 37 | B42: CHAN | C42: 206b | D42: Main Line | E42: 1/12 | F42: 1236.692 | G42: 0 | H42: 0 | I42: 0 | J42: 0 | K42: 0 | L42: 0
A43: =ROW()-5 -> 38 | B43: CHAN | C43: 245b | D43: Main Line | E43: 1/12 | F43: 1237.704 | G43: 0 | H43: 0 | I43: 0 | J43: 0 | K43: 1.4 | L43: 0
A44: =ROW()-5 -> 39 | B44: CHAN | C44: 248a | D44: Main Line | E44: 1/12 | F44: 1237.717 | G44: 0 | H44: 0 | I44: 0 | J44: 0 | K44: 0.4 | L44: 0
A45: =ROW()-5 -> 40 | B45: CHAN | C45: 297b | D45: Main Line | E45: 1/12 | F45: 1238.729 | G45: 0 | H45: 0 | I45: 0 | J45: 0 | K45: 0.4 | L45: 0
A46: =ROW()-5 -> 41 | B46: CHAN | C46: 298b | D46: Main Line | E46: 1/12 | F46: 1238.791 | G46: 0 | H46: 0 | I46: 0 | J46: 0 | K46: 0 | L46: 0

Sheet Patrolman
M1: Security Duty List
A2: (Monsoon Patrolman) | J2: Sr No | K2: Patrolman Name | L2: Patrolman Name | M2: Route Name | N2: Rest Day | O2: Mobile Number
J3: 1 | K3: SPN-001 | M3: B 1162/17 to C 1170/16 | N3: Monday
A4: Name & Address of Office - Dfccil , Civil , New Shambhu Ambala Unit ) | J4: 2 | K4: SPN-002 | L4: Dharminder Singh | M4: B 1170/16 to C 1078/12 | N4: Tuesday | O4: 9466303713
A5: S.No. | B5: GPS No. | C5: Name of Patrolman | D5: Chainage/Pole No | F5: Rest Day | G5: Contact Number | H5: RG details | J5: 3 | L5: Balkar Singh | N5: Wednesday | O5: 9896486583
D6: From | E6: To | J6: 4 | K6: SPN-003 | L6: Rajinder Singh | M6: B 1078/12 to C 1186/9 | N6: Thursday | O6: 7973074232
A7: 1 | B7: 16 | C7: Gurdeep Singh | D7: 1170/8 | E7: 1178/7 | F7: Monday | G7: 9876588667 | H7: RG 1st (Still not Provided) | J7: 5 | L7: Vikramjit Singh | N7: Friday | O7: 9478790749
A8: 2 | C8: Dharminder Singh | G8: 9466303713 | J8: 6 | K8: SPN-004 | L8: Dharminder Singh | M8: B 1186/9 to C 1194/7 | N8: Saturday | O8: 9877978448
A9: 3 | B9: 27 | C9: Salamundin | D9: 1170/8 | E9: 1178/7 | F9: Friday | G9: 9417986390 | J9: 7 | L9: Rachhpal Singh | N9: Sunday | O9: 7087370322
A10: 4 | C10: Surjit Singh | G10: 9501277242 | J10: 8 | K10: SPN-005 | L10: Gurmail Singh | M10: B 1194/7 to C 1202/6 | N10: Monday
A11: 5 | B11: 17 | C11: Rajinder Singh | D11: 1186/5 | E11: 1178/6 | F11: Wednesday | G11: 7973074232 | J11: 9 | L11: Apinder Singh | N11: Tuesday
A12: 6 | C12: Bikarmjit Singh | G12: 9478790749 | J12: 10 | K12: SPN-006 | L12: Amarjit Singh | M12: B 1202/6 to C 1210/5 | N12: Wednesday | O12: 7004563174
A13: 7 | B13: 18 | C13: Rachhpal Singh | D13: 1186/4 | E13: 1194/3 | F13: Friday | G13: 7087370322 | H13: Sukhjinder Singh # +91-9501332704 | J13: 11 | L13: Baljit Singh | N13: Thursday | O13: 9530822519
A14: 8 | C14: Dharminder Singh | G14: 9877978448 | J14: 12 | K14: SPN-007 | L14: Santok Singh | M14: B 1210/5 to C 1218/2 | N14: Friday | O14: 9592458167
A15: 9 | B15: 19 | C15: Baljinder Singh 2 | D15: 1202/2 | E15: 1194/2 | F15: Monday | G15: 9560736375 | J15: 13 | L15: Gurjant Singh | N15: Saturday | O15: 8283848434
A16: 10 | C16: Baljinder Singh | G16: 7460849679 | J16: 14 | K16: SPN-008 | L16: Gurpreet Singh | M16: B 1218/2 to C 1226/1 | N16: Sunday | O16: 8847400008
A17: 11 | B17: 20 | C17: Gurdev Singh | D17: 1202/1 | E17: 1209/3 | F17: Wednesday | G17: 9417016957 | J17: 15 | L17: Gurjit Singh | N17: Monday | O17: 8360358775
A18: 12 | C18: Amarjit Singh | G18: 7004563174 | J18: 16 | K18: SPN-009 | L18: Tarsem Singh | M18: B 1226/1 to C 1233/16 | N18: Tuesday | O18: 8427122355
A19: 13 | B19: 21 | C19: Gurpreet Singh | D19: 1216/5 | E19: 1209/2 | F19: Friday | G19: 8847400008 | H19: Sh. Sukhchain Singh/DGR 8054012678 | J19: 17 | L19: Harjinder Singh | N19: Wednesday | O19: 9463843762
A20: 14 | C20: Baljeet Singh | G20: 9530822519 | J20: 18 | K20: SPN-010 | L20: Yadwinder Singh | M20: B 1233/16 to C 1241/15 | N20: Thursday | O20: 9501572141
A21: 15 | B21: 22 | C21: Gurjit Singh | D21: 1216/4 | E21: 1223/7 | F21: Monday | G21: 8360358775 | J21: 19 | L21: Sukhwinder Singh | N21: Friday | O21: 7973475062
A22: 16 | C22: Gurmail Singh | G22: 9872877533 | J22: 20 | K22: SPN-011 | L22: Jagroop Singh | M22: B 1241/15 to C 1249/15 | N22: Saturday | O22: 8146492292
A23: 17 | B23: 23 | C23: Tarsem Singh | D23: 1230/10 | E23: 1223/6 | F23: Wednesday | G23: 8427122355 | J23: 21 | L23: Harpreet Singh | N23: Sunday | O23: 8847593020
A24: 18 | C24: Harjinder Singh | G24: 9463843762 | J24: 22 | K24: SPN-012 | L24: Salamundin Singh | M24: B 1170/9 to C 1178/4 | N24: Monday | O24: 9417986390
A25: 19 | B25: 24 | C25: Amritpal Singh | D25: 1230/9 | E25: 1237/12 | F25: Friday | G25: 8812006561 | H25: RG 4th (Still not Provided) | J25: 23 | L25: Nirbhay Singh | N25: Tuesday | O25: 8872359476
A26: 20 | C26: Yadwinder Singh | G26: 9501572141 | J26: 24 | K26: SPD-001 | M26: B 1162/17 to C 1170/16 | N26: Wednesday
A27: 21 | B27: 25 | C27: Chamkaur Singh | D27: 1237/11 | E27: 1243/13 | F27: Monday | G27: 7986000467 | J27: 25 | K27: SPD-002 | L27: Gurdeep Singh | M27: B 1170/16 to C 1078/12 | N27: Thursday | O27: 9876588667
A28: 22 | C28: Kulwinder Singh | G28: 7508463827 | J28: 26 | K28: SPD-003 | L28: Surjeet Singh | M28: B 1078/12 to C 1186/9 | N28: Friday | O28: 9501277242
A29: 23 | B29: 26 | C29: Jagroop Singh | D29: 1243/15 | E29: 1243/13 | F29: Wednesday | G29: 8146492292 | J29: 27 | K29: SPD-004 | M29: B 1186/9 to C 1194/7 | N29: Saturday
A30: 24 | C30: Baljeet Singh | G30: 8427463892 | J30: 28 | K30: SPD-005 | L30: Baljinder Singh | M30: B 1194/7 to C 1202/6 | N30: Sunday | O30: 7460849679
A31: नोट: अभी भी IMSD-SMUN के अंतर्गत आने वाले सभी बीट में 04 एक्स-सर्विसमैन की आवश्यकता है। जिसमे से 01 पेट्रोलमैंन (बीट संख्या 25 मे काम है , तथा 03 RG भी कम है। | J31: 30 | K31: SPD-006 | M31: B 1202/6 to C 1210/5 | N31: Monday
J32: 32 | K32: SPD-007 | L32: Chamkor Singh | M32: B 1210/5 to C 1218/2 | N32: Tuesday | O32: 7986000467
J33: 34 | K33: SPD-008 | L33: Sukhcahin Singh | M33: B 1218/2 to C 1226/1 | N33: Wednesday | O33: 8054012678
A34: (MSecurity Patrolman Shift 2) | J34: 36 | K34: SPD-009 | L34: Harwinder Singh | M34: B 1226/1 to C 1233/16 | N34: Thursday | O34: 8429171981
A35: Name & Address of Office - Dfccil , Civil , New Shambhu Ambala Unit ) | J35: 38 | K35: SPD-010 | L35: Amritpal Singh | M35: B 1233/16 to C 1241/15 | N35: Friday | O35: 8812006561
A36: Beat Time: 23:00 to 03:00 hrs & 03:00 to 07:00 hrs | J36: 40 | K36: SPD-011 | L36: Baljeet Singh | M36: B 1241/15 to C 1249/15 | N36: Saturday | O36: 8427463892
A37: GPS No. | B37: Name of Patrolman | C37: Father Name | D37: Chainage No | F37: Rest Day | G37: Contact Number | H37: RG | J37: 41 | K37: SPD-012 | M37: B 1170/9 to C 1178/4 | N37: Sunday
D38: From | E38: To
A39: 1 | B39: - | C39: - | D39: 1162.8 | E39: 1170.7 | F39: Monday | G39: - | H39: Rest Giver 1
B40: - | C40: - | F40: Tuesday | G40: -
A41: 2 | B41: Dharminder Singh | C41: Hardish Singh | D41: 1178.600 CL | E41: 1170.700 CL | F41: Wednesday | G41: 9466303713
B42: Balkar Singh | C42: Hardish Singh | F42: Thursday | G42: 9896486583
A43: 12 | B43: Salamundin | C43: Bachan Singh | D43: 1170.435 | E43: 1178.15 | F43: Friday | G43: 9417986390
B44: Nirbhai Singh | C44: Jit Singh | F44: Saturday | G44: 8872359476
A45: 3 | B45: Rajinder Singh | C45: Bachhan Singh | D45: 1178.6 | E45: 1186.5 | F45: Monday | G45: 7973074232 | H45: Rest Giver 2
B46: Bikramjit Singh | C46: Karamjit Singh | F46: Tuesday | G46: 9478790749
A47: 4 | B47: Dharminder Singh | C47: Karamjit Singh | D47: 1194.4 | E47: 1186.5 | F47: Wednesday | G47: 9877978448
B48: Rakshpal Singh | C48: Bachan Singh | F48: Thursday | G48: 7087370322
A49: 5 | D49: 1194.4 | E49: 1202.3 | F49: Friday
F50: Saturday
A51: 6 | B51: Amarjit Singh | C51: Nirmal Singh | D51: 1210.2 | E51: 1202.3 | F51: Monday | G51: 7004563174 | H51: Rest Giver 3
B52: Baljit Singh | C52: Jaswant Singh | F52: Tuesday | G52: 9530822519
A53: 7 | B53: Santok Singh | C53: Ram Ashra | D53: 1210.2 | E53: 1218.1 | F53: Wednesday | G53: 9592458167
B54: Gurjant Singh | C54: Dalwara Singh | F54: Thursday | G54: 8283848434
A55: 8 | B55: Gurjit Singh | C55: Dalbara Singh | D55: 1226 | E55: 1218.1 | F55: Friday | G55: 8360358775
B56: Gurpreet Singh | C56: Gurucharan Singh | F56: Saturday | G56: 8847400008
A57: 9 | B57: Tarsem Singh | C57: Labh Singh | D57: 1226 | E57: 1233.9 | F57: Monday | G57: 8427122355 | H57: Rest Giver 4
B58: Harjinder Singh | C58: Jeet Singh | F58: Tuesday | G58: 9463843762
A59: 10 | B59: Sukhwinder Singh | C59: Ajaib Singh | D59: 1241.8 | E59: 1233.9 | F59: Wednesday | G59: 7973475062
B60: Yadvinder Singh | C60: Dev Singh | F60: Thursday | G60: 9501572141
A61: 11 | B61: Jagroop Singh | C61: Raghhvir Singh | D61: 1241.8 | E61: 1249.72 | F61: Friday | G61: 8146492292
B62: Harpreet singh | F62: Saturday | G62: 8847593020
A64: (Security Patrolman Shift 1)
A65: Name & Address of Office - Dfccil , Civil , New Shambhu Ambala Unit )
A66: Beat Time: 15:00 to 19:00 hrs & 19:00 to 23:00 hrs
A67: GPS No. | B67: Name of Patrolman | C67: Father Name | D67: OHE Pole No. | F67: Chainage No | H67: Mobile Number
D68: From | E68: To | F68: From | G68: To
A69: 1 | B69: - | C69: - | D69: 1162.8 | E69: 1170.7 | F69: 1162.8 | G69: 1170.7 | H69: -
A70: 2 | B70: Gurdeep Singh | C70: Amrjit Singh | D70: 1178.6 | E70: 1170.7 | F70: 1178.6 | G70: 1170.7 | H70: 9876588667
A71: 12 | B71: - | C71: - | D71: 1170.435 | E71: 1178.15 | F71: 1170.435 | G71: 1178.15 | H71: -
A72: 3 | B72: Surjeet Singh | C72: Harkesh singh | D72: 1178.6 | E72: 1186.5 | F72: 1178.6 | G72: 1186.5 | H72: 9501277242
A73: 4 | B73: Ravindar Singh | C73: - | D73: 1194.4 | E73: 1186.5 | F73: 1194.4 | G73: 1186.5 | H73: -
A74: 5 | B74: Baljinder Singh | C74: Balvir Singh | D74: 1194.4 | E74: 1202.3 | F74: 1194.4 | G74: 1202.3 | H74: 7460849679
A75: 6 | B75: - | C75: - | D75: 1210.2 | E75: 1202.3 | F75: 1210.2 | G75: 1202.3 | H75: -
A76: 7 | B76: Chamkor Singh | C76: Karnail Singh | D76: 1210.2 | E76: 1218.1 | F76: 1210.2 | G76: 1218.1 | H76: 7986000467
A77: 8 | B77: Sukhchain Singh | C77: lakhvir Singh | D77: 1226 | E77: 1218.1 | F77: 1226 | G77: 1218.1 | H77: 8054012678
A78: 9 | B78: Harwinder Singh | C78: lal Singh | D78: 1226 | E78: 1233.9 | F78: 1226 | G78: 1233.9 | H78: 8429171981
A79: 10 | B79: Amritpal Singh | C79: kapur Singh | D79: 1241.8 | E79: 1233.9 | F79: 1241.8 | G79: 1233.9 | H79: 8812006561
A80: 11 | B80: Baljeet Singh | C80: Ramji lal | D80: 1241.8 | E80: 1249.72 | F80: 1241.8 | G80: 1249.72 | H80: 8427463892

Sheet Copy of Patrolman
A1: Name of Patrolman | B1: Contact Number
A3: Dharminder Singh | B3: 9466303713
A4: Balkar Singh | B4: 9896486583
A5: Salamundin | B5: 9417986390
A6: Nirbhai Singh | B6: 8872359476
A7: Rajinder Singh | B7: 7973074232
A8: Bikramjit Singh | B8: 9478790749
A9: Dharminder Singh | B9: 9877978448
A10: Rakshpal Singh | B10: 7087370322
A11: Amarjit Singh | B11: 7004563174
A12: Baljit Singh | B12: 9530822519
A13: Santok Singh | B13: 9592458167
A14: Gurjant Singh | B14: 8283848434
... A30: Baljeet Singh | B30: 8427463892
