Workbook

Sheet Horizontal Curve List (ML)
H1: LIST OF HORIZONTAL CURVE OF DFC MAIN LINE [EDFC SAHNEWAL - PILKHANI SECTION- 301]
A2: Curve No. | B2: Delta | C2: Radius (m) | D2: Degree of Curve | E2: TTP-1 Spiral Start | F2: CTP-1 Circular Curve Start | G2: CTP-2 Circular Curve End | H2: TTP-2 Spiral End | I2: Straight Length (m) | J2: Transition Length (m) | K2: Circular Length (m) | L2: Applied Cant (mm) | M2: Equilibrium Cant (mm) | N2: Cant Deficiency (mm) | O2: Versine in (mm) | P2: Permissible Speed (km/ph) | Q2: Hand of Curve | R2: Remarks
A3: 1 | B3: 02°18'00" | C3: 2000 | D3: 0.875 | E3: 1076474.5 | F3: 1076534.5 | G3: 1076554.8 | H3: 1076614.8 | I3: =E4-H3 -> 137.3939 | J3: =H3-G3 -> 60 | K3: =G3-F3 -> 20.2828 | L3: 60 | M3: 59 | N3: =M3-L3 -> -1 | O3: =ABS((20^2*125)/C3) -> 25 | P3: 100 | Q3: LHS
A4: 2 | B4: 02°28'07" | C4: 2000 | D4: 0.875 | E4: 1076752.2 | F4: 1076812.2 | G4: 1076838.4 | H4: 1076898.4 | I4: =E5-H4 -> 525.2833 | J4: =H4-G4 -> 60 | K4: =G4-F4 -> 26.1744 | L4: 60 | M4: 59 | N4: =M4-L4 -> -1 | O4: =ABS((20^2*125)/C4) -> 25 | P4: 100 | Q4: RHS
A5: 3 | B5: 01°05'49" | C5: 3500 | D5: 0.5 | E5: 1077423.7 | F5: 1077463.7 | G5: 1077490.7 | H5: 1077530.7 | I5: =E6-H5 -> 374.937 | J5: =H5-G5 -> 40 | K5: =G5-F5 -> 27.0163 | L5: 30 | M5: 33.713 | N5: =M5-L5 -> 3.713 | O5: =ABS((20^2*125)/C5) -> 14.285714 | P5: 100 | Q5: RHS
A6: 4 | B6: 01°05'05" | C6: 7000 | D6: 0.25 | E6: 1077905.6 | F6: 1077925.6 | G6: 1078038.1 | H6: 1078058.1 | I6: =E7-H6 -> 3690.8045 | J6: =H6-G6 -> 20 | K6: =G6-F6 -> 112.5167 | L6: 10 | M6: 16.857 | N6: =M6-L6 -> 6.857 | O6: =ABS((20^2*125)/C6) -> 7.1428571 | P6: 100 | Q6: LHS
A7: 5 | B7: 01°18'49" | C7: 3000 | D7: 0.58333333 | E7: 1081748.9 | F7: 1081788.9 | G7: 1081817.7 | H7: 1081857.7 | I7: =E8-H7 -> 153.1878 | J7: =H7-G7 -> 40 | K7: =G7-F7 -> 28.7737 | L7: 40 | M7: 45.932 | N7: =M7-L7 -> 5.932 | O7: =ABS((20^2*125)/C7) -> 16.666667 | P7: 100 | Q7: RHS
A8: 6 | B8: 03°18'05" | C8: 1750.0003 | D8: 0.99999983 | E8: 1082010.9 | F8: 1082080.9 | G8: 1082111.7 | H8: 1082181.7 | I8: =E9-H8 -> 162.3465 | J8: =H8-G8 -> 70 | K8: =G8-F8 -> 30.8314 | L8: 70 | M8: 78.74 | N8: =M8-L8 -> 8.74 | O8: =ABS((20^2*125)/C8) -> 28.571424 | P8: 100 | Q8: LHS
A9: 7 | B9: 01°55'35" | C9: 2500 | D9: 0.7 | E9: 1082344.1 | F9: 1082394.1 | G9: 1082428.1 | H9: 1082478.1 | I9: =E10-H9 -> 255.4706 | J9: =H9-G9 -> 50 | K9: =G9-F9 -> 34.0556 | L9: 60 | M9: 55.118 | N9: =M9-L9 -> -4.882 | O9: =ABS((20^2*125)/C9) -> 20 | P9: 100 | Q9: RHS
A10: 8 | B10: 01°47'58" | C10: 2500 | D10: 0.7 | E10: 1082733.6 | F10: 1082783.6 | G10: 1082812.1 | H10: 1082862.1 | I10: =E11-H10 -> 261.7136 | J10: =H10-G10 -> 50 | K10: =G10-F10 -> 28.5114 | L10: 50 | M10: 55.118 | N10: =M10-L10 -> 5.118 | O10: =ABS((20^2*125)/C10) -> 20 | P10: 100 | Q10: RHS
A11: 9 | B11: 01°45'12" | C11: 2500 | D11: 0.7 | E11: 1083123.8 | F11: 1083173.8 | G11: 1083200.3 | H11: 1083250.3 | I11: =E12-H11 -> 685.0792 | J11: =H11-G11 -> 50 | K11: =G11-F11 -> 26.4994 | L11: 50 | M11: 55.118 | N11: =M11-L11 -> 5.118 | O11: =ABS((20^2*125)/C11) -> 20 | P11: 100 | Q11: LHS
A12: 10 | B12: 00°51'41" | C12: 5000 | D12: 0.35 | E12: 1083935.4 | F12: 1083975.4 | G12: 1084010.6 | H12: 1084050.6 | I12: =E13-H12 -> 123.9782 | J12: =H12-G12 -> 40 | K12: =G12-F12 -> 35.1735 | L12: 20 | M12: 27.559 | N12: =M12-L12 -> 7.559 | O12: =ABS((20^2*125)/C12) -> 10 | P12: 100 | Q12: LHS
A13: 11 | B13: 00°51'37" | C13: 5000 | D13: 0.35 | E13: 1084174.6 | F13: 1084214.6 | G13: 1084249.6 | H13: 1084289.6 | I13: =E14-H13 -> 227.7116 | J13: =H13-G13 -> 40 | K13: =G13-F13 -> 35.0846 | L13: 20 | M13: 27.559 | N13: =M13-L13 -> 7.559 | O13: =ABS((20^2*125)/C13) -> 10 | P13: 100 | Q13: RHS
A14: 12 | B14: 01°14'58" | C14: 3000 | D14: 0.58333333 | E14: 1084517.4 | F14: 1084557.4 | G14: 1084582.8 | H14: 1084622.8 | I14: =E15-H14 -> 62.0547 | J14: =H14-G14 -> 40 | K14: =G14-F14 -> 25.4197 | L14: 40 | M14: 45.932 | N14: =M14-L14 -> 5.932 | O14: =ABS((20^2*125)/C14) -> 16.666667 | P14: 100 | Q14: RHS
... A74: 72 | B74: 11°40'25" | C74: 1750.0003 | D74: 0.99999983 | E74: 1147068.4 | F74: 1147138.4 | G74: 1147424.9 | H74: 1147494.9 | I74: =E75-H74 -> 433.3187 | J74: =H74-G74 -> 70 | K74: =G74-F74 -> 286.5502 | L74: 70 | M74: 78.736 | N74: =M74-L74 -> 8.736 | O74: =ABS((20^2*125)/C74) -> 28.571424 | P74: 100 | Q74: RHS
A75: 73 | B75: 65°35'05" | C75: 701 | D75: 2.4964337 | E75: 1147928.3 | F75: 1148088.3 | G75: 1148730.5 | H75: 1148890.5 | I75: =E76-H75 -> 455.26 | J75: =H75-G75 -> 160 | K75: =G75-F75 -> 642.2538 | L75: 165 | M75: 196.845 | N75: =M75-L75 -> 31.845 | O75: =ABS((20^2*125)/C75) -> 71.326676 | P75: 100 | Q75: LHS | R75: Ambala Detour
A76: 74 | B76: 108°49'30" | C76: 700.08 | D76: 2.4997143 | E76: 1149345.8 | F76: 1149505.8 | G76: 1150675.3 | H76: 1150835.3 | I76: =E77-H76 -> 373.33 | J76: =H76-G76 -> 160 | K76: =G76-F76 -> 1169.5414 | L76: 165 | M76: 196.707 | N76: =M76-L76 -> 31.707 | O76: =ABS((20^2*125)/C76) -> 71.420409 | P76: 100 | Q76: RHS
A77: 75 | B77: 63°32'08" | C77: 700 | D77: 2.5 | E77: 1151208.6 | F77: 1151368.6 | G77: 1151984.9 | H77: 1152144.9 | I77: =E78-H77 -> 177.9528 | J77: =H77-G77 -> 160 | K77: =G77-F77 -> 616.2327 | L77: 165 | M77: 196.528 | N77: =M77-L77 -> 31.528 | O77: =ABS((20^2*125)/C77) -> 71.428571 | P77: 100 | Q77: LHS
A78: 76 | B78: 00°27'53" | C78: 9999.9999 | D78: 0.175 | E78: 1152322.8 | F78: 1152352.8 | G78: 1152403.9 | H78: 1152433.9 | I78: =E79-H78 -> 101.2352 | J78: =H78-G78 -> 30 | K78: =G78-F78 -> 51.1001 | L78: 10 | M78: 13.61 | N78: =M78-L78 -> 3.61 | O78: =ABS((20^2*125)/C78) -> 5.0000001 | P78: 100 | Q78: RHS
A79: 77 | B79: 00°27'53" | C79: 10000 | D79: 0.175 | E79: 1152535.2 | F79: 1152565.2 | G79: 1152616.3 | H79: 1152646.3 | I79: =E80-H79 -> 1037.1291 | J79: =H79-G79 -> 30 | K79: =G79-F79 -> 51.1001 | L79: 10 | M79: 13.61 | N79: =M79-L79 -> 3.61 | O79: =ABS((20^2*125)/C79) -> 5 | P79: 100 | Q79: LHS
A80: 78 | B80: 01°12'13" | C80: 3500 | D80: 0.5 | E80: 1153683.4 | F80: 1153723.4 | G80: 1153756.9 | H80: 1153796.9 | I80: =E81-H80 -> 270.525 | J80: =H80-G80 -> 40 | K80: =G80-F80 -> 33.5254 | L80: 30 | M80: 39.006 | N80: =M80-L80 -> 9.006 | O80: =ABS((20^2*125)/C80) -> 14.285714 | P80: 100 | Q80: RHS
A81: 79 | B81: 00°33'32" | C81: 12000 | D81: 0.14583333 | E81: 1154067.4 | F81: 1154087.4 | G81: 1154184.5 | H81: 1154204.5 | I81: =E82-H81 -> 697.3826 | J81: =H81-G81 -> 20 | K81: =G81-F81 -> 97.027 | L81: 10 | M81: 11.27 | N81: =M81-L81 -> 1.27 | O81: =ABS((20^2*125)/C81) -> 4.1666667 | P81: 100 | Q81: RHS
A82: 80 | B82: 00°38'01" | C82: 10000 | D82: 0.175 | E82: 1154901.8 | F82: 1154921.8 | G82: 1155012.4 | H82: 1155032.4 | I82: =E83-H82 -> 60.3662 | J82: =H82-G82 -> 20 | K82: =G82-F82 -> 90.5824 | L82: 10 | M82: 13.525 | N82: =M82-L82 -> 3.525 | O82: =ABS((20^2*125)/C82) -> 5 | P82: 100 | Q82: LHS
A83: 81 | B83: 01°50'55" | C83: 2500 | D83: 0.7 | E83: 1155092.8 | F83: 1155142.8 | G83: 1155173.5 | H83: 1155223.5 | I83: =E84-H83 -> 68.3512 | J83: =H83-G83 -> 50 | K83: =G83-F83 -> 30.6584 | L83: 50 | M83: 54.715 | N83: =M83-L83 -> 4.715 | O83: =ABS((20^2*125)/C83) -> 20 | P83: 100 | Q83: LHS
A84: 82 | B84: 01°51'28" | C84: 2250 | D84: 0.77777778 | E84: 1155291.8 | F84: 1155341.8 | G84: 1155364.8 | H84: 1155414.8 | I84: =E85-H84 -> 2345.6809 | J84: =H84-G84 -> 50 | K84: =G84-F84 -> 22.956 | L84: 50 | M84: 60.787 | N84: =M84-L84 -> 10.787 | O84: =ABS((20^2*125)/C84) -> 22.222222 | P84: 100 | Q84: RHS
A85: 83 | B85: 00°33'46" | C85: 8099.9999 | D85: 0.21604939 | E85: 1157760.4 | F85: 1157790.4 | G85: 1157840 | H85: 1157870 | I85: =E86-H85 -> 55.784 | J85: =H85-G85 -> 30 | K85: =G85-F85 -> 49.5504 | L85: 10 | M85: 16.802 | N85: =M85-L85 -> 6.802 | O85: =ABS((20^2*125)/C85) -> 6.1728396 | P85: 100 | Q85: LHS
A86: 84 | B86: 00°32'26" | C86: 7000.0001 | D86: 0.25 | E86: 1157925.8 | F86: 1157965.8 | G86: 1157991.8 | H86: 1158031.8 | I86: =E87-H86 -> 151.9676 | J86: =H86-G86 -> 40 | K86: =G86-F86 -> 26.027 | L86: 10 | M86: 19.502 | N86: =M86-L86 -> 9.502 | O86: =ABS((20^2*125)/C86) -> 7.142857 | P86: 100 | Q86: RHS
A87: 85 | B87: 01°08'10" | C87: 4000 | D87: 0.4375 | E87: 1158183.8 | F87: 1158213.8 | G87: 1158263.1 | H87: 1158293.1 | I87: =E88-H87 -> 60.6749 | J87: =H87-G87 -> 30 | K87: =G87-F87 -> 49.3162 | L87: 30 | M87: 34.024 | N87: =M87-L87 -> 4.024 | O87: =ABS((20^2*125)/C87) -> 12.5 | P87: 100 | Q87: RHS
... A107: 105 | B107: 00°32'21" | C107: 10000 | D107: 0.175 | E107: 1173227.7 | F107: 1173247.7 | G107: 1173321.8 | H107: 1173341.8 | I107: =E108-H107 -> 1484.7109 | J107: =H107-G107 -> 20 | K107: =G107-F107 -> 74.0839 | L107: 10 | M107: 13.525 | N107: =M107-L107 -> 3.525 | O107: =ABS((20^2*125)/C107) -> 5 | P107: 100 | Q107: LHS
A108: 106 | B108: 14°21'53" | C108: 800 | D108: 2.1875 | E108: 1174826.5 | F108: 1174966.5 | G108: 1175027.1 | H108: 1175167.1 | I108: =E109-H108 -> 53.641 | J108: =H108-G108 -> 140 | K108: =G108-F108 -> 60.5678 | L108: 165 | M108: 171.787 | N108: =M108-L108 -> 6.787 | O108: =ABS((20^2*125)/C108) -> 62.5 | P108: 100 | Q108: LHS | R108: Rajpura Detour
A109: 107 | B109: 42°03'37" | C109: 700.0069 | D109: 2.4999754 | E109: 1175220.7 | F109: 1175300.7 | G109: 1175734.6 | H109: 1175814.6 | I109: =E110-H109 -> 179.4867 | J109: =H109-G109 -> 80 | K109: =G109-F109 -> 433.8668 | L109: 150 | M109: 195.915 | N109: =M109-L109 -> 45.915 | O109: =ABS((20^2*125)/C109) -> 71.427867 | P109: 100 | Q109: RHS
A110: 108 | B110: 32°25'13" | C110: 700.0069 | D110: 2.4999754 | E110: 1175994 | F110: 1176074 | G110: 1176390.1 | H110: 1176470.1 | I110: =E111-H110 -> 784.1791 | J110: =H110-G110 -> 80 | K110: =G110-F110 -> 316.091 | L110: 150 | M110: 195.904 | N110: =M110-L110 -> 45.904 | O110: =ABS((20^2*125)/C110) -> 71.427867 | P110: 100 | Q110: LHS
A111: 109 | B111: 08°50'12" | C111: 4000 | D111: 0.4375 | E111: 1177254.3 | F111: 1177284.3 | G111: 1177871.2 | H111: 1177901.2 | I111: =E112-H111 -> 153.7197 | J111: =H111-G111 -> 30 | K111: =G111-F111 -> 586.9236 | L111: 30 | M111: 34.004 | N111: =M111-L111 -> 4.004 | O111: =ABS((20^2*125)/C111) -> 12.5 | P111: 100 | Q111: RHS
A112: 110 | B112: 01°32'37" | C112: 3500 | D112: 0.5 | E112: 1178055 | F112: 1178095 | G112: 1178149.3 | H112: 1178189.3 | I112: =E113-H112 -> 524.8252 | J112: =H112-G112 -> 40 | K112: =G112-F112 -> 54.2983 | L112: 30 | M112: 38.99 | N112: =M112-L112 -> 8.99 | O112: =ABS((20^2*125)/C112) -> 14.285714 | P112: 100 | Q112: LHS
A113: 111 | B113: 03°41'05" | C113: 1700.0003 | D113: 1.0294116 | E113: 1178714.1 | F113: 1178784.1 | G113: 1178823.4 | H113: 1178893.4 | I113: =E114-H113 -> 54.1594 | J113: =H113-G113 -> 70 | K113: =G113-F113 -> 39.3288 | L113: 80 | M113: 80.607 | N113: =M113-L113 -> 0.607 | O113: =ABS((20^2*125)/C113) -> 29.41176 | P113: 100 | Q113: RHS
A114: 112 | B114: 04°34'48" | C114: 1750.0003 | D114: 0.99999983 | E114: 1178947.6 | F114: 1179017.6 | G114: 1179087.5 | H114: 1179157.5 | I114: =E115-H114 -> 627.5532 | J114: =H114-G114 -> 70 | K114: =G114-F114 -> 69.8874 | L114: 70 | M114: 78.304 | N114: =M114-L114 -> 8.304 | O114: =ABS((20^2*125)/C114) -> 28.571424 | P114: 100 | Q114: LHS
A115: 113 | B115: 02°02'50" | C115: 2500 | D115: 0.7 | E115: 1179785 | F115: 1179835 | G115: 1179874.3 | H115: 1179924.3 | I115: =E116-H115 -> 137.1455 | J115: =H115-G115 -> 50 | K115: =G115-F115 -> 39.3274 | L115: 50 | M115: 54.693 | N115: =M115-L115 -> 4.693 | O115: =ABS((20^2*125)/C115) -> 20 | P115: 100 | Q115: LHS
A116: 114 | B116: 01°39'40" | C116: 7000 | D116: 0.25 | E116: 1180061.5 | F116: 1180081.5 | G116: 1180264.4 | H116: 1180284.4 | I116: =E117-H116 -> 393.7497 | J116: =H116-G116 -> 20 | K116: =G116-F116 -> 182.9263 | L116: 20 | M116: 19.305 | N116: =M116-L116 -> -0.695 | O116: =ABS((20^2*125)/C116) -> 7.1428571 | P116: 100 | Q116: RHS
A117: 115 | B117: 00°47'45" | C117: 4499.9999 | D117: 0.3888889 | E117: 1180678.2 | F117: 1180708.2 | G117: 1180740.7 | H117: 1180770.7 | I117: =E118-H117 -> 83.4928 | J117: =H117-G117 -> 30 | K117: =G117-F117 -> 32.496 | L117: 30 | M117: 30.578 | N117: =M117-L117 -> 0.578 | O117: =ABS((20^2*125)/C117) -> 11.111111 | P117: 100 | Q117: LHS
A118: 116 | B118: 00°47'45" | C118: 5800 | D118: 0.30172414 | E118: 1180854.1 | F118: 1180874.1 | G118: 1180934.7 | H118: 1180954.7 | I118: =E119-H118 -> 229.2865 | J118: =H118-G118 -> 20 | K118: =G118-F118 -> 60.5504 | L118: 20 | M118: 23.724 | N118: =M118-L118 -> 3.724 | O118: =ABS((20^2*125)/C118) -> 8.6206897 | P118: 100 | Q118: RHS
A119: 117 | B119: 00°34'38" | C119: 7000.0001 | D119: 0.25 | E119: 1181184 | F119: 1181214 | G119: 1181254.5 | H119: 1181284.5 | I119: =E120-H119 -> 5898.4304 | J119: =H119-G119 -> 30 | K119: =G119-F119 -> 40.5096 | L119: 10 | M119: 19.657 | N119: =M119-L119 -> 9.657 | O119: =ABS((20^2*125)/C119) -> 7.142857 | P119: 100 | Q119: RHS
A120: 118 | B120: 01°32'58" | C120: 2800 | D120: 0.625 | E120: 1187182.9 | F120: 1187222.9 | G120: 1187258.6 | H120: 1187298.6 | I120: =E121-H120 -> 818.5164 | J120: =H120-G120 -> 40 | K120: =G120-F120 -> 35.719 | L120: 40 | M120: 49.143 | N120: =M120-L120 -> 9.143 | O120: =ABS((20^2*125)/C120) -> 17.857143 | P120: 100 | Q120: RHS
... A137: 135 | B137: 03°31'42" | C137: 3550 | D137: 0.49295775 | E137: 1203810.6 | F137: 1203840.6 | G137: 1204029.3 | H137: 1204059.3 | I137: =E138-H137 -> 654.9905 | J137: =H137-G137 -> 30 | K137: =G137-F137 -> 188.6181 | L137: 30 | M137: 38.761 | N137: =M137-L137 -> 8.761 | O137: =ABS((20^2*125)/C137) -> 14.084507 | P137: 100 | Q137: RHS
A138: 136 | B138: 48°10'00" | C138: 700 | D138: 2.5 | E138: 1204714.2 | F138: 1204874.2 | G138: 1205302.7 | H138: 1205462.7 | I138: =E139-H138 -> 246.7396 | J138: =H138-G138 -> 160 | K138: =G138-F138 -> 428.4652 | L138: 165 | M138: 196.54 | N138: =M138-L138 -> 31.54 | O138: =ABS((20^2*125)/C138) -> 71.428571 | P138: 100 | Q138: RHS | R138: Sirhind Detour
A139: 137 | B139: 128°38'45" | C139: 700 | D139: 2.5 | E139: 1205709.4 | F139: 1205869.4 | G139: 1207281.2 | H139: 1207441.2 | I139: =E140-H139 -> 423.2811 | J139: =H139-G139 -> 160 | K139: =G139-F139 -> 1411.7065 | L139: 165 | M139: 196.54 | N139: =M139-L139 -> 31.54 | O139: =ABS((20^2*125)/C139) -> 71.428571 | P139: 100 | Q139: LHS
A140: 138 | B140: 107°23'23" | C140: 700.0069 | D140: 2.4999754 | E140: 1207864.4 | F140: 1207944.4 | G140: 1209176.5 | H140: 1209256.5 | I140: =E141-H140 -> 557.8667 | J140: =H140-G140 -> 80 | K140: =G140-F140 -> 1232.0235 | L140: 150 | M140: 196.569 | N140: =M140-L140 -> 46.569 | O140: =ABS((20^2*125)/C140) -> 71.427867 | P140: 100 | Q140: RHS
A141: 139 | B141: 32°39'57" | C141: 703 | D141: 2.4893314 | E141: 1209814.3 | F141: 1209974.3 | G141: 1210215.1 | H141: 1210375.1 | I141: =E142-H141 -> 524.6461 | J141: =H141-G141 -> 160 | K141: =G141-F141 -> 240.7983 | L141: 165 | M141: 196.54 | N141: =M141-L141 -> 31.54 | O141: =ABS((20^2*125)/C141) -> 71.123755 | P141: 100 | Q141: LHS
A142: 140 | B142: 02°26'54" | C142: 2800 | D142: 0.625 | E142: 1210899.8 | F142: 1210939.8 | G142: 1211019.4 | H142: 1211059.4 | I142: =E143-H142 -> 94.6505 | J142: =H142-G142 -> 40 | K142: =G142-F142 -> 79.6485 | L142: 40 | M142: 49.143 | N142: =M142-L142 -> 9.143 | O142: =ABS((20^2*125)/C142) -> 17.857143 | P142: 100 | Q142: RHS
A143: 141 | B143: 02°17'15" | C143: 2100 | D143: 0.83333333 | E143: 1211154.1 | F143: 1211214.1 | G143: 1211237.9 | H143: 1211297.9 | I143: =E144-H143 -> 170.3467 | J143: =H143-G143 -> 60 | K143: =G143-F143 -> 23.8441 | L143: 60 | M143: 65.524 | N143: =M143-L143 -> 5.524 | O143: =ABS((20^2*125)/C143) -> 23.809524 | P143: 100 | Q143: LHS
A144: 142 | B144: 10°43'13" | C144: 700.0069 | D144: 2.4999754 | E144: 1211468.3 | F144: 1211548.3 | G144: 1211599.2 | H144: 1211679.2 | I144: =E145-H144 -> 161.2361 | J144: =H144-G144 -> 80 | K144: =G144-F144 -> 50.9726 | L144: 150 | M144: 196.569 | N144: =M144-L144 -> 46.569 | O144: =ABS((20^2*125)/C144) -> 71.427867 | P144: 100 | Q144: RHS | R144: Mandi Govindgarh-Cutt-Connection
A145: 143 | B145: 10°50'56" | C145: 700.0069 | D145: 2.4999754 | E145: 1211840.5 | F145: 1211920.5 | G145: 1211973 | H145: 1212053 | I145: =E146-H145 -> 2464.2084 | J145: =H145-G145 -> 80 | K145: =G145-F145 -> 52.5458 | L145: 150 | M145: 196.569 | N145: =M145-L145 -> 46.569 | O145: =ABS((20^2*125)/C145) -> 71.427867 | P145: 100 | Q145: LHS
A146: 144 | B146: 11°04'50" | C146: 700 | D146: 2.5 | E146: 1214517.2 | F146: 1214597.2 | G146: 1214652.6 | H146: 1214732.6 | I146: =E147-H146 -> 125.8813 | J146: =H146-G146 -> 80 | K146: =G146-F146 -> 55.3751 | L146: 150 | M146: 196.569 | N146: =M146-L146 -> 46.569 | O146: =ABS((20^2*125)/C146) -> 71.428571 | P146: 100 | Q146: LHS
A147: 145 | B147: 09°17'26" | C147: 700 | D147: 2.5 | E147: 1214858.5 | F147: 1214938.5 | G147: 1214972 | H147: 1215052 | I147: =E148-H147 -> 573.0063 | J147: =H147-G147 -> 80 | K147: =G147-F147 -> 33.5043 | L147: 150 | M147: 196.569 | N147: =M147-L147 -> 46.569 | O147: =ABS((20^2*125)/C147) -> 71.428571 | P147: 100 | Q147: RHS
A148: 146 | B148: 04°38'32" | C148: 2000 | D148: 0.875 | E148: 1215625 | F148: 1215685 | G148: 1215787 | H148: 1215847 | I148: =E149-H148 -> 147.6299 | J148: =H148-G148 -> 60 | K148: =G148-F148 -> 102.0419 | L148: 60 | M148: 68.8 | N148: =M148-L148 -> 8.8 | O148: =ABS((20^2*125)/C148) -> 25 | P148: 100 | Q148: RHS
A149: 147 | B149: 02°38'07" | C149: 2000 | D149: 0.875 | E149: 1215994.7 | F149: 1216054.7 | G149: 1216086.7 | H149: 1216146.7 | I149: =E150-H149 -> 467.8654 | J149: =H149-G149 -> 60 | K149: =G149-F149 -> 31.9927 | L149: 60 | M149: 68.8 | N149: =M149-L149 -> 8.8 | O149: =ABS((20^2*125)/C149) -> 25 | P149: 100 | Q149: LHS
A150: 148 | B150: 00°15'28" | C150: 20000 | D150: 0.0875 | E150: 1216614.5 | F150: 1216644.5 | G150: 1216704.5 | H150: 1216734.5 | I150: =E151-H150 -> 5592.2585 | J150: =H150-G150 -> 30 | K150: =G150-F150 -> 59.9338 | L150: 10 | M150: 6.88 | N150: =M150-L150 -> -3.12 | O150: =ABS((20^2*125)/C150) -> 2.5 | P150: 100 | Q150: LHS
A151: 149 | B151: 01°48'04" | C151: 2300 | D151: 0.76086957 | E151: 1222326.7 | F151: 1222376.7 | G151: 1222399 | H151: 1222449 | I151: =E152-H151 -> 51.2628 | J151: =H151-G151 -> 50 | K151: =G151-F151 -> 22.3033 | L151: 50 | M151: 59.826 | N151: =M151-L151 -> 9.826 | O151: =ABS((20^2*125)/C151) -> 21.73913 | P151: 100 | Q151: LHS
A152: 150 | B152: 01°50'55" | C152: 2300 | D152: 0.76086957 | E152: 1222500.3 | F152: 1222550.3 | G152: 1222574.5 | H152: 1222624.5 | I152: =E153-H152 -> 395.4421 | J152: =H152-G152 -> 50 | K152: =G152-F152 -> 24.2118 | L152: 50 | M152: 59.826 | N152: =M152-L152 -> 9.826 | O152: =ABS((20^2*125)/C152) -> 21.73913 | P152: 100 | Q152: RHS
A153: 151 | B153: 01°30'49" | C153: 2800 | D153: 0.625 | E153: 1223019.9 | F153: 1223059.9 | G153: 1223093.9 | H153: 1223133.9 | I153: =E154-H153 -> 106.7891 | J153: =H153-G153 -> 40 | K153: =G153-F153 -> 33.9693 | L153: 40 | M153: 49.143 | N153: =M153-L153 -> 9.143 | O153: =ABS((20^2*125)/C153) -> 17.857143 | P153: 100 | Q153: LHS
A154: 152 | B154: 02°04'11" | C154: 3000 | D154: 0.58333333 | E154: 1223240.7 | F154: 1223280.7 | G154: 1223349.1 | H154: 1223389.1 | I154: =E155-H154 -> 62.8186 | J154: =H154-G154 -> 40 | K154: =G154-F154 -> 68.3685 | L154: 40 | M154: 45.867 | N154: =M154-L154 -> 5.867 | O154: =ABS((20^2*125)/C154) -> 16.666667 | P154: 100 | Q154: RHS
A155: 153 | B155: 01°40'14" | C155: 5000 | D155: 0.35 | E155: 1223451.9 | F155: 1223471.9 | G155: 1223597.6 | H155: 1223617.6 | I155: =E156-H155 -> 56.5957 | J155: =H155-G155 -> 20 | K155: =G155-F155 -> 125.7734 | L155: 20 | M155: 27.52 | N155: =M155-L155 -> 7.52 | O155: =ABS((20^2*125)/C155) -> 10 | P155: 100 | Q155: LHS
A156: 154 | B156: 00°19'33" | C156: 10000 | D156: 0.175 | E156: 1223674.2 | F156: 1223694.2 | G156: 1223731.1 | H156: 1223751.1 | I156: =E157-H156 -> 75.8346 | J156: =H156-G156 -> 20 | K156: =G156-F156 -> 36.8768 | L156: 20 | M156: 13.76 | N156: =M156-L156 -> -6.24 | O156: =ABS((20^2*125)/C156) -> 5 | P156: 100 | Q156: LHS
... A182: 180 | B182: 02°34'43" | C182: 2000 | D182: 0.875 | E182: 1245139.4 | F182: 1245199.4 | G182: 1245229.4 | H182: 1245289.4 | I182: =E183-H182 -> 289.4899 | J182: =H182-G182 -> 60 | K182: =G182-F182 -> 30.0064 | L182: 60 | M182: 68.8 | N182: =M182-L182 -> 8.8 | O182: =ABS((20^2*125)/C182) -> 25 | P182: 100 | Q182: RHS
A183: 181 | B183: 00°54'37" | C183: 2000 | D183: 0.875 | E183: 1245578.9 | F183: 1245638.9 | G183: 1245670.7 | H183: 1245730.7 | I183: =F184-H183 -> 5018.785 | J183: =H183-G183 -> 60 | K183: =G183-F183 -> 31.7743 | L183: 60 | M183: 68.8 | N183: =M183-L183 -> 8.8 | O183: =ABS((20^2*125)/C183) -> 25 | P183: 100 | Q183: LHS
A184: 182 | B184: 1° 8' 30.702" | C184: 1750 | D184: 1 | F184: 1250749.5 | G184: 1250784.4 | I184: =F185-G184 -> 122.1542 | J184: 0 | K184: =G184-F184 -> 34.8762 | L184: 0 | M184: 7 | N184: =M184-L184 -> 7 | O184: =ABS((20^2*125)/C184) -> 28.571429 | P184: 30 | Q184: RHS
A185: 183 | B185: 1° 1' 18.392" | C185: 1750 | D185: 1 | F185: 1250906.5 | G185: 1250937.7 | I185: =F186-G185 -> 27.4944 | J185: 0 | K185: =G185-F185 -> 31.2084 | L185: 0 | M185: 7 | N185: =M185-L185 -> 7 | O185: =ABS((20^2*125)/C185) -> 28.571429 | P185: 30 | Q185: RHS
F186: 1250965.2
H187: LIST OF HORIZONTAL CURVE OF DFC LINK LINE [EDFC SAHNEWAL - PILKHANI SECTION- 301]
A188: Curve No. | B188: Delta | C188: Radius (m) | D188: Degree of Curve | E188: TTP-1 Spiral Start | F188: CTP-1 Circular Curve Start | G188: CTP-2 Circular Curve End | H188: TTP-2 Spiral End | I188: Straight Length (m) | J188: Transition Length (m) | K188: Circular Length (m) | L188: Applied Cant (mm) | M188: Equilibrium Cant (mm) | N188: Cant Deficiency (mm) | O188: Versine in (mm) | P188: Permissible Speed (km/ph) | Q188: Hand of Curve | R188: Remarks
A189: 103A | B189: 0° 45 ' 16" | C189: 4999.9999 | D189: 0.35000001 | E189: 1172295.2 | F189: 1172335.2 | G189: 1172361.1 | H189: 1172401.1 | I189: 0 | J189: 40 | K189: 25.829 | L189: 20 | M189: 27.52 | N189: 7.52 | O189: =ABS((20^2*125)/C189) -> 10 | P189: 100 | Q189: LHS
A190: 104A | B190: 0° 45 ' 15" | C190: 10000 | D190: 0.175 | E190: 1172544.7 | F190: 1172564.7 | G190: 1172676.4 | H190: 1172696.4 | I190: =E190-H189 -> 143.631 | J190: 20 | K190: 111.657 | L190: 10 | M190: 13.76 | N190: 3.76 | O190: =ABS((20^2*125)/C190) -> 5 | P190: 100 | Q190: RHS
A191: 104B | B191: 0° 34 ' 44" | C191: 5999.9997 | D191: 0.29166668 | E191: 1172931 | F191: 1172971 | G191: 1172991.6 | H191: 1173031.6 | I191: =E191-H190 -> 234.666 | J191: 40 | K191: 20.617 | L191: 20 | M191: 22.933 | N191: 2.933 | O191: =ABS((20^2*125)/C191) -> 8.3333338 | P191: 100 | Q191: RHS
A192: 105A | B192: 0° 38 ' 3" | C192: 10000 | D192: 0.175 | E192: 1173174.2 | F192: 1173194.2 | G192: 1173284.9 | H192: 1173304.9 | I192: =E192-H191 -> 142.599 | J192: 20 | K192: 90.708 | L192: 10 | M192: 13.76 | N192: 3.76 | O192: =ABS((20^2*125)/C192) -> 5 | P192: 100 | Q192: LHS
A193: 106A | B193: 1° 8 ' 24" | C193: 6000 | D193: 0.29166667 | E193: 1174845 | F193: 1174865 | G193: 1174964.4 | H193: 1174984.4 | I193: =E193-H192 -> 1540.039 | J193: 20 | K193: 99.369 | L193: 20 | M193: 22.933 | N193: 2.933 | O193: =ABS((20^2*125)/C193) -> 8.3333333 | P193: 100 | Q193: RHS
A194: 107A | B194: 3° 35 ' 34" | C194: 2000 | D194: 0.875 | E194: 1175704 | F194: 1175764 | G194: 1175829.4 | H194: 1175889.4 | I194: =E194-H193 -> 719.667 | J194: 60 | K194: 65.416 | L194: 60 | M194: 68.8 | N194: 8.8 | O194: =ABS((20^2*125)/C194) -> 25 | P194: 100 | Q194: LHS
A195: 108A | B195: 3° 28 ' 50" | C195: 3000 | D195: 0.58333333 | E195: 1176046 | F195: 1176086 | G195: 1176228.2 | H195: 1176268.2 | I195: =E195-H194 -> 156.542 | J195: 40 | K195: 142.242 | L195: 40 | M195: 45.867 | N195: 5.867 | O195: =ABS((20^2*125)/C195) -> 16.666667 | P195: 100 | Q195: RHS
A196: 108B | B196: 1° 12 ' 48" | C196: 4000 | D196: 0.4375 | E196: 1176470.1 | F196: 1176500.1 | G196: 1176554.8 | H196: 1176584.8 | I196: =E196-H195 -> 201.852 | J196: 30 | K196: 54.707 | L196: 30 | M196: 34.4 | N196: 4.4 | O196: =ABS((20^2*125)/C196) -> 12.5 | P196: 100 | Q196: LHS
A197: 108C | B197: 1° 23 ' 9" | C197: 5250 | D197: 0.35 | E197: 1176694.3 | F197: 1176724.3 | G197: 1176823.9 | H197: 1176853.9 | I197: =E197-H196 -> 109.544 | J197: 30 | K197: 99.6049 | L197: 20 | M197: 0 | N197: 7.52 | O197: =ABS((20^2*125)/C197) -> 9.5238095 | P197: 100 | Q197: RHS
A198: 108D | B198: 1° 34 ' 19" | C198: 2250 | D198: 0.77777778 | E198: 1177181.5 | F198: 1177221.5 | G198: 1177243.2 | H198: 1177283.2 | I198: =E198-H197 -> 327.58 | J198: =F198-E198 -> 40 | K198: =G198-F198 -> 21.74 | L198: 20 | M198: 0 | N198: 7.52 | O198: =ABS((20^2*125)/C198) -> 22.222222 | P198: 100 | Q198: RHS
A199: 109A | B199: 1° 30 ' 34" | C199: 3000 | D199: 0.58333333 | E199: 1177349.2 | F199: 1177399.2 | G199: 1177428.2 | H199: 1177478.2 | I199: =E199-H198 -> 65.943 | J199: 50 | K199: 29.031 | L199: 40 | M199: 61.156 | N199: 21.156 | O199: =ABS((20^2*125)/C199) -> 16.666667 | P199: 100 | Q199: LHS
A200: 109B | B200: 4° 15 ' 39" | C200: 2250 | D200: 0.77777778 | E200: 1177619 | F200: 1177679 | G200: 1177786.3 | H200: 1177846.3 | I200: =E200-H199 -> 140.779 | J200: 60 | K200: 107.328 | L200: 60 | M200: 68.8 | N200: 8.8 | O200: =ABS((20^2*125)/C200) -> 22.222222 | P200: 100 | Q200: RHS
A201: 110A | B201: 5° 2 ' 57" | C201: 2500 | D201: 0.7 | E201: 1177895.9 | F201: 1177945.9 | G201: 1178116.2 | H201: 1178166.2 | I201: =E201-H200 -> 49.521 | J201: 49.997 | K201: 170.311 | L201: 50 | M201: 55.04 | N201: 5.04 | O201: =ABS((20^2*125)/C201) -> 20 | P201: 100 | Q201: LHS
A202: 110B | B202: 2° 2 ' 14" | C202: 3000 | D202: 0.58333333 | E202: 1178289 | F202: 1178329 | G202: 1178395.7 | H202: 1178435.7 | I202: =E202-H201 -> 122.837 | J202: 40 | K202: 66.664 | L202: 40 | M202: 45.867 | N202: =M202-L202 -> 5.867 | O202: =ABS((20^2*125)/C202) -> 16.666667 | P202: 100 | Q202: RHS
A203: 107A | B203: 2° 58 ' 51" | C203: 2000 | D203: 0.875 | E203: 1178621.8 | F203: 1178661.8 | G203: 1178725.8 | H203: 1178765.8 | I203: =E203-H202 -> 186.099 | J203: 40 | K203: 64 | L203: 0 | M203: 6 | N203: 6 | O203: =ABS((20^2*125)/C203) -> 25 | P203: 30 | Q203: LHS
A204: 107B | B204: 0° 12 ' 28" | C204: 20000 | D204: 0.087500001 | E204: 1178888.5 | F204: 1178918.5 | G204: 1178961 | H204: 1178991 | I204: =E204-H203 -> 122.703 | J204: 30 | K204: 45.459 | L204: 0 | M204: 1 | N204: 1 | O204: =ABS((20^2*125)/C204) -> 2.5 | P204: 30 | Q204: RHS
A205: 107C | B205: 0° 21 ' 2.5" | C205: 5000 | D205: 0.35 | F205: 1179050.4 | G205: =F205+K205 -> 1179081 | I205: =F205-H204 -> 59.357 | J205: 0 | K205: 30.604 | L205: 0 | M205: 2 | N205: 2 | O205: =ABS((20^2*125)/C205) -> 10 | P205: 30 | Q205: LHS
A206: 107D | B206: 01° 39 '48" | C206: 1750 | D206: 1 | F206: 1179190.1 | G206: =F206+K206 -> 1179241 | I206: =F206-G205 -> 109.176 | J206: 0 | K206: 50.804 | L206: 0 | M206: 7.1 | N206: 7.1 | O206: =ABS((20^2*125)/C206) -> 28.571429 | P206: 30 | Q206: RHS
A207: 108A | B207: 6° 19 '24" | C207: 760 | D207: 2.3026316 | F207: 1179267 | G207: =F207+K207 -> 1179350.9 | I207: =F207-G206 -> 26.066 | J207: 0 | K207: 83.875 | L207: 0 | M207: 16.3 | N207: =M207-L207 -> 16.3 | O207: =ABS((20^2*125)/C207) -> 65.789474 | P207: 30 | Q207: RHS
A208: 108B | B208: 6° 11 ' 05" | C208: 555 | D208: 3.1531532 | F208: 1179351.2 | G208: =F208+K208 -> 1179411.2 | I208: =F208-G207 -> 0.345 | J208: 0 | K208: 59.917 | L208: 0 | M208: 22.3 | N208: =M208-L208 -> 22.3 | O208: =ABS((20^2*125)/C208) -> 90.09009 | P208: 30 | Q208: LHS

Sheet  Curve List for Drg.
A1: DETAIL OF DFC CURVE
A2: CURVE NO. | B2: DEF.ANGLE | C2: DEGREE | D2: RADIUS(M) | E2: CCL(M) | F2: TTL/TL (M) | G2: TRL(M) | H2: SPEED (Vmax) | I2: Ca. (mm) | J2: Cd. (mm) | K2: Hand of Curve
A3: 1 | B3: ='Horizontal Curve List (ML)'!B3 -> 02°18'00" | C3: 0.875° | D3: 2000 | E3: 20.2828 | G3: 60 | H3: 100 | I3: 60 | J3: 1 | K3: LH
A4: 2 | B4: ='Horizontal Curve List (ML)'!B4 -> 02°28'07" | C4: 0.875° | D4: 2000 | E4: 26.1744 | G4: 60 | H4: 100 | I4: 60 | J4: 1 | K4: RH
A5: 3 | B5: ='Horizontal Curve List (ML)'!B5 -> 01°05'49" | C5: 0.5° | D5: 3500 | E5: 27.0163 | G5: 40 | H5: 100 | I5: 30 | J5: 3.713 | K5: RH
A6: 4 | B6: ='Horizontal Curve List (ML)'!B6 -> 01°05'05" | C6: 0.25° | D6: 7000 | E6: 112.5167 | G6: 20 | H6: 100 | I6: 10 | J6: 6.857 | K6: LH
A7: 5 | B7: ='Horizontal Curve List (ML)'!B7 -> 01°18'49" | C7: 0.583° | D7: 3000 | E7: 28.7737 | G7: 40 | H7: 100 | I7: 40 | J7: 5.932 | K7: RH
A8: 6 | B8: ='Horizontal Curve List (ML)'!B8 -> 03°18'05" | C8: 1° | D8: 1750.0003 | E8: 30.8314 | G8: 70 | H8: 100 | I8: 70 | J8: 8.74 | K8: LH
A9: 7 | B9: ='Horizontal Curve List (ML)'!B9 -> 01°55'35" | C9: 0.7° | D9: 2500 | E9: 34.0556 | G9: 50 | H9: 100 | I9: 60 | J9: 4.882 | K9: RH
A10: 8 | B10: ='Horizontal Curve List (ML)'!B10 -> 01°47'58" | C10: 0.7° | D10: 2500 | E10: 28.5114 | G10: 50 | H10: 100 | I10: 50 | J10: 5.118 | K10: RH
A11: 9 | B11: ='Horizontal Curve List (ML)'!B11 -> 01°45'12" | C11: 0.7° | D11: 2500 | E11: 26.4994 | G11: 50 | H11: 100 | I11: 50 | J11: 5.118 | K11: LH
A12: 10 | B12: ='Horizontal Curve List (ML)'!B12 -> 00°51'41" | C12: 0.35° | D12: 5000 | E12: 35.1735 | G12: 40 | H12: 100 | I12: 20 | J12: 7.559 | K12: LH
A13: 11 | B13: ='Horizontal Curve List (ML)'!B13 -> 00°51'37" | C13: 0.35° | D13: 5000 | E13: 35.0846 | G13: 40 | H13: 100 | I13: 20 | J13: 7.559 | K13: RH
A14: 12 | B14: ='Horizontal Curve List (ML)'!B14 -> 01°14'58" | C14: 0.583° | D14: 3000 | E14: 25.4197 | G14: 40 | H14: 100 | I14: 40 | J14: 5.932 | K14: RH
... A66: 64 | B66: ='Horizontal Curve List (ML)'!B66 -> 00°29'56" | C66: 0.219° | D66: 7999.9999 | E66: 49.677 | G66: 20 | H66: 100 | I66: 10 | J66: 7.221 | K66: LH
A67: 65 | B67: ='Horizontal Curve List (ML)'!B67 -> 03°16'22" | C67: 0.972° | D67: 1800.0002 | E67: 32.8139 | G67: 70 | H67: 100 | I67: 70 | J67: 6.549 | K67: LH | L67: New Dukheri Yard'
A68: 66 | B68: ='Horizontal Curve List (ML)'!B68 -> 04°03'25" | C68: 1.167° | D68: 1500.0007 | E68: 26.2079 | G68: 80 | H68: 100 | I68: 90 | J68: 1.86 | K68: RH
A69: 67 | B69: ='Horizontal Curve List (ML)'!B69 -> 02°25'47" | C69: 0.7° | D69: 2500 | E69: 56.0155 | G69: 50 | H69: 100 | I69: 50 | J69: 5.118 | K69: LH
A70: 68 | B70: ='Horizontal Curve List (ML)'!B70 -> 02°02'07" | C70: 0.632° | D70: 2770 | E70: 58.3953 | G70: 40 | H70: 100 | I70: 40 | J70: 9.744 | K70: LH
A71: 69 | B71: ='Horizontal Curve List (ML)'!B71 -> 04°01'16" | C71: 1.094° | D71: 1600.0003 | E71: 42.2939 | G71: 70 | H71: 100 | I71: 80 | J71: 6.117 | K71: RH
A72: 70 | B72: ='Horizontal Curve List (ML)'!B72 -> 04°39'40" | C72: 1° | D72: 1750.0003 | E72: 72.3675 | G72: 70 | H72: 100 | I72: 70 | J72: 8.736 | K72: RH
A73: 71 | B73: ='Horizontal Curve List (ML)'!B73 -> 03°15'59" | C73: 0.875° | D73: 2000 | E73: 54.0225 | G73: 60 | H73: 100 | I73: 60 | J73: 8.894 | K73: RH
A74: 72 | B74: ='Horizontal Curve List (ML)'!B74 -> 11°40'25" | C74: 1° | D74: 1750.0003 | E74: 286.5502 | G74: 70 | H74: 100 | I74: 70 | J74: 8.736 | K74: RH
A75: 73 | B75: ='Horizontal Curve List (ML)'!B75 -> 65°35'05" | C75: 2.496° | D75: 701 | E75: 642.2538 | G75: 160 | H75: 100 | I75: 165 | J75: 31.845 | K75: LH
A76: 74 | B76: ='Horizontal Curve List (ML)'!B76 -> 108°49'30" | C76: 2.5° | D76: 700.08 | E76: 1169.5414 | G76: 160 | H76: 100 | I76: 165 | J76: 31.707 | K76: RH
A77: 75 | B77: ='Horizontal Curve List (ML)'!B77 -> 63°32'08" | C77: 2.5° | D77: 700 | E77: 616.2327 | G77: 160 | H77: 100 | I77: 165 | J77: 31.528 | K77: LH
A78: 76 | B78: ='Horizontal Curve List (ML)'!B78 -> 00°27'53" | C78: 0.175° | D78: 9999.9999 | E78: 51.1001 | G78: 30 | H78: 100 | I78: 10 | J78: 3.61 | K78: RH
A79: 77 | B79: ='Horizontal Curve List (ML)'!B79 -> 00°27'53" | C79: 0.175° | D79: 10000 | E79: 51.1001 | G79: 30 | H79: 100 | I79: 10 | J79: 3.61 | K79: LH
... A98: 96 | B98: ='Horizontal Curve List (ML)'!B98 -> 03°41'39" | C98: 1° | D98: 1750.0003 | E98: 42.8354 | G98: 70 | H98: 100 | I98: 70 | J98: 8.322 | K98: LH
A99: 97 | B99: ='Horizontal Curve List (ML)'!B99 -> 00°39'09" | C99: 0.175° | D99: 10000 | E99: 93.8696 | G99: 20 | H99: 100 | I99: 10 | J99: 3.53 | K99: RH | L99: New Shambhu
A100: 98 | B100: ='Horizontal Curve List (ML)'!B100 -> 01°14'50" | C100: 0.438° | D100: 4000 | E100: 57.0634 | G100: 30 | H100: 100 | I100: 30 | J100: 4.024 | K100: LH
A101: 99 | B101: ='Horizontal Curve List (ML)'!B101 -> 00°38'07" | C101: 0.25° | D101: 7000 | E101: 47.617 | G101: 30 | H101: 100 | I101: 10 | J101: 9.442 | K101: RH
A102: 100 | B102: ='Horizontal Curve List (ML)'!B102 -> 03°00'49" | C102: 1° | D102: 1750.0003 | E102: 22.0455 | G102: 70 | H102: 100 | I102: 70 | J102: 8.322 | K102: LH
A103: 101 | B103: ='Horizontal Curve List (ML)'!B103 -> 03°36'44" | C103: 0.5° | D103: 3500 | E103: 180.6645 | G103: 40 | H103: 100 | I103: 30 | J103: 9.005 | K103: RH
A104: 102 | B104: ='Horizontal Curve List (ML)'!B104 -> 00°35'42" | C104: 0.292° | D104: 5999.9999 | E104: 22.299 | G104: 40 | H104: 100 | I104: 20 | J104: 2.753 | K104: LH
A105: 103 | B105: ='Horizontal Curve List (ML)'!B105 -> 00°45'16" | C105: 0.35° | D105: 5000.0001 | E105: 25.8285 | G105: 40 | H105: 100 | I105: 20 | J105: 7.304 | K105: LH
A106: 104 | B106: ='Horizontal Curve List (ML)'!B106 -> 00°45'16" | C106: 0.35° | D106: 5000 | E106: 25.8285 | G106: 40 | H106: 100 | I106: 20 | J106: 7.304 | K106: RH
A107: 105 | B107: ='Horizontal Curve List (ML)'!B107 -> 00°32'21" | C107: 0.175° | D107: 10000 | E107: 74.0839 | G107: 20 | H107: 100 | I107: 10 | J107: 3.525 | K107: LH
A108: 106 | B108: ='Horizontal Curve List (ML)'!B108 -> 14°21'53" | C108: 2.188° | D108: 800 | E108: 60.5678 | G108: 140 | H108: 100 | I108: 165 | J108: 6.787 | K108: LH
A109: 107 | B109: ='Horizontal Curve List (ML)'!B109 -> 42°03'37" | C109: 2.5° | D109: 700.0069 | E109: 433.8668 | G109: 80 | H109: 100 | I109: 150 | J109: 45.915 | K109: RH
A110: 108 | B110: ='Horizontal Curve List (ML)'!B110 -> 32°25'13" | C110: 2.5° | D110: 700.0069 | E110: 316.091 | G110: 80 | H110: 100 | I110: 150 | J110: 45.904 | K110: LH
A111: 109 | B111: ='Horizontal Curve List (ML)'!B111 -> 08°50'12" | C111: 0.438° | D111: 4000 | E111: 586.9236 | G111: 30 | H111: 100 | I111: 30 | J111: 4.004 | K111: RH
... A129: 127 | B129: ='Horizontal Curve List (ML)'!B129 -> 01°34'18" | C129: 0.625° | D129: 2800 | E129: 36.8013 | G129: 40 | H129: 100 | I129: 40 | J129: 9.143 | K129: LH
A130: 128 | B130: ='Horizontal Curve List (ML)'!B130 -> 01°49'49" | C130: 0.5° | D130: 3500 | E130: 71.7977 | F130: 75.904 | G130: 40 | H130: 100 | I130: 30 | J130: 9.314 | K130: RH
A131: 129 | B131: ='Horizontal Curve List (ML)'!B131 -> 00°01'38" | C131: 0.021° | D131: 85000.049 | E131: 20.5078 | G131: 20 | H131: 100 | I131: 10 | J131: 8.381 | K131: RH
A132: 130 | B132: ='Horizontal Curve List (ML)'!B132 -> 00°02'22" | C132: 0.029° | D132: 60000.045 | E132: 21.2799 | G132: 20 | H132: 100 | I132: 10 | J132: 7.707 | K132: RH
A133: 131 | B133: ='Horizontal Curve List (ML)'!B133 -> 00°16'27" | C133: 0.146° | D133: 12000 | E133: 37.4435 | G133: 20 | H133: 100 | I133: 10 | J133: 1.467 | K133: LH
A134: 132 | B134: ='Horizontal Curve List (ML)'!B134 -> 00°05'08" | C134: 0.044° | D134: 39999.999 | E134: 39.8246 | G134: 20 | H134: 100 | I134: 10 | J134: 6.56 | K134: RH
A135: 133 | B135: ='Horizontal Curve List (ML)'!B135 -> 03°15'15" | C135: 0.219° | D135: 8000 | E135: 434.3787 | G135: 20 | H135: 100 | I135: 20 | J135: 2.8 | K135: LH
A136: 134 | B136: ='Horizontal Curve List (ML)'!B136 -> 00°04'44" | C136: 0.039° | D136: 45000.004 | E136: 21.9014 | G136: 40 | H136: 100 | I136: 10 | J136: 6.942 | K136: LH
A137: 135 | B137: ='Horizontal Curve List (ML)'!B137 -> 03°31'42" | C137: 0.493° | D137: 3550 | E137: 188.6181 | G137: 30 | H137: 100 | I137: 30 | J137: 8.761 | K137: RH
A138: 136 | B138: ='Horizontal Curve List (ML)'!B138 -> 48°10'00" | C138: 2.5° | D138: 700 | E138: 428.4652 | G138: 160 | H138: 100 | I138: 165 | J138: 31.54 | K138: RH
A139: 137 | B139: ='Horizontal Curve List (ML)'!B139 -> 128°38'45" | C139: 2.5° | D139: 700 | E139: 1411.7065 | G139: 160 | H139: 100 | I139: 165 | J139: 31.54 | K139: LH
A140: 138 | B140: ='Horizontal Curve List (ML)'!B140 -> 107°23'23" | C140: 2.5° | D140: 700.0069 | E140: 1232.0235 | G140: 80 | H140: 100 | I140: 150 | J140: 46.569 | K140: RH
A141: 139 | B141: ='Horizontal Curve List (ML)'!B141 -> 32°39'57" | C141: 2.489° | D141: 703 | E141: 240.7983 | G141: 160 | H141: 100 | I141: 165 | J141: 31.54 | K141: LH
A142: 140 | B142: ='Horizontal Curve List (ML)'!B142 -> 02°26'54" | C142: 0.625° | D142: 2800 | E142: 79.6485 | G142: 40 | H142: 100 | I142: 40 | J142: 9.143 | K142: RH
... A185: 183 | B185: ='Horizontal Curve List (ML)'!B185 -> 1° 1' 18.392" | C185: 1° | D185: 1750 | E185: 31.2084 | G185: 0 | H185: 30 | I185: 0 | J185: 7 | K185: RH
A186: DETAIL OF DFC CURVE (LINK LINE)
A187: CURVE NO. | B187: DEF.ANGLE | C187: DEGREE | D187: RADIUS(M) | E187: CCL(M) | F187: TTL/TL (M) | G187: TRL(M) | H187: SPEED (Vmax) | I187: Ca. (mm) | J187: Cd. (mm) | K187: Hand of Curve | L187: old Curve No. | M187: New Shambhu
A188: 103A | B188: 0° 45 ' 16" | C188: 0.35° | D188: 5000 | E188: 25.829 | F188: 52.9 | G188: 40 | H188: 100 | I188: 20 | J188: 7.52 | K188: LHS | L188: 99A
A189: 104A | B189: 0° 45 ' 15" | C189: 0.175° | D189: 10000 | E189: 111.657 | F189: 75.8 | G189: 20 | H189: 100 | I189: 10 | J189: 3.76 | K189: RHS | L189: 100A
A190: 104B | B190: 0° 34 ' 44" | C190: 0.292° | D190: 6000 | E190: 20.617 | F190: 50.3 | G190: 40 | H190: 100 | I190: 20 | J190: 2.933 | K190: RHS
A191: 105A | B191: 0° 38 ' 3" | C191: 0.175° | D191: 10000 | E191: 90.708 | F191: 65.4 | G191: 20 | H191: 100 | I191: 10 | J191: 3.76 | K191: LHS
B192: 1° 8 ' 24" | C192: 0.292° | D192: 6000 | E192: 99.369 | G192: 20 | H192: 100 | I192: 20 | J192: 2.933 | K192: RHS
B193: 3° 35 ' 34" | C193: 0.875° | D193: 2000 | E193: 65.416 | G193: 60 | H193: 100 | I193: 60 | J193: 8.8 | K193: LHS
B194: 3° 28 ' 50" | C194: 0.583° | D194: 3000 | E194: 142.242 | G194: 40 | H194: 100 | I194: 40 | J194: 5.867 | K194: RHS
B195: 1° 12 ' 48" | C195: 0.438° | D195: 4000 | E195: 54.707 | G195: 30 | H195: 100 | I195: 30 | J195: 4.4 | K195: LHS
B196: 1° 23 ' 9" | C196: 0.35° | D196: 5000 | E196: 90.936 | G196: 30 | H196: 100 | I196: 20 | J196: 7.52 | K196: RHS
B197: 1° 36 ' 3" | C197: 0.583° | D197: 3000 | E197: 43.811 | G197: 40 | H197: 100 | I197: 40 | J197: 5.867 | K197: RHS
B198: 1° 30 ' 34" | C198: 0.583° | D198: 3000 | E198: 29.031 | G198: 50 | H198: 100 | I198: 40 | J198: 21.156 | K198: LHS
B199: 4° 15 ' 39" | C199: 0.778° | D199: 2250 | E199: 107.328 | G199: 60 | H199: 100 | I199: 60 | J199: 8.8 | K199: RHS
B200: 5° 2 ' 57" | C200: 0.7° | D200: 2500 | E200: 170.311 | G200: 49.997 | H200: 100 | I200: 50 | J200: 5.04 | K200: LHS
B201: 2° 2 ' 14" | C201: 0.583° | D201: 3000 | E201: 66.664 | G201: 40 | H201: 100 | I201: 40 | J201: 5.867 | K201: RHS
B202: 2° 58 ' 51" | C202: 0.875° | D202: 2000 | E202: 64.048 | G202: 40 | H202: 100 | I202: 60 | J202: 8.8 | K202: LHS
B203: 0° 12 ' 28" | C203: 0.088° | D203: 20000 | E203: 42.502 | G203: 30 | H203: 100 | I203: 10 | J203: -3.12 | K203: RHS
... B205: 1° 25 ' 40" | C205: 0.538° | D205: 3250 | E205: 60.987 | G205: 20 | H205: 100 | I205: 40 | J205: 2.338 | K205: LHS
